lot_id,api,model_family,feature_set,features,measured_delta_api_percent,lodo_predicted_delta_api_percent,absolute_error_percent,signed_error_percent,gpr_posterior_sd,outer_fold_selected_hyperparameters
DS01_01,Caffeine,OLS,FS-A_Chemistry_Core,"tpsa, xlogp, molecular_weight",-5.2217,-9.6110468218448,4.3893468218448,-4.3893468218448,,"{""label"": ""ordinary_least_squares""}"
DS01_09,Caffeine,OLS,FS-A_Chemistry_Core,"tpsa, xlogp, molecular_weight",-6.4128,-9.6110468218448,3.1982468218448004,-3.1982468218448004,,"{""label"": ""ordinary_least_squares""}"
DS01_15,Caffeine,OLS,FS-A_Chemistry_Core,"tpsa, xlogp, molecular_weight",-6.1704,-9.6110468218448,3.4406468218448003,-3.4406468218448003,,"{""label"": ""ordinary_least_squares""}"
DS01_24,Caffeine,OLS,FS-A_Chemistry_Core,"tpsa, xlogp, molecular_weight",-6.5923,-9.6110468218448,3.0187468218448004,-3.0187468218448004,,"{""label"": ""ordinary_least_squares""}"
DS01_16,Diazepam,OLS,FS-A_Chemistry_Core,"tpsa, xlogp, molecular_weight",-0.4246,0.9888583580560133,1.4134583580560132,1.4134583580560132,,"{""label"": ""ordinary_least_squares""}"
DS01_25,Diazepam,OLS,FS-A_Chemistry_Core,"tpsa, xlogp, molecular_weight",-1.7112,0.9888583580560133,2.7000583580560136,2.7000583580560136,,"{""label"": ""ordinary_least_squares""}"
DS01_02,Diphenhydramine,OLS,FS-A_Chemistry_Core,"tpsa, xlogp, molecular_weight",-1.4463,0.8256832630874174,2.2719832630874173,2.2719832630874173,,"{""label"": ""ordinary_least_squares""}"
DS01_03,Diphenhydramine,OLS,FS-A_Chemistry_Core,"tpsa, xlogp, molecular_weight",7.2511,0.8256832630874174,6.425416736912583,-6.425416736912583,,"{""label"": ""ordinary_least_squares""}"
DS01_12,Diphenhydramine,OLS,FS-A_Chemistry_Core,"tpsa, xlogp, molecular_weight",8.2707,0.8256832630874174,7.445016736912582,-7.445016736912582,,"{""label"": ""ordinary_least_squares""}"
DS01_17,Diphenhydramine,OLS,FS-A_Chemistry_Core,"tpsa, xlogp, molecular_weight",-1.1555,0.8256832630874174,1.9811832630874173,1.9811832630874173,,"{""label"": ""ordinary_least_squares""}"
DS01_18,Diphenhydramine,OLS,FS-A_Chemistry_Core,"tpsa, xlogp, molecular_weight",8.2789,0.8256832630874174,7.453216736912583,-7.453216736912583,,"{""label"": ""ordinary_least_squares""}"
DS01_26,Diphenhydramine,OLS,FS-A_Chemistry_Core,"tpsa, xlogp, molecular_weight",-0.8448,0.8256832630874174,1.6704832630874173,1.6704832630874173,,"{""label"": ""ordinary_least_squares""}"
DS01_27,Diphenhydramine,OLS,FS-A_Chemistry_Core,"tpsa, xlogp, molecular_weight",6.2433,0.8256832630874174,5.417616736912582,-5.417616736912582,,"{""label"": ""ordinary_least_squares""}"
DS01_04,Epinephrine,OLS,FS-A_Chemistry_Core,"tpsa, xlogp, molecular_weight",-12.2931,-8.525875717870917,3.7672242821290833,3.7672242821290833,,"{""label"": ""ordinary_least_squares""}"
DS01_11,Epinephrine,OLS,FS-A_Chemistry_Core,"tpsa, xlogp, molecular_weight",-11.1498,-8.525875717870917,2.6239242821290834,2.6239242821290834,,"{""label"": ""ordinary_least_squares""}"
DS01_19,Ketamine,OLS,FS-A_Chemistry_Core,"tpsa, xlogp, molecular_weight",-1.845,-0.5748849854163884,1.2701150145836115,1.2701150145836115,,"{""label"": ""ordinary_least_squares""}"
DS01_28,Ketamine,OLS,FS-A_Chemistry_Core,"tpsa, xlogp, molecular_weight",-2.9666,-0.5748849854163884,2.3917150145836117,2.3917150145836117,,"{""label"": ""ordinary_least_squares""}"
DS01_05,Lidocaine,OLS,FS-A_Chemistry_Core,"tpsa, xlogp, molecular_weight",-3.4518,-2.0936542919321512,1.3581457080678487,1.3581457080678487,,"{""label"": ""ordinary_least_squares""}"
DS01_13,Lidocaine,OLS,FS-A_Chemistry_Core,"tpsa, xlogp, molecular_weight",-2.8226,-2.0936542919321512,0.7289457080678488,0.7289457080678488,,"{""label"": ""ordinary_least_squares""}"
DS01_20,Lidocaine,OLS,FS-A_Chemistry_Core,"tpsa, xlogp, molecular_weight",-3.1665,-2.0936542919321512,1.0728457080678488,1.0728457080678488,,"{""label"": ""ordinary_least_squares""}"
DS01_29,Lidocaine,OLS,FS-A_Chemistry_Core,"tpsa, xlogp, molecular_weight",-2.8542,-2.0936542919321512,0.7605457080678488,0.7605457080678488,,"{""label"": ""ordinary_least_squares""}"
DS01_06,Naloxone,OLS,FS-A_Chemistry_Core,"tpsa, xlogp, molecular_weight",-3.4232,-9.971199491007969,6.547999491007969,-6.547999491007969,,"{""label"": ""ordinary_least_squares""}"
DS01_21,Naloxone,OLS,FS-A_Chemistry_Core,"tpsa, xlogp, molecular_weight",-3.4447,-9.971199491007969,6.526499491007969,-6.526499491007969,,"{""label"": ""ordinary_least_squares""}"
DS01_30,Naloxone,OLS,FS-A_Chemistry_Core,"tpsa, xlogp, molecular_weight",-3.47,-9.971199491007969,6.501199491007968,-6.501199491007968,,"{""label"": ""ordinary_least_squares""}"
DS01_07,Promethazine,OLS,FS-A_Chemistry_Core,"tpsa, xlogp, molecular_weight",-2.8931,-3.22276880067125,0.32966880067125004,-0.32966880067125004,,"{""label"": ""ordinary_least_squares""}"
DS01_08,Promethazine,OLS,FS-A_Chemistry_Core,"tpsa, xlogp, molecular_weight",-3.5853,-3.22276880067125,0.3625311993287501,0.3625311993287501,,"{""label"": ""ordinary_least_squares""}"
DS01_10,Promethazine,OLS,FS-A_Chemistry_Core,"tpsa, xlogp, molecular_weight",-3.7938,-3.22276880067125,0.57103119932875,0.57103119932875,,"{""label"": ""ordinary_least_squares""}"
DS01_14,Promethazine,OLS,FS-A_Chemistry_Core,"tpsa, xlogp, molecular_weight",-2.6185,-3.22276880067125,0.60426880067125,-0.60426880067125,,"{""label"": ""ordinary_least_squares""}"
DS01_22,Promethazine,OLS,FS-A_Chemistry_Core,"tpsa, xlogp, molecular_weight",-3.1686,-3.22276880067125,0.05416880067124996,-0.05416880067124996,,"{""label"": ""ordinary_least_squares""}"
DS01_23,Promethazine,OLS,FS-A_Chemistry_Core,"tpsa, xlogp, molecular_weight",-3.668,-3.22276880067125,0.4452311993287501,0.4452311993287501,,"{""label"": ""ordinary_least_squares""}"
DS01_31,Promethazine,OLS,FS-A_Chemistry_Core,"tpsa, xlogp, molecular_weight",-4.1719,-3.22276880067125,0.9491311993287499,0.9491311993287499,,"{""label"": ""ordinary_least_squares""}"
DS01_32,Promethazine,OLS,FS-A_Chemistry_Core,"tpsa, xlogp, molecular_weight",-4.1992,-3.22276880067125,0.9764311993287502,0.9764311993287502,,"{""label"": ""ordinary_least_squares""}"
DS01_01,Caffeine,Ridge,FS-A_Chemistry_Core,"tpsa, xlogp, molecular_weight",-5.2217,-9.513490883062577,4.291790883062577,-4.291790883062577,,"{""alpha"": 0.1}"
DS01_09,Caffeine,Ridge,FS-A_Chemistry_Core,"tpsa, xlogp, molecular_weight",-6.4128,-9.513490883062577,3.100690883062577,-3.100690883062577,,"{""alpha"": 0.1}"
DS01_15,Caffeine,Ridge,FS-A_Chemistry_Core,"tpsa, xlogp, molecular_weight",-6.1704,-9.513490883062577,3.343090883062577,-3.343090883062577,,"{""alpha"": 0.1}"
DS01_24,Caffeine,Ridge,FS-A_Chemistry_Core,"tpsa, xlogp, molecular_weight",-6.5923,-9.513490883062577,2.921190883062577,-2.921190883062577,,"{""alpha"": 0.1}"
DS01_16,Diazepam,Ridge,FS-A_Chemistry_Core,"tpsa, xlogp, molecular_weight",-0.4246,0.8669864149190305,1.2915864149190304,1.2915864149190304,,"{""alpha"": 0.1}"
DS01_25,Diazepam,Ridge,FS-A_Chemistry_Core,"tpsa, xlogp, molecular_weight",-1.7112,0.8669864149190305,2.5781864149190303,2.5781864149190303,,"{""alpha"": 0.1}"
DS01_02,Diphenhydramine,Ridge,FS-A_Chemistry_Core,"tpsa, xlogp, molecular_weight",-1.4463,-2.320052421119562,0.873752421119562,-0.873752421119562,,"{""alpha"": 10.0}"
DS01_03,Diphenhydramine,Ridge,FS-A_Chemistry_Core,"tpsa, xlogp, molecular_weight",7.2511,-2.320052421119562,9.571152421119562,-9.571152421119562,,"{""alpha"": 10.0}"
DS01_12,Diphenhydramine,Ridge,FS-A_Chemistry_Core,"tpsa, xlogp, molecular_weight",8.2707,-2.320052421119562,10.59075242111956,-10.59075242111956,,"{""alpha"": 10.0}"
DS01_17,Diphenhydramine,Ridge,FS-A_Chemistry_Core,"tpsa, xlogp, molecular_weight",-1.1555,-2.320052421119562,1.164552421119562,-1.164552421119562,,"{""alpha"": 10.0}"
DS01_18,Diphenhydramine,Ridge,FS-A_Chemistry_Core,"tpsa, xlogp, molecular_weight",8.2789,-2.320052421119562,10.598952421119563,-10.598952421119563,,"{""alpha"": 10.0}"
DS01_26,Diphenhydramine,Ridge,FS-A_Chemistry_Core,"tpsa, xlogp, molecular_weight",-0.8448,-2.320052421119562,1.475252421119562,-1.475252421119562,,"{""alpha"": 10.0}"
DS01_27,Diphenhydramine,Ridge,FS-A_Chemistry_Core,"tpsa, xlogp, molecular_weight",6.2433,-2.320052421119562,8.56335242111956,-8.56335242111956,,"{""alpha"": 10.0}"
DS01_04,Epinephrine,Ridge,FS-A_Chemistry_Core,"tpsa, xlogp, molecular_weight",-12.2931,-8.474924558403018,3.818175441596983,3.818175441596983,,"{""alpha"": 0.1}"
DS01_11,Epinephrine,Ridge,FS-A_Chemistry_Core,"tpsa, xlogp, molecular_weight",-11.1498,-8.474924558403018,2.674875441596983,2.674875441596983,,"{""alpha"": 0.1}"
DS01_19,Ketamine,Ridge,FS-A_Chemistry_Core,"tpsa, xlogp, molecular_weight",-1.845,-0.6261779689653022,1.2188220310346978,1.2188220310346978,,"{""alpha"": 0.1}"
DS01_28,Ketamine,Ridge,FS-A_Chemistry_Core,"tpsa, xlogp, molecular_weight",-2.9666,-0.6261779689653022,2.3404220310346977,2.3404220310346977,,"{""alpha"": 0.1}"
DS01_05,Lidocaine,Ridge,FS-A_Chemistry_Core,"tpsa, xlogp, molecular_weight",-3.4518,-2.1830871606155156,1.2687128393844844,1.2687128393844844,,"{""alpha"": 10.0}"
DS01_13,Lidocaine,Ridge,FS-A_Chemistry_Core,"tpsa, xlogp, molecular_weight",-2.8226,-2.1830871606155156,0.6395128393844844,0.6395128393844844,,"{""alpha"": 10.0}"
DS01_20,Lidocaine,Ridge,FS-A_Chemistry_Core,"tpsa, xlogp, molecular_weight",-3.1665,-2.1830871606155156,0.9834128393844845,0.9834128393844845,,"{""alpha"": 10.0}"
DS01_29,Lidocaine,Ridge,FS-A_Chemistry_Core,"tpsa, xlogp, molecular_weight",-2.8542,-2.1830871606155156,0.6711128393844845,0.6711128393844845,,"{""alpha"": 10.0}"
DS01_06,Naloxone,Ridge,FS-A_Chemistry_Core,"tpsa, xlogp, molecular_weight",-3.4232,-10.329443839939058,6.906243839939059,-6.906243839939059,,"{""alpha"": 0.1}"
DS01_21,Naloxone,Ridge,FS-A_Chemistry_Core,"tpsa, xlogp, molecular_weight",-3.4447,-10.329443839939058,6.884743839939058,-6.884743839939058,,"{""alpha"": 0.1}"
DS01_30,Naloxone,Ridge,FS-A_Chemistry_Core,"tpsa, xlogp, molecular_weight",-3.47,-10.329443839939058,6.859443839939058,-6.859443839939058,,"{""alpha"": 0.1}"
DS01_07,Promethazine,Ridge,FS-A_Chemistry_Core,"tpsa, xlogp, molecular_weight",-2.8931,2.136552596801543,5.029652596801543,5.029652596801543,,"{""alpha"": 10.0}"
DS01_08,Promethazine,Ridge,FS-A_Chemistry_Core,"tpsa, xlogp, molecular_weight",-3.5853,2.136552596801543,5.7218525968015435,5.7218525968015435,,"{""alpha"": 10.0}"
DS01_10,Promethazine,Ridge,FS-A_Chemistry_Core,"tpsa, xlogp, molecular_weight",-3.7938,2.136552596801543,5.9303525968015425,5.9303525968015425,,"{""alpha"": 10.0}"
DS01_14,Promethazine,Ridge,FS-A_Chemistry_Core,"tpsa, xlogp, molecular_weight",-2.6185,2.136552596801543,4.7550525968015425,4.7550525968015425,,"{""alpha"": 10.0}"
DS01_22,Promethazine,Ridge,FS-A_Chemistry_Core,"tpsa, xlogp, molecular_weight",-3.1686,2.136552596801543,5.305152596801543,5.305152596801543,,"{""alpha"": 10.0}"
DS01_23,Promethazine,Ridge,FS-A_Chemistry_Core,"tpsa, xlogp, molecular_weight",-3.668,2.136552596801543,5.804552596801543,5.804552596801543,,"{""alpha"": 10.0}"
DS01_31,Promethazine,Ridge,FS-A_Chemistry_Core,"tpsa, xlogp, molecular_weight",-4.1719,2.136552596801543,6.308452596801542,6.308452596801542,,"{""alpha"": 10.0}"
DS01_32,Promethazine,Ridge,FS-A_Chemistry_Core,"tpsa, xlogp, molecular_weight",-4.1992,2.136552596801543,6.335752596801543,6.335752596801543,,"{""alpha"": 10.0}"
DS01_01,Caffeine,ElasticNet,FS-A_Chemistry_Core,"tpsa, xlogp, molecular_weight",-5.2217,-9.134368028973782,3.9126680289737816,-3.9126680289737816,,"{""alpha"": 0.05, ""l1_ratio"": 0.8}"
DS01_09,Caffeine,ElasticNet,FS-A_Chemistry_Core,"tpsa, xlogp, molecular_weight",-6.4128,-9.134368028973782,2.721568028973782,-2.721568028973782,,"{""alpha"": 0.05, ""l1_ratio"": 0.8}"
DS01_15,Caffeine,ElasticNet,FS-A_Chemistry_Core,"tpsa, xlogp, molecular_weight",-6.1704,-9.134368028973782,2.963968028973782,-2.963968028973782,,"{""alpha"": 0.05, ""l1_ratio"": 0.8}"
DS01_24,Caffeine,ElasticNet,FS-A_Chemistry_Core,"tpsa, xlogp, molecular_weight",-6.5923,-9.134368028973782,2.542068028973782,-2.542068028973782,,"{""alpha"": 0.05, ""l1_ratio"": 0.8}"
DS01_16,Diazepam,ElasticNet,FS-A_Chemistry_Core,"tpsa, xlogp, molecular_weight",-0.4246,0.37774455048235733,0.8023445504823573,0.8023445504823573,,"{""alpha"": 0.05, ""l1_ratio"": 0.8}"
DS01_25,Diazepam,ElasticNet,FS-A_Chemistry_Core,"tpsa, xlogp, molecular_weight",-1.7112,0.37774455048235733,2.088944550482357,2.088944550482357,,"{""alpha"": 0.05, ""l1_ratio"": 0.8}"
DS01_02,Diphenhydramine,ElasticNet,FS-A_Chemistry_Core,"tpsa, xlogp, molecular_weight",-1.4463,-1.8616945252332298,0.41539452523322984,-0.41539452523322984,,"{""alpha"": 0.2, ""l1_ratio"": 0.2}"
DS01_03,Diphenhydramine,ElasticNet,FS-A_Chemistry_Core,"tpsa, xlogp, molecular_weight",7.2511,-1.8616945252332298,9.11279452523323,-9.11279452523323,,"{""alpha"": 0.2, ""l1_ratio"": 0.2}"
DS01_12,Diphenhydramine,ElasticNet,FS-A_Chemistry_Core,"tpsa, xlogp, molecular_weight",8.2707,-1.8616945252332298,10.132394525233229,-10.132394525233229,,"{""alpha"": 0.2, ""l1_ratio"": 0.2}"
DS01_17,Diphenhydramine,ElasticNet,FS-A_Chemistry_Core,"tpsa, xlogp, molecular_weight",-1.1555,-1.8616945252332298,0.7061945252332298,-0.7061945252332298,,"{""alpha"": 0.2, ""l1_ratio"": 0.2}"
DS01_18,Diphenhydramine,ElasticNet,FS-A_Chemistry_Core,"tpsa, xlogp, molecular_weight",8.2789,-1.8616945252332298,10.14059452523323,-10.14059452523323,,"{""alpha"": 0.2, ""l1_ratio"": 0.2}"
DS01_26,Diphenhydramine,ElasticNet,FS-A_Chemistry_Core,"tpsa, xlogp, molecular_weight",-0.8448,-1.8616945252332298,1.0168945252332298,-1.0168945252332298,,"{""alpha"": 0.2, ""l1_ratio"": 0.2}"
DS01_27,Diphenhydramine,ElasticNet,FS-A_Chemistry_Core,"tpsa, xlogp, molecular_weight",6.2433,-1.8616945252332298,8.104994525233229,-8.104994525233229,,"{""alpha"": 0.2, ""l1_ratio"": 0.2}"
DS01_04,Epinephrine,ElasticNet,FS-A_Chemistry_Core,"tpsa, xlogp, molecular_weight",-12.2931,-8.006722923066821,4.28637707693318,4.28637707693318,,"{""alpha"": 0.05, ""l1_ratio"": 0.2}"
DS01_11,Epinephrine,ElasticNet,FS-A_Chemistry_Core,"tpsa, xlogp, molecular_weight",-11.1498,-8.006722923066821,3.1430770769331797,3.1430770769331797,,"{""alpha"": 0.05, ""l1_ratio"": 0.2}"
DS01_19,Ketamine,ElasticNet,FS-A_Chemistry_Core,"tpsa, xlogp, molecular_weight",-1.845,-0.8282660829644972,1.0167339170355028,1.0167339170355028,,"{""alpha"": 0.05, ""l1_ratio"": 0.8}"
DS01_28,Ketamine,ElasticNet,FS-A_Chemistry_Core,"tpsa, xlogp, molecular_weight",-2.9666,-0.8282660829644972,2.138333917035503,2.138333917035503,,"{""alpha"": 0.05, ""l1_ratio"": 0.8}"
DS01_05,Lidocaine,ElasticNet,FS-A_Chemistry_Core,"tpsa, xlogp, molecular_weight",-3.4518,-2.097563009895215,1.354236990104785,1.354236990104785,,"{""alpha"": 0.2, ""l1_ratio"": 0.2}"
DS01_13,Lidocaine,ElasticNet,FS-A_Chemistry_Core,"tpsa, xlogp, molecular_weight",-2.8226,-2.097563009895215,0.7250369901047851,0.7250369901047851,,"{""alpha"": 0.2, ""l1_ratio"": 0.2}"
DS01_20,Lidocaine,ElasticNet,FS-A_Chemistry_Core,"tpsa, xlogp, molecular_weight",-3.1665,-2.097563009895215,1.0689369901047852,1.0689369901047852,,"{""alpha"": 0.2, ""l1_ratio"": 0.2}"
DS01_29,Lidocaine,ElasticNet,FS-A_Chemistry_Core,"tpsa, xlogp, molecular_weight",-2.8542,-2.097563009895215,0.7566369901047851,0.7566369901047851,,"{""alpha"": 0.2, ""l1_ratio"": 0.2}"
DS01_06,Naloxone,ElasticNet,FS-A_Chemistry_Core,"tpsa, xlogp, molecular_weight",-3.4232,-12.041091895436164,8.617891895436165,-8.617891895436165,,"{""alpha"": 0.05, ""l1_ratio"": 0.8}"
DS01_21,Naloxone,ElasticNet,FS-A_Chemistry_Core,"tpsa, xlogp, molecular_weight",-3.4447,-12.041091895436164,8.596391895436163,-8.596391895436163,,"{""alpha"": 0.05, ""l1_ratio"": 0.8}"
DS01_30,Naloxone,ElasticNet,FS-A_Chemistry_Core,"tpsa, xlogp, molecular_weight",-3.47,-12.041091895436164,8.571091895436163,-8.571091895436163,,"{""alpha"": 0.05, ""l1_ratio"": 0.8}"
DS01_07,Promethazine,ElasticNet,FS-A_Chemistry_Core,"tpsa, xlogp, molecular_weight",-2.8931,2.4249521601806614,5.318052160180661,5.318052160180661,,"{""alpha"": 0.2, ""l1_ratio"": 0.2}"
DS01_08,Promethazine,ElasticNet,FS-A_Chemistry_Core,"tpsa, xlogp, molecular_weight",-3.5853,2.4249521601806614,6.010252160180661,6.010252160180661,,"{""alpha"": 0.2, ""l1_ratio"": 0.2}"
DS01_10,Promethazine,ElasticNet,FS-A_Chemistry_Core,"tpsa, xlogp, molecular_weight",-3.7938,2.4249521601806614,6.218752160180662,6.218752160180662,,"{""alpha"": 0.2, ""l1_ratio"": 0.2}"
DS01_14,Promethazine,ElasticNet,FS-A_Chemistry_Core,"tpsa, xlogp, molecular_weight",-2.6185,2.4249521601806614,5.043452160180662,5.043452160180662,,"{""alpha"": 0.2, ""l1_ratio"": 0.2}"
DS01_22,Promethazine,ElasticNet,FS-A_Chemistry_Core,"tpsa, xlogp, molecular_weight",-3.1686,2.4249521601806614,5.5935521601806615,5.5935521601806615,,"{""alpha"": 0.2, ""l1_ratio"": 0.2}"
DS01_23,Promethazine,ElasticNet,FS-A_Chemistry_Core,"tpsa, xlogp, molecular_weight",-3.668,2.4249521601806614,6.092952160180662,6.092952160180662,,"{""alpha"": 0.2, ""l1_ratio"": 0.2}"
DS01_31,Promethazine,ElasticNet,FS-A_Chemistry_Core,"tpsa, xlogp, molecular_weight",-4.1719,2.4249521601806614,6.596852160180662,6.596852160180662,,"{""alpha"": 0.2, ""l1_ratio"": 0.2}"
DS01_32,Promethazine,ElasticNet,FS-A_Chemistry_Core,"tpsa, xlogp, molecular_weight",-4.1992,2.4249521601806614,6.624152160180662,6.624152160180662,,"{""alpha"": 0.2, ""l1_ratio"": 0.2}"
DS01_01,Caffeine,PLS,FS-A_Chemistry_Core,"tpsa, xlogp, molecular_weight",-5.2217,-8.060549062217211,2.8388490622172107,-2.8388490622172107,,"{""n_components"": 1}"
DS01_09,Caffeine,PLS,FS-A_Chemistry_Core,"tpsa, xlogp, molecular_weight",-6.4128,-8.060549062217211,1.647749062217211,-1.647749062217211,,"{""n_components"": 1}"
DS01_15,Caffeine,PLS,FS-A_Chemistry_Core,"tpsa, xlogp, molecular_weight",-6.1704,-8.060549062217211,1.890149062217211,-1.890149062217211,,"{""n_components"": 1}"
DS01_24,Caffeine,PLS,FS-A_Chemistry_Core,"tpsa, xlogp, molecular_weight",-6.5923,-8.060549062217211,1.468249062217211,-1.468249062217211,,"{""n_components"": 1}"
DS01_16,Diazepam,PLS,FS-A_Chemistry_Core,"tpsa, xlogp, molecular_weight",-0.4246,-1.2910071346568035,0.8664071346568035,-0.8664071346568035,,"{""n_components"": 1}"
DS01_25,Diazepam,PLS,FS-A_Chemistry_Core,"tpsa, xlogp, molecular_weight",-1.7112,-1.2910071346568035,0.42019286534319655,0.42019286534319655,,"{""n_components"": 1}"
DS01_02,Diphenhydramine,PLS,FS-A_Chemistry_Core,"tpsa, xlogp, molecular_weight",-1.4463,-2.3314271004809917,0.8851271004809917,-0.8851271004809917,,"{""n_components"": 1}"
DS01_03,Diphenhydramine,PLS,FS-A_Chemistry_Core,"tpsa, xlogp, molecular_weight",7.2511,-2.3314271004809917,9.582527100480991,-9.582527100480991,,"{""n_components"": 1}"
DS01_12,Diphenhydramine,PLS,FS-A_Chemistry_Core,"tpsa, xlogp, molecular_weight",8.2707,-2.3314271004809917,10.602127100480992,-10.602127100480992,,"{""n_components"": 1}"
DS01_17,Diphenhydramine,PLS,FS-A_Chemistry_Core,"tpsa, xlogp, molecular_weight",-1.1555,-2.3314271004809917,1.1759271004809917,-1.1759271004809917,,"{""n_components"": 1}"
DS01_18,Diphenhydramine,PLS,FS-A_Chemistry_Core,"tpsa, xlogp, molecular_weight",8.2789,-2.3314271004809917,10.610327100480992,-10.610327100480992,,"{""n_components"": 1}"
DS01_26,Diphenhydramine,PLS,FS-A_Chemistry_Core,"tpsa, xlogp, molecular_weight",-0.8448,-2.3314271004809917,1.4866271004809917,-1.4866271004809917,,"{""n_components"": 1}"
DS01_27,Diphenhydramine,PLS,FS-A_Chemistry_Core,"tpsa, xlogp, molecular_weight",6.2433,-2.3314271004809917,8.574727100480992,-8.574727100480992,,"{""n_components"": 1}"
DS01_04,Epinephrine,PLS,FS-A_Chemistry_Core,"tpsa, xlogp, molecular_weight",-12.2931,-8.415386675937981,3.87771332406202,3.87771332406202,,"{""n_components"": 1}"
DS01_11,Epinephrine,PLS,FS-A_Chemistry_Core,"tpsa, xlogp, molecular_weight",-11.1498,-8.415386675937981,2.73441332406202,2.73441332406202,,"{""n_components"": 1}"
DS01_19,Ketamine,PLS,FS-A_Chemistry_Core,"tpsa, xlogp, molecular_weight",-1.845,-2.3731124449235024,0.5281124449235024,-0.5281124449235024,,"{""n_components"": 1}"
DS01_28,Ketamine,PLS,FS-A_Chemistry_Core,"tpsa, xlogp, molecular_weight",-2.9666,-2.3731124449235024,0.5934875550764978,0.5934875550764978,,"{""n_components"": 1}"
DS01_05,Lidocaine,PLS,FS-A_Chemistry_Core,"tpsa, xlogp, molecular_weight",-3.4518,-2.60062532156128,0.8511746784387202,0.8511746784387202,,"{""n_components"": 1}"
DS01_13,Lidocaine,PLS,FS-A_Chemistry_Core,"tpsa, xlogp, molecular_weight",-2.8226,-2.60062532156128,0.2219746784387202,0.2219746784387202,,"{""n_components"": 1}"
DS01_20,Lidocaine,PLS,FS-A_Chemistry_Core,"tpsa, xlogp, molecular_weight",-3.1665,-2.60062532156128,0.5658746784387203,0.5658746784387203,,"{""n_components"": 1}"
DS01_29,Lidocaine,PLS,FS-A_Chemistry_Core,"tpsa, xlogp, molecular_weight",-2.8542,-2.60062532156128,0.2535746784387203,0.2535746784387203,,"{""n_components"": 1}"
DS01_06,Naloxone,PLS,FS-A_Chemistry_Core,"tpsa, xlogp, molecular_weight",-3.4232,-14.357684371718843,10.934484371718844,-10.934484371718844,,"{""n_components"": 2}"
DS01_21,Naloxone,PLS,FS-A_Chemistry_Core,"tpsa, xlogp, molecular_weight",-3.4447,-14.357684371718843,10.912984371718842,-10.912984371718842,,"{""n_components"": 2}"
DS01_30,Naloxone,PLS,FS-A_Chemistry_Core,"tpsa, xlogp, molecular_weight",-3.47,-14.357684371718843,10.887684371718843,-10.887684371718843,,"{""n_components"": 2}"
DS01_07,Promethazine,PLS,FS-A_Chemistry_Core,"tpsa, xlogp, molecular_weight",-2.8931,3.3552706243635577,6.248370624363558,6.248370624363558,,"{""n_components"": 1}"
DS01_08,Promethazine,PLS,FS-A_Chemistry_Core,"tpsa, xlogp, molecular_weight",-3.5853,3.3552706243635577,6.940570624363557,6.940570624363557,,"{""n_components"": 1}"
DS01_10,Promethazine,PLS,FS-A_Chemistry_Core,"tpsa, xlogp, molecular_weight",-3.7938,3.3552706243635577,7.149070624363558,7.149070624363558,,"{""n_components"": 1}"
DS01_14,Promethazine,PLS,FS-A_Chemistry_Core,"tpsa, xlogp, molecular_weight",-2.6185,3.3552706243635577,5.973770624363558,5.973770624363558,,"{""n_components"": 1}"
DS01_22,Promethazine,PLS,FS-A_Chemistry_Core,"tpsa, xlogp, molecular_weight",-3.1686,3.3552706243635577,6.523870624363558,6.523870624363558,,"{""n_components"": 1}"
DS01_23,Promethazine,PLS,FS-A_Chemistry_Core,"tpsa, xlogp, molecular_weight",-3.668,3.3552706243635577,7.023270624363558,7.023270624363558,,"{""n_components"": 1}"
DS01_31,Promethazine,PLS,FS-A_Chemistry_Core,"tpsa, xlogp, molecular_weight",-4.1719,3.3552706243635577,7.527170624363558,7.527170624363558,,"{""n_components"": 1}"
DS01_32,Promethazine,PLS,FS-A_Chemistry_Core,"tpsa, xlogp, molecular_weight",-4.1992,3.3552706243635577,7.554470624363558,7.554470624363558,,"{""n_components"": 1}"
DS01_01,Caffeine,RandomForest,FS-A_Chemistry_Core,"tpsa, xlogp, molecular_weight",-5.2217,-4.035134737792762,1.186565262207238,1.186565262207238,,"{""max_depth"": 2, ""max_features"": ""sqrt"", ""min_samples_leaf"": 5, ""n_estimators"": 50}"
DS01_09,Caffeine,RandomForest,FS-A_Chemistry_Core,"tpsa, xlogp, molecular_weight",-6.4128,-4.035134737792762,2.3776652622072376,2.3776652622072376,,"{""max_depth"": 2, ""max_features"": ""sqrt"", ""min_samples_leaf"": 5, ""n_estimators"": 50}"
DS01_15,Caffeine,RandomForest,FS-A_Chemistry_Core,"tpsa, xlogp, molecular_weight",-6.1704,-4.035134737792762,2.1352652622072377,2.1352652622072377,,"{""max_depth"": 2, ""max_features"": ""sqrt"", ""min_samples_leaf"": 5, ""n_estimators"": 50}"
DS01_24,Caffeine,RandomForest,FS-A_Chemistry_Core,"tpsa, xlogp, molecular_weight",-6.5923,-4.035134737792762,2.5571652622072376,2.5571652622072376,,"{""max_depth"": 2, ""max_features"": ""sqrt"", ""min_samples_leaf"": 5, ""n_estimators"": 50}"
DS01_16,Diazepam,RandomForest,FS-A_Chemistry_Core,"tpsa, xlogp, molecular_weight",-0.4246,-1.9733249310746614,1.5487249310746614,-1.5487249310746614,,"{""max_depth"": 2, ""max_features"": ""sqrt"", ""min_samples_leaf"": 5, ""n_estimators"": 50}"
DS01_25,Diazepam,RandomForest,FS-A_Chemistry_Core,"tpsa, xlogp, molecular_weight",-1.7112,-1.9733249310746614,0.2621249310746614,-0.2621249310746614,,"{""max_depth"": 2, ""max_features"": ""sqrt"", ""min_samples_leaf"": 5, ""n_estimators"": 50}"
DS01_02,Diphenhydramine,RandomForest,FS-A_Chemistry_Core,"tpsa, xlogp, molecular_weight",-1.4463,-3.2458869811323443,1.7995869811323444,-1.7995869811323444,,"{""max_depth"": 2, ""max_features"": ""sqrt"", ""min_samples_leaf"": 5, ""n_estimators"": 50}"
DS01_03,Diphenhydramine,RandomForest,FS-A_Chemistry_Core,"tpsa, xlogp, molecular_weight",7.2511,-3.2458869811323443,10.496986981132345,-10.496986981132345,,"{""max_depth"": 2, ""max_features"": ""sqrt"", ""min_samples_leaf"": 5, ""n_estimators"": 50}"
DS01_12,Diphenhydramine,RandomForest,FS-A_Chemistry_Core,"tpsa, xlogp, molecular_weight",8.2707,-3.2458869811323443,11.516586981132344,-11.516586981132344,,"{""max_depth"": 2, ""max_features"": ""sqrt"", ""min_samples_leaf"": 5, ""n_estimators"": 50}"
DS01_17,Diphenhydramine,RandomForest,FS-A_Chemistry_Core,"tpsa, xlogp, molecular_weight",-1.1555,-3.2458869811323443,2.0903869811323443,-2.0903869811323443,,"{""max_depth"": 2, ""max_features"": ""sqrt"", ""min_samples_leaf"": 5, ""n_estimators"": 50}"
DS01_18,Diphenhydramine,RandomForest,FS-A_Chemistry_Core,"tpsa, xlogp, molecular_weight",8.2789,-3.2458869811323443,11.524786981132344,-11.524786981132344,,"{""max_depth"": 2, ""max_features"": ""sqrt"", ""min_samples_leaf"": 5, ""n_estimators"": 50}"
DS01_26,Diphenhydramine,RandomForest,FS-A_Chemistry_Core,"tpsa, xlogp, molecular_weight",-0.8448,-3.2458869811323443,2.4010869811323445,-2.4010869811323445,,"{""max_depth"": 2, ""max_features"": ""sqrt"", ""min_samples_leaf"": 5, ""n_estimators"": 50}"
DS01_27,Diphenhydramine,RandomForest,FS-A_Chemistry_Core,"tpsa, xlogp, molecular_weight",6.2433,-3.2458869811323443,9.489186981132343,-9.489186981132343,,"{""max_depth"": 2, ""max_features"": ""sqrt"", ""min_samples_leaf"": 5, ""n_estimators"": 50}"
DS01_04,Epinephrine,RandomForest,FS-A_Chemistry_Core,"tpsa, xlogp, molecular_weight",-12.2931,-3.942117684213009,8.350982315786991,8.350982315786991,,"{""max_depth"": 2, ""max_features"": ""sqrt"", ""min_samples_leaf"": 5, ""n_estimators"": 50}"
DS01_11,Epinephrine,RandomForest,FS-A_Chemistry_Core,"tpsa, xlogp, molecular_weight",-11.1498,-3.942117684213009,7.207682315786991,7.207682315786991,,"{""max_depth"": 2, ""max_features"": ""sqrt"", ""min_samples_leaf"": 5, ""n_estimators"": 50}"
DS01_19,Ketamine,RandomForest,FS-A_Chemistry_Core,"tpsa, xlogp, molecular_weight",-1.845,-3.555909774869611,1.710909774869611,-1.710909774869611,,"{""max_depth"": 1, ""max_features"": ""sqrt"", ""min_samples_leaf"": 5, ""n_estimators"": 50}"
DS01_28,Ketamine,RandomForest,FS-A_Chemistry_Core,"tpsa, xlogp, molecular_weight",-2.9666,-3.555909774869611,0.5893097748696108,-0.5893097748696108,,"{""max_depth"": 1, ""max_features"": ""sqrt"", ""min_samples_leaf"": 5, ""n_estimators"": 50}"
DS01_05,Lidocaine,RandomForest,FS-A_Chemistry_Core,"tpsa, xlogp, molecular_weight",-3.4518,-2.904017895832178,0.5477821041678221,0.5477821041678221,,"{""max_depth"": 2, ""max_features"": ""sqrt"", ""min_samples_leaf"": 5, ""n_estimators"": 50}"
DS01_13,Lidocaine,RandomForest,FS-A_Chemistry_Core,"tpsa, xlogp, molecular_weight",-2.8226,-2.904017895832178,0.08141789583217784,-0.08141789583217784,,"{""max_depth"": 2, ""max_features"": ""sqrt"", ""min_samples_leaf"": 5, ""n_estimators"": 50}"
DS01_20,Lidocaine,RandomForest,FS-A_Chemistry_Core,"tpsa, xlogp, molecular_weight",-3.1665,-2.904017895832178,0.26248210416782225,0.26248210416782225,,"{""max_depth"": 2, ""max_features"": ""sqrt"", ""min_samples_leaf"": 5, ""n_estimators"": 50}"
DS01_29,Lidocaine,RandomForest,FS-A_Chemistry_Core,"tpsa, xlogp, molecular_weight",-2.8542,-2.904017895832178,0.04981789583217777,-0.04981789583217777,,"{""max_depth"": 2, ""max_features"": ""sqrt"", ""min_samples_leaf"": 5, ""n_estimators"": 50}"
DS01_06,Naloxone,RandomForest,FS-A_Chemistry_Core,"tpsa, xlogp, molecular_weight",-3.4232,-3.3663723238786667,0.056827676121333326,0.056827676121333326,,"{""max_depth"": 2, ""max_features"": ""sqrt"", ""min_samples_leaf"": 5, ""n_estimators"": 50}"
DS01_21,Naloxone,RandomForest,FS-A_Chemistry_Core,"tpsa, xlogp, molecular_weight",-3.4447,-3.3663723238786667,0.0783276761213334,0.0783276761213334,,"{""max_depth"": 2, ""max_features"": ""sqrt"", ""min_samples_leaf"": 5, ""n_estimators"": 50}"
DS01_30,Naloxone,RandomForest,FS-A_Chemistry_Core,"tpsa, xlogp, molecular_weight",-3.47,-3.3663723238786667,0.1036276761213335,0.1036276761213335,,"{""max_depth"": 2, ""max_features"": ""sqrt"", ""min_samples_leaf"": 5, ""n_estimators"": 50}"
DS01_07,Promethazine,RandomForest,FS-A_Chemistry_Core,"tpsa, xlogp, molecular_weight",-2.8931,0.14098865696921753,3.0340886569692174,3.0340886569692174,,"{""max_depth"": 1, ""max_features"": ""sqrt"", ""min_samples_leaf"": 5, ""n_estimators"": 50}"
DS01_08,Promethazine,RandomForest,FS-A_Chemistry_Core,"tpsa, xlogp, molecular_weight",-3.5853,0.14098865696921753,3.7262886569692175,3.7262886569692175,,"{""max_depth"": 1, ""max_features"": ""sqrt"", ""min_samples_leaf"": 5, ""n_estimators"": 50}"
DS01_10,Promethazine,RandomForest,FS-A_Chemistry_Core,"tpsa, xlogp, molecular_weight",-3.7938,0.14098865696921753,3.9347886569692174,3.9347886569692174,,"{""max_depth"": 1, ""max_features"": ""sqrt"", ""min_samples_leaf"": 5, ""n_estimators"": 50}"
DS01_14,Promethazine,RandomForest,FS-A_Chemistry_Core,"tpsa, xlogp, molecular_weight",-2.6185,0.14098865696921753,2.7594886569692174,2.7594886569692174,,"{""max_depth"": 1, ""max_features"": ""sqrt"", ""min_samples_leaf"": 5, ""n_estimators"": 50}"
DS01_22,Promethazine,RandomForest,FS-A_Chemistry_Core,"tpsa, xlogp, molecular_weight",-3.1686,0.14098865696921753,3.3095886569692174,3.3095886569692174,,"{""max_depth"": 1, ""max_features"": ""sqrt"", ""min_samples_leaf"": 5, ""n_estimators"": 50}"
DS01_23,Promethazine,RandomForest,FS-A_Chemistry_Core,"tpsa, xlogp, molecular_weight",-3.668,0.14098865696921753,3.8089886569692175,3.8089886569692175,,"{""max_depth"": 1, ""max_features"": ""sqrt"", ""min_samples_leaf"": 5, ""n_estimators"": 50}"
DS01_31,Promethazine,RandomForest,FS-A_Chemistry_Core,"tpsa, xlogp, molecular_weight",-4.1719,0.14098865696921753,4.312888656969218,4.312888656969218,,"{""max_depth"": 1, ""max_features"": ""sqrt"", ""min_samples_leaf"": 5, ""n_estimators"": 50}"
DS01_32,Promethazine,RandomForest,FS-A_Chemistry_Core,"tpsa, xlogp, molecular_weight",-4.1992,0.14098865696921753,4.340188656969218,4.340188656969218,,"{""max_depth"": 1, ""max_features"": ""sqrt"", ""min_samples_leaf"": 5, ""n_estimators"": 50}"
DS01_01,Caffeine,GradientBoosting,FS-A_Chemistry_Core,"tpsa, xlogp, molecular_weight",-5.2217,-4.011285985889649,1.2104140141103512,1.2104140141103512,,"{""learning_rate"": 0.05, ""max_depth"": 1, ""min_samples_leaf"": 5, ""n_estimators"": 20}"
DS01_09,Caffeine,GradientBoosting,FS-A_Chemistry_Core,"tpsa, xlogp, molecular_weight",-6.4128,-4.011285985889649,2.401514014110351,2.401514014110351,,"{""learning_rate"": 0.05, ""max_depth"": 1, ""min_samples_leaf"": 5, ""n_estimators"": 20}"
DS01_15,Caffeine,GradientBoosting,FS-A_Chemistry_Core,"tpsa, xlogp, molecular_weight",-6.1704,-4.011285985889649,2.159114014110351,2.159114014110351,,"{""learning_rate"": 0.05, ""max_depth"": 1, ""min_samples_leaf"": 5, ""n_estimators"": 20}"
DS01_24,Caffeine,GradientBoosting,FS-A_Chemistry_Core,"tpsa, xlogp, molecular_weight",-6.5923,-4.011285985889649,2.581014014110351,2.581014014110351,,"{""learning_rate"": 0.05, ""max_depth"": 1, ""min_samples_leaf"": 5, ""n_estimators"": 20}"
DS01_16,Diazepam,GradientBoosting,FS-A_Chemistry_Core,"tpsa, xlogp, molecular_weight",-0.4246,-3.416978093886527,2.992378093886527,-2.992378093886527,,"{""learning_rate"": 0.05, ""max_depth"": 1, ""min_samples_leaf"": 5, ""n_estimators"": 20}"
DS01_25,Diazepam,GradientBoosting,FS-A_Chemistry_Core,"tpsa, xlogp, molecular_weight",-1.7112,-3.416978093886527,1.7057780938865268,-1.7057780938865268,,"{""learning_rate"": 0.05, ""max_depth"": 1, ""min_samples_leaf"": 5, ""n_estimators"": 20}"
DS01_02,Diphenhydramine,GradientBoosting,FS-A_Chemistry_Core,"tpsa, xlogp, molecular_weight",-1.4463,-3.186393143327143,1.740093143327143,-1.740093143327143,,"{""learning_rate"": 0.05, ""max_depth"": 1, ""min_samples_leaf"": 5, ""n_estimators"": 20}"
DS01_03,Diphenhydramine,GradientBoosting,FS-A_Chemistry_Core,"tpsa, xlogp, molecular_weight",7.2511,-3.186393143327143,10.437493143327142,-10.437493143327142,,"{""learning_rate"": 0.05, ""max_depth"": 1, ""min_samples_leaf"": 5, ""n_estimators"": 20}"
DS01_12,Diphenhydramine,GradientBoosting,FS-A_Chemistry_Core,"tpsa, xlogp, molecular_weight",8.2707,-3.186393143327143,11.457093143327143,-11.457093143327143,,"{""learning_rate"": 0.05, ""max_depth"": 1, ""min_samples_leaf"": 5, ""n_estimators"": 20}"
DS01_17,Diphenhydramine,GradientBoosting,FS-A_Chemistry_Core,"tpsa, xlogp, molecular_weight",-1.1555,-3.186393143327143,2.030893143327143,-2.030893143327143,,"{""learning_rate"": 0.05, ""max_depth"": 1, ""min_samples_leaf"": 5, ""n_estimators"": 20}"
DS01_18,Diphenhydramine,GradientBoosting,FS-A_Chemistry_Core,"tpsa, xlogp, molecular_weight",8.2789,-3.186393143327143,11.465293143327143,-11.465293143327143,,"{""learning_rate"": 0.05, ""max_depth"": 1, ""min_samples_leaf"": 5, ""n_estimators"": 20}"
DS01_26,Diphenhydramine,GradientBoosting,FS-A_Chemistry_Core,"tpsa, xlogp, molecular_weight",-0.8448,-3.186393143327143,2.3415931433271426,-2.3415931433271426,,"{""learning_rate"": 0.05, ""max_depth"": 1, ""min_samples_leaf"": 5, ""n_estimators"": 20}"
DS01_27,Diphenhydramine,GradientBoosting,FS-A_Chemistry_Core,"tpsa, xlogp, molecular_weight",6.2433,-3.186393143327143,9.429693143327142,-9.429693143327142,,"{""learning_rate"": 0.05, ""max_depth"": 1, ""min_samples_leaf"": 5, ""n_estimators"": 20}"
DS01_04,Epinephrine,GradientBoosting,FS-A_Chemistry_Core,"tpsa, xlogp, molecular_weight",-12.2931,-3.595135317251,8.697964682749001,8.697964682749001,,"{""learning_rate"": 0.05, ""max_depth"": 1, ""min_samples_leaf"": 5, ""n_estimators"": 20}"
DS01_11,Epinephrine,GradientBoosting,FS-A_Chemistry_Core,"tpsa, xlogp, molecular_weight",-11.1498,-3.595135317251,7.554664682749001,7.554664682749001,,"{""learning_rate"": 0.05, ""max_depth"": 1, ""min_samples_leaf"": 5, ""n_estimators"": 20}"
DS01_19,Ketamine,GradientBoosting,FS-A_Chemistry_Core,"tpsa, xlogp, molecular_weight",-1.845,-3.33215414555865,1.48715414555865,-1.48715414555865,,"{""learning_rate"": 0.05, ""max_depth"": 1, ""min_samples_leaf"": 5, ""n_estimators"": 20}"
DS01_28,Ketamine,GradientBoosting,FS-A_Chemistry_Core,"tpsa, xlogp, molecular_weight",-2.9666,-3.33215414555865,0.36555414555864996,-0.36555414555864996,,"{""learning_rate"": 0.05, ""max_depth"": 1, ""min_samples_leaf"": 5, ""n_estimators"": 20}"
DS01_05,Lidocaine,GradientBoosting,FS-A_Chemistry_Core,"tpsa, xlogp, molecular_weight",-3.4518,-3.2970244111189975,0.1547755888810025,0.1547755888810025,,"{""learning_rate"": 0.05, ""max_depth"": 1, ""min_samples_leaf"": 5, ""n_estimators"": 20}"
DS01_13,Lidocaine,GradientBoosting,FS-A_Chemistry_Core,"tpsa, xlogp, molecular_weight",-2.8226,-3.2970244111189975,0.47442441111899747,-0.47442441111899747,,"{""learning_rate"": 0.05, ""max_depth"": 1, ""min_samples_leaf"": 5, ""n_estimators"": 20}"
DS01_20,Lidocaine,GradientBoosting,FS-A_Chemistry_Core,"tpsa, xlogp, molecular_weight",-3.1665,-3.2970244111189975,0.13052441111899737,-0.13052441111899737,,"{""learning_rate"": 0.05, ""max_depth"": 1, ""min_samples_leaf"": 5, ""n_estimators"": 20}"
DS01_29,Lidocaine,GradientBoosting,FS-A_Chemistry_Core,"tpsa, xlogp, molecular_weight",-2.8542,-3.2970244111189975,0.4428244111189974,-0.4428244111189974,,"{""learning_rate"": 0.05, ""max_depth"": 1, ""min_samples_leaf"": 5, ""n_estimators"": 20}"
DS01_06,Naloxone,GradientBoosting,FS-A_Chemistry_Core,"tpsa, xlogp, molecular_weight",-3.4232,-4.098995058211586,0.6757950582115861,-0.6757950582115861,,"{""learning_rate"": 0.05, ""max_depth"": 1, ""min_samples_leaf"": 5, ""n_estimators"": 20}"
DS01_21,Naloxone,GradientBoosting,FS-A_Chemistry_Core,"tpsa, xlogp, molecular_weight",-3.4447,-4.098995058211586,0.6542950582115861,-0.6542950582115861,,"{""learning_rate"": 0.05, ""max_depth"": 1, ""min_samples_leaf"": 5, ""n_estimators"": 20}"
DS01_30,Naloxone,GradientBoosting,FS-A_Chemistry_Core,"tpsa, xlogp, molecular_weight",-3.47,-4.098995058211586,0.628995058211586,-0.628995058211586,,"{""learning_rate"": 0.05, ""max_depth"": 1, ""min_samples_leaf"": 5, ""n_estimators"": 20}"
DS01_07,Promethazine,GradientBoosting,FS-A_Chemistry_Core,"tpsa, xlogp, molecular_weight",-2.8931,-0.6459309779141577,2.2471690220858425,2.2471690220858425,,"{""learning_rate"": 0.05, ""max_depth"": 1, ""min_samples_leaf"": 5, ""n_estimators"": 40}"
DS01_08,Promethazine,GradientBoosting,FS-A_Chemistry_Core,"tpsa, xlogp, molecular_weight",-3.5853,-0.6459309779141577,2.9393690220858426,2.9393690220858426,,"{""learning_rate"": 0.05, ""max_depth"": 1, ""min_samples_leaf"": 5, ""n_estimators"": 40}"
DS01_10,Promethazine,GradientBoosting,FS-A_Chemistry_Core,"tpsa, xlogp, molecular_weight",-3.7938,-0.6459309779141577,3.1478690220858425,3.1478690220858425,,"{""learning_rate"": 0.05, ""max_depth"": 1, ""min_samples_leaf"": 5, ""n_estimators"": 40}"
DS01_14,Promethazine,GradientBoosting,FS-A_Chemistry_Core,"tpsa, xlogp, molecular_weight",-2.6185,-0.6459309779141577,1.9725690220858425,1.9725690220858425,,"{""learning_rate"": 0.05, ""max_depth"": 1, ""min_samples_leaf"": 5, ""n_estimators"": 40}"
DS01_22,Promethazine,GradientBoosting,FS-A_Chemistry_Core,"tpsa, xlogp, molecular_weight",-3.1686,-0.6459309779141577,2.5226690220858425,2.5226690220858425,,"{""learning_rate"": 0.05, ""max_depth"": 1, ""min_samples_leaf"": 5, ""n_estimators"": 40}"
DS01_23,Promethazine,GradientBoosting,FS-A_Chemistry_Core,"tpsa, xlogp, molecular_weight",-3.668,-0.6459309779141577,3.0220690220858426,3.0220690220858426,,"{""learning_rate"": 0.05, ""max_depth"": 1, ""min_samples_leaf"": 5, ""n_estimators"": 40}"
DS01_31,Promethazine,GradientBoosting,FS-A_Chemistry_Core,"tpsa, xlogp, molecular_weight",-4.1719,-0.6459309779141577,3.5259690220858424,3.5259690220858424,,"{""learning_rate"": 0.05, ""max_depth"": 1, ""min_samples_leaf"": 5, ""n_estimators"": 40}"
DS01_32,Promethazine,GradientBoosting,FS-A_Chemistry_Core,"tpsa, xlogp, molecular_weight",-4.1992,-0.6459309779141577,3.5532690220858427,3.5532690220858427,,"{""learning_rate"": 0.05, ""max_depth"": 1, ""min_samples_leaf"": 5, ""n_estimators"": 40}"
DS01_01,Caffeine,GPR,FS-A_Chemistry_Core,"tpsa, xlogp, molecular_weight",-5.2217,-4.582644046136715,0.6390559538632852,0.6390559538632852,5.073024377491925,"{""kernel"": ""RBF"", ""length_scale"": 0.75, ""noise"": 0.3}"
DS01_09,Caffeine,GPR,FS-A_Chemistry_Core,"tpsa, xlogp, molecular_weight",-6.4128,-4.582644046136715,1.8301559538632848,1.8301559538632848,5.073024377491925,"{""kernel"": ""RBF"", ""length_scale"": 0.75, ""noise"": 0.3}"
DS01_15,Caffeine,GPR,FS-A_Chemistry_Core,"tpsa, xlogp, molecular_weight",-6.1704,-4.582644046136715,1.5877559538632848,1.5877559538632848,5.073024377491925,"{""kernel"": ""RBF"", ""length_scale"": 0.75, ""noise"": 0.3}"
DS01_24,Caffeine,GPR,FS-A_Chemistry_Core,"tpsa, xlogp, molecular_weight",-6.5923,-4.582644046136715,2.0096559538632848,2.0096559538632848,5.073024377491925,"{""kernel"": ""RBF"", ""length_scale"": 0.75, ""noise"": 0.3}"
DS01_16,Diazepam,GPR,FS-A_Chemistry_Core,"tpsa, xlogp, molecular_weight",-0.4246,-2.1182709948552714,1.6936709948552715,-1.6936709948552715,4.769768275952283,"{""kernel"": ""RBF"", ""length_scale"": 0.75, ""noise"": 0.3}"
DS01_25,Diazepam,GPR,FS-A_Chemistry_Core,"tpsa, xlogp, molecular_weight",-1.7112,-2.1182709948552714,0.4070709948552713,-0.4070709948552713,4.769768275952283,"{""kernel"": ""RBF"", ""length_scale"": 0.75, ""noise"": 0.3}"
DS01_02,Diphenhydramine,GPR,FS-A_Chemistry_Core,"tpsa, xlogp, molecular_weight",-1.4463,-3.4879721277848073,2.0416721277848073,-2.0416721277848073,2.8685790475896527,"{""kernel"": ""RBF"", ""length_scale"": 0.75, ""noise"": 0.3}"
DS01_03,Diphenhydramine,GPR,FS-A_Chemistry_Core,"tpsa, xlogp, molecular_weight",7.2511,-3.4879721277848073,10.739072127784807,-10.739072127784807,2.8685790475896527,"{""kernel"": ""RBF"", ""length_scale"": 0.75, ""noise"": 0.3}"
DS01_12,Diphenhydramine,GPR,FS-A_Chemistry_Core,"tpsa, xlogp, molecular_weight",8.2707,-3.4879721277848073,11.758672127784807,-11.758672127784807,2.8685790475896527,"{""kernel"": ""RBF"", ""length_scale"": 0.75, ""noise"": 0.3}"
DS01_17,Diphenhydramine,GPR,FS-A_Chemistry_Core,"tpsa, xlogp, molecular_weight",-1.1555,-3.4879721277848073,2.3324721277848073,-2.3324721277848073,2.8685790475896527,"{""kernel"": ""RBF"", ""length_scale"": 0.75, ""noise"": 0.3}"
DS01_18,Diphenhydramine,GPR,FS-A_Chemistry_Core,"tpsa, xlogp, molecular_weight",8.2789,-3.4879721277848073,11.766872127784808,-11.766872127784808,2.8685790475896527,"{""kernel"": ""RBF"", ""length_scale"": 0.75, ""noise"": 0.3}"
DS01_26,Diphenhydramine,GPR,FS-A_Chemistry_Core,"tpsa, xlogp, molecular_weight",-0.8448,-3.4879721277848073,2.6431721277848075,-2.6431721277848075,2.8685790475896527,"{""kernel"": ""RBF"", ""length_scale"": 0.75, ""noise"": 0.3}"
DS01_27,Diphenhydramine,GPR,FS-A_Chemistry_Core,"tpsa, xlogp, molecular_weight",6.2433,-3.4879721277848073,9.731272127784807,-9.731272127784807,2.8685790475896527,"{""kernel"": ""RBF"", ""length_scale"": 0.75, ""noise"": 0.3}"
DS01_04,Epinephrine,GPR,FS-A_Chemistry_Core,"tpsa, xlogp, molecular_weight",-12.2931,-2.936671531757172,9.356428468242829,9.356428468242829,4.388211066265782,"{""kernel"": ""RBF"", ""length_scale"": 0.75, ""noise"": 0.3}"
DS01_11,Epinephrine,GPR,FS-A_Chemistry_Core,"tpsa, xlogp, molecular_weight",-11.1498,-2.936671531757172,8.213128468242829,8.213128468242829,4.388211066265782,"{""kernel"": ""RBF"", ""length_scale"": 0.75, ""noise"": 0.3}"
DS01_19,Ketamine,GPR,FS-A_Chemistry_Core,"tpsa, xlogp, molecular_weight",-1.845,-2.409629926730916,0.5646299267309158,-0.5646299267309158,3.255621497650611,"{""kernel"": ""Matern"", ""length_scale"": 0.75, ""noise"": 0.3}"
DS01_28,Ketamine,GPR,FS-A_Chemistry_Core,"tpsa, xlogp, molecular_weight",-2.9666,-2.409629926730916,0.5569700732690843,0.5569700732690843,3.255621497650611,"{""kernel"": ""Matern"", ""length_scale"": 0.75, ""noise"": 0.3}"
DS01_05,Lidocaine,GPR,FS-A_Chemistry_Core,"tpsa, xlogp, molecular_weight",-3.4518,-2.5837329642531035,0.8680670357468965,0.8680670357468965,3.3350587467604162,"{""kernel"": ""RBF"", ""length_scale"": 0.75, ""noise"": 0.3}"
DS01_13,Lidocaine,GPR,FS-A_Chemistry_Core,"tpsa, xlogp, molecular_weight",-2.8226,-2.5837329642531035,0.2388670357468965,0.2388670357468965,3.3350587467604162,"{""kernel"": ""RBF"", ""length_scale"": 0.75, ""noise"": 0.3}"
DS01_20,Lidocaine,GPR,FS-A_Chemistry_Core,"tpsa, xlogp, molecular_weight",-3.1665,-2.5837329642531035,0.5827670357468966,0.5827670357468966,3.3350587467604162,"{""kernel"": ""RBF"", ""length_scale"": 0.75, ""noise"": 0.3}"
DS01_29,Lidocaine,GPR,FS-A_Chemistry_Core,"tpsa, xlogp, molecular_weight",-2.8542,-2.5837329642531035,0.27046703574689657,0.27046703574689657,3.3350587467604162,"{""kernel"": ""RBF"", ""length_scale"": 0.75, ""noise"": 0.3}"
DS01_06,Naloxone,GPR,FS-A_Chemistry_Core,"tpsa, xlogp, molecular_weight",-3.4232,-2.7296472937807144,0.6935527062192857,0.6935527062192857,5.307894644296892,"{""kernel"": ""Matern"", ""length_scale"": 1.5, ""noise"": 0.3}"
DS01_21,Naloxone,GPR,FS-A_Chemistry_Core,"tpsa, xlogp, molecular_weight",-3.4447,-2.7296472937807144,0.7150527062192857,0.7150527062192857,5.307894644296892,"{""kernel"": ""Matern"", ""length_scale"": 1.5, ""noise"": 0.3}"
DS01_30,Naloxone,GPR,FS-A_Chemistry_Core,"tpsa, xlogp, molecular_weight",-3.47,-2.729647293780715,0.7403527062192854,0.7403527062192854,5.307894644296892,"{""kernel"": ""Matern"", ""length_scale"": 1.5, ""noise"": 0.3}"
DS01_07,Promethazine,GPR,FS-A_Chemistry_Core,"tpsa, xlogp, molecular_weight",-2.8931,-0.07326035935007447,2.8198396406499255,2.8198396406499255,5.004762113216127,"{""kernel"": ""Matern"", ""length_scale"": 1.5, ""noise"": 0.3}"
DS01_08,Promethazine,GPR,FS-A_Chemistry_Core,"tpsa, xlogp, molecular_weight",-3.5853,-0.07326035935007447,3.5120396406499257,3.5120396406499257,5.004762113216127,"{""kernel"": ""Matern"", ""length_scale"": 1.5, ""noise"": 0.3}"
DS01_10,Promethazine,GPR,FS-A_Chemistry_Core,"tpsa, xlogp, molecular_weight",-3.7938,-0.07326035935007447,3.7205396406499256,3.7205396406499256,5.004762113216127,"{""kernel"": ""Matern"", ""length_scale"": 1.5, ""noise"": 0.3}"
DS01_14,Promethazine,GPR,FS-A_Chemistry_Core,"tpsa, xlogp, molecular_weight",-2.6185,-0.07326035935007447,2.5452396406499256,2.5452396406499256,5.004762113216127,"{""kernel"": ""Matern"", ""length_scale"": 1.5, ""noise"": 0.3}"
DS01_22,Promethazine,GPR,FS-A_Chemistry_Core,"tpsa, xlogp, molecular_weight",-3.1686,-0.07326035935007447,3.0953396406499256,3.0953396406499256,5.004762113216127,"{""kernel"": ""Matern"", ""length_scale"": 1.5, ""noise"": 0.3}"
DS01_23,Promethazine,GPR,FS-A_Chemistry_Core,"tpsa, xlogp, molecular_weight",-3.668,-0.07326035935007447,3.5947396406499257,3.5947396406499257,5.004762113216127,"{""kernel"": ""Matern"", ""length_scale"": 1.5, ""noise"": 0.3}"
DS01_31,Promethazine,GPR,FS-A_Chemistry_Core,"tpsa, xlogp, molecular_weight",-4.1719,-0.07326035935007447,4.0986396406499255,4.0986396406499255,5.004762113216127,"{""kernel"": ""Matern"", ""length_scale"": 1.5, ""noise"": 0.3}"
DS01_32,Promethazine,GPR,FS-A_Chemistry_Core,"tpsa, xlogp, molecular_weight",-4.1992,-0.07326035935007447,4.125939640649926,4.125939640649926,5.004762113216127,"{""kernel"": ""Matern"", ""length_scale"": 1.5, ""noise"": 0.3}"
DS01_01,Caffeine,OLS,FS-B_Chemistry_Extended,"tpsa, xlogp, rotatable_bonds",-5.2217,-7.628252311291799,2.406552311291799,-2.406552311291799,,"{""label"": ""ordinary_least_squares""}"
DS01_09,Caffeine,OLS,FS-B_Chemistry_Extended,"tpsa, xlogp, rotatable_bonds",-6.4128,-7.628252311291799,1.2154523112917994,-1.2154523112917994,,"{""label"": ""ordinary_least_squares""}"
DS01_15,Caffeine,OLS,FS-B_Chemistry_Extended,"tpsa, xlogp, rotatable_bonds",-6.1704,-7.628252311291799,1.4578523112917994,-1.4578523112917994,,"{""label"": ""ordinary_least_squares""}"
DS01_24,Caffeine,OLS,FS-B_Chemistry_Extended,"tpsa, xlogp, rotatable_bonds",-6.5923,-7.628252311291799,1.0359523112917994,-1.0359523112917994,,"{""label"": ""ordinary_least_squares""}"
DS01_16,Diazepam,OLS,FS-B_Chemistry_Extended,"tpsa, xlogp, rotatable_bonds",-0.4246,-2.9914327930272404,2.5668327930272405,-2.5668327930272405,,"{""label"": ""ordinary_least_squares""}"
DS01_25,Diazepam,OLS,FS-B_Chemistry_Extended,"tpsa, xlogp, rotatable_bonds",-1.7112,-2.9914327930272404,1.2802327930272404,-1.2802327930272404,,"{""label"": ""ordinary_least_squares""}"
DS01_02,Diphenhydramine,OLS,FS-B_Chemistry_Extended,"tpsa, xlogp, rotatable_bonds",-1.4463,-3.0046795704766804,1.5583795704766805,-1.5583795704766805,,"{""label"": ""ordinary_least_squares""}"
DS01_03,Diphenhydramine,OLS,FS-B_Chemistry_Extended,"tpsa, xlogp, rotatable_bonds",7.2511,-3.0046795704766804,10.25577957047668,-10.25577957047668,,"{""label"": ""ordinary_least_squares""}"
DS01_12,Diphenhydramine,OLS,FS-B_Chemistry_Extended,"tpsa, xlogp, rotatable_bonds",8.2707,-3.0046795704766804,11.27537957047668,-11.27537957047668,,"{""label"": ""ordinary_least_squares""}"
DS01_17,Diphenhydramine,OLS,FS-B_Chemistry_Extended,"tpsa, xlogp, rotatable_bonds",-1.1555,-3.0046795704766804,1.8491795704766805,-1.8491795704766805,,"{""label"": ""ordinary_least_squares""}"
DS01_18,Diphenhydramine,OLS,FS-B_Chemistry_Extended,"tpsa, xlogp, rotatable_bonds",8.2789,-3.0046795704766804,11.28357957047668,-11.28357957047668,,"{""label"": ""ordinary_least_squares""}"
DS01_26,Diphenhydramine,OLS,FS-B_Chemistry_Extended,"tpsa, xlogp, rotatable_bonds",-0.8448,-3.0046795704766804,2.15987957047668,-2.15987957047668,,"{""label"": ""ordinary_least_squares""}"
DS01_27,Diphenhydramine,OLS,FS-B_Chemistry_Extended,"tpsa, xlogp, rotatable_bonds",6.2433,-3.0046795704766804,9.24797957047668,-9.24797957047668,,"{""label"": ""ordinary_least_squares""}"
DS01_04,Epinephrine,OLS,FS-B_Chemistry_Extended,"tpsa, xlogp, rotatable_bonds",-12.2931,-3.946570504645735,8.346529495354266,8.346529495354266,,"{""label"": ""ordinary_least_squares""}"
DS01_11,Epinephrine,OLS,FS-B_Chemistry_Extended,"tpsa, xlogp, rotatable_bonds",-11.1498,-3.946570504645735,7.203229495354266,7.203229495354266,,"{""label"": ""ordinary_least_squares""}"
DS01_19,Ketamine,OLS,FS-B_Chemistry_Extended,"tpsa, xlogp, rotatable_bonds",-1.845,-1.4216261591843924,0.4233738408156076,0.4233738408156076,,"{""label"": ""ordinary_least_squares""}"
DS01_28,Ketamine,OLS,FS-B_Chemistry_Extended,"tpsa, xlogp, rotatable_bonds",-2.9666,-1.4216261591843924,1.5449738408156077,1.5449738408156077,,"{""label"": ""ordinary_least_squares""}"
DS01_05,Lidocaine,OLS,FS-B_Chemistry_Extended,"tpsa, xlogp, rotatable_bonds",-3.4518,-0.5921672493475418,2.859632750652458,2.859632750652458,,"{""label"": ""ordinary_least_squares""}"
DS01_13,Lidocaine,OLS,FS-B_Chemistry_Extended,"tpsa, xlogp, rotatable_bonds",-2.8226,-0.5921672493475418,2.230432750652458,2.230432750652458,,"{""label"": ""ordinary_least_squares""}"
DS01_20,Lidocaine,OLS,FS-B_Chemistry_Extended,"tpsa, xlogp, rotatable_bonds",-3.1665,-0.5921672493475418,2.5743327506524585,2.5743327506524585,,"{""label"": ""ordinary_least_squares""}"
DS01_29,Lidocaine,OLS,FS-B_Chemistry_Extended,"tpsa, xlogp, rotatable_bonds",-2.8542,-0.5921672493475418,2.262032750652458,2.262032750652458,,"{""label"": ""ordinary_least_squares""}"
DS01_06,Naloxone,OLS,FS-B_Chemistry_Extended,"tpsa, xlogp, rotatable_bonds",-3.4232,-13.521705064616182,10.098505064616182,-10.098505064616182,,"{""label"": ""ordinary_least_squares""}"
DS01_21,Naloxone,OLS,FS-B_Chemistry_Extended,"tpsa, xlogp, rotatable_bonds",-3.4447,-13.521705064616182,10.07700506461618,-10.07700506461618,,"{""label"": ""ordinary_least_squares""}"
DS01_30,Naloxone,OLS,FS-B_Chemistry_Extended,"tpsa, xlogp, rotatable_bonds",-3.47,-13.521705064616182,10.051705064616181,-10.051705064616181,,"{""label"": ""ordinary_least_squares""}"
DS01_07,Promethazine,OLS,FS-B_Chemistry_Extended,"tpsa, xlogp, rotatable_bonds",-2.8931,3.7664542076247005,6.6595542076247005,6.6595542076247005,,"{""label"": ""ordinary_least_squares""}"
DS01_08,Promethazine,OLS,FS-B_Chemistry_Extended,"tpsa, xlogp, rotatable_bonds",-3.5853,3.7664542076247005,7.351754207624701,7.351754207624701,,"{""label"": ""ordinary_least_squares""}"
DS01_10,Promethazine,OLS,FS-B_Chemistry_Extended,"tpsa, xlogp, rotatable_bonds",-3.7938,3.7664542076247005,7.5602542076247,7.5602542076247,,"{""label"": ""ordinary_least_squares""}"
DS01_14,Promethazine,OLS,FS-B_Chemistry_Extended,"tpsa, xlogp, rotatable_bonds",-2.6185,3.7664542076247005,6.3849542076247,6.3849542076247,,"{""label"": ""ordinary_least_squares""}"
DS01_22,Promethazine,OLS,FS-B_Chemistry_Extended,"tpsa, xlogp, rotatable_bonds",-3.1686,3.7664542076247005,6.935054207624701,6.935054207624701,,"{""label"": ""ordinary_least_squares""}"
DS01_23,Promethazine,OLS,FS-B_Chemistry_Extended,"tpsa, xlogp, rotatable_bonds",-3.668,3.7664542076247005,7.4344542076247,7.4344542076247,,"{""label"": ""ordinary_least_squares""}"
DS01_31,Promethazine,OLS,FS-B_Chemistry_Extended,"tpsa, xlogp, rotatable_bonds",-4.1719,3.7664542076247005,7.9383542076247,7.9383542076247,,"{""label"": ""ordinary_least_squares""}"
DS01_32,Promethazine,OLS,FS-B_Chemistry_Extended,"tpsa, xlogp, rotatable_bonds",-4.1992,3.7664542076247005,7.9656542076247,7.9656542076247,,"{""label"": ""ordinary_least_squares""}"
DS01_01,Caffeine,Ridge,FS-B_Chemistry_Extended,"tpsa, xlogp, rotatable_bonds",-5.2217,-7.496576437096497,2.2748764370964967,-2.2748764370964967,,"{""alpha"": 10.0}"
DS01_09,Caffeine,Ridge,FS-B_Chemistry_Extended,"tpsa, xlogp, rotatable_bonds",-6.4128,-7.496576437096497,1.083776437096497,-1.083776437096497,,"{""alpha"": 10.0}"
DS01_15,Caffeine,Ridge,FS-B_Chemistry_Extended,"tpsa, xlogp, rotatable_bonds",-6.1704,-7.496576437096497,1.326176437096497,-1.326176437096497,,"{""alpha"": 10.0}"
DS01_24,Caffeine,Ridge,FS-B_Chemistry_Extended,"tpsa, xlogp, rotatable_bonds",-6.5923,-7.496576437096497,0.9042764370964971,-0.9042764370964971,,"{""alpha"": 10.0}"
DS01_16,Diazepam,Ridge,FS-B_Chemistry_Extended,"tpsa, xlogp, rotatable_bonds",-0.4246,-3.415379284337229,2.990779284337229,-2.990779284337229,,"{""alpha"": 10.0}"
DS01_25,Diazepam,Ridge,FS-B_Chemistry_Extended,"tpsa, xlogp, rotatable_bonds",-1.7112,-3.415379284337229,1.704179284337229,-1.704179284337229,,"{""alpha"": 10.0}"
DS01_02,Diphenhydramine,Ridge,FS-B_Chemistry_Extended,"tpsa, xlogp, rotatable_bonds",-1.4463,-2.8470006862334065,1.4007006862334066,-1.4007006862334066,,"{""alpha"": 10.0}"
DS01_03,Diphenhydramine,Ridge,FS-B_Chemistry_Extended,"tpsa, xlogp, rotatable_bonds",7.2511,-2.8470006862334065,10.098100686233407,-10.098100686233407,,"{""alpha"": 10.0}"
DS01_12,Diphenhydramine,Ridge,FS-B_Chemistry_Extended,"tpsa, xlogp, rotatable_bonds",8.2707,-2.8470006862334065,11.117700686233405,-11.117700686233405,,"{""alpha"": 10.0}"
DS01_17,Diphenhydramine,Ridge,FS-B_Chemistry_Extended,"tpsa, xlogp, rotatable_bonds",-1.1555,-2.8470006862334065,1.6915006862334065,-1.6915006862334065,,"{""alpha"": 10.0}"
DS01_18,Diphenhydramine,Ridge,FS-B_Chemistry_Extended,"tpsa, xlogp, rotatable_bonds",8.2789,-2.8470006862334065,11.125900686233408,-11.125900686233408,,"{""alpha"": 10.0}"
DS01_26,Diphenhydramine,Ridge,FS-B_Chemistry_Extended,"tpsa, xlogp, rotatable_bonds",-0.8448,-2.8470006862334065,2.0022006862334063,-2.0022006862334063,,"{""alpha"": 10.0}"
DS01_27,Diphenhydramine,Ridge,FS-B_Chemistry_Extended,"tpsa, xlogp, rotatable_bonds",6.2433,-2.8470006862334065,9.090300686233405,-9.090300686233405,,"{""alpha"": 10.0}"
DS01_04,Epinephrine,Ridge,FS-B_Chemistry_Extended,"tpsa, xlogp, rotatable_bonds",-12.2931,-4.212091781848203,8.081008218151798,8.081008218151798,,"{""alpha"": 10.0}"
DS01_11,Epinephrine,Ridge,FS-B_Chemistry_Extended,"tpsa, xlogp, rotatable_bonds",-11.1498,-4.212091781848203,6.937708218151798,6.937708218151798,,"{""alpha"": 10.0}"
DS01_19,Ketamine,Ridge,FS-B_Chemistry_Extended,"tpsa, xlogp, rotatable_bonds",-1.845,-2.429235205347355,0.584235205347355,-0.584235205347355,,"{""alpha"": 10.0}"
DS01_28,Ketamine,Ridge,FS-B_Chemistry_Extended,"tpsa, xlogp, rotatable_bonds",-2.9666,-2.429235205347355,0.5373647946526452,0.5373647946526452,,"{""alpha"": 10.0}"
DS01_05,Lidocaine,Ridge,FS-B_Chemistry_Extended,"tpsa, xlogp, rotatable_bonds",-3.4518,-0.8350319166529294,2.6167680833470706,2.6167680833470706,,"{""alpha"": 10.0}"
DS01_13,Lidocaine,Ridge,FS-B_Chemistry_Extended,"tpsa, xlogp, rotatable_bonds",-2.8226,-0.8350319166529294,1.9875680833470706,1.9875680833470706,,"{""alpha"": 10.0}"
DS01_20,Lidocaine,Ridge,FS-B_Chemistry_Extended,"tpsa, xlogp, rotatable_bonds",-3.1665,-0.8350319166529294,2.3314680833470707,2.3314680833470707,,"{""alpha"": 10.0}"
DS01_29,Lidocaine,Ridge,FS-B_Chemistry_Extended,"tpsa, xlogp, rotatable_bonds",-2.8542,-0.8350319166529294,2.0191680833470707,2.0191680833470707,,"{""alpha"": 10.0}"
DS01_06,Naloxone,Ridge,FS-B_Chemistry_Extended,"tpsa, xlogp, rotatable_bonds",-3.4232,-13.35148015815281,9.92828015815281,-9.92828015815281,,"{""alpha"": 0.1}"
DS01_21,Naloxone,Ridge,FS-B_Chemistry_Extended,"tpsa, xlogp, rotatable_bonds",-3.4447,-13.35148015815281,9.90678015815281,-9.90678015815281,,"{""alpha"": 0.1}"
DS01_30,Naloxone,Ridge,FS-B_Chemistry_Extended,"tpsa, xlogp, rotatable_bonds",-3.47,-13.35148015815281,9.88148015815281,-9.88148015815281,,"{""alpha"": 0.1}"
DS01_07,Promethazine,Ridge,FS-B_Chemistry_Extended,"tpsa, xlogp, rotatable_bonds",-2.8931,1.9100595783064755,4.8031595783064756,4.8031595783064756,,"{""alpha"": 10.0}"
DS01_08,Promethazine,Ridge,FS-B_Chemistry_Extended,"tpsa, xlogp, rotatable_bonds",-3.5853,1.9100595783064755,5.495359578306475,5.495359578306475,,"{""alpha"": 10.0}"
DS01_10,Promethazine,Ridge,FS-B_Chemistry_Extended,"tpsa, xlogp, rotatable_bonds",-3.7938,1.9100595783064755,5.703859578306476,5.703859578306476,,"{""alpha"": 10.0}"
DS01_14,Promethazine,Ridge,FS-B_Chemistry_Extended,"tpsa, xlogp, rotatable_bonds",-2.6185,1.9100595783064755,4.528559578306476,4.528559578306476,,"{""alpha"": 10.0}"
DS01_22,Promethazine,Ridge,FS-B_Chemistry_Extended,"tpsa, xlogp, rotatable_bonds",-3.1686,1.9100595783064755,5.078659578306476,5.078659578306476,,"{""alpha"": 10.0}"
DS01_23,Promethazine,Ridge,FS-B_Chemistry_Extended,"tpsa, xlogp, rotatable_bonds",-3.668,1.9100595783064755,5.578059578306476,5.578059578306476,,"{""alpha"": 10.0}"
DS01_31,Promethazine,Ridge,FS-B_Chemistry_Extended,"tpsa, xlogp, rotatable_bonds",-4.1719,1.9100595783064755,6.081959578306476,6.081959578306476,,"{""alpha"": 10.0}"
DS01_32,Promethazine,Ridge,FS-B_Chemistry_Extended,"tpsa, xlogp, rotatable_bonds",-4.1992,1.9100595783064755,6.109259578306476,6.109259578306476,,"{""alpha"": 10.0}"
DS01_01,Caffeine,ElasticNet,FS-B_Chemistry_Extended,"tpsa, xlogp, rotatable_bonds",-5.2217,-7.652895694326658,2.431195694326658,-2.431195694326658,,"{""alpha"": 0.2, ""l1_ratio"": 0.2}"
DS01_09,Caffeine,ElasticNet,FS-B_Chemistry_Extended,"tpsa, xlogp, rotatable_bonds",-6.4128,-7.652895694326658,1.2400956943266586,-1.2400956943266586,,"{""alpha"": 0.2, ""l1_ratio"": 0.2}"
DS01_15,Caffeine,ElasticNet,FS-B_Chemistry_Extended,"tpsa, xlogp, rotatable_bonds",-6.1704,-7.652895694326658,1.4824956943266585,-1.4824956943266585,,"{""alpha"": 0.2, ""l1_ratio"": 0.2}"
DS01_24,Caffeine,ElasticNet,FS-B_Chemistry_Extended,"tpsa, xlogp, rotatable_bonds",-6.5923,-7.652895694326658,1.0605956943266586,-1.0605956943266586,,"{""alpha"": 0.2, ""l1_ratio"": 0.2}"
DS01_16,Diazepam,ElasticNet,FS-B_Chemistry_Extended,"tpsa, xlogp, rotatable_bonds",-0.4246,-3.339763937362912,2.9151639373629123,-2.9151639373629123,,"{""alpha"": 0.2, ""l1_ratio"": 0.2}"
DS01_25,Diazepam,ElasticNet,FS-B_Chemistry_Extended,"tpsa, xlogp, rotatable_bonds",-1.7112,-3.339763937362912,1.6285639373629122,-1.6285639373629122,,"{""alpha"": 0.2, ""l1_ratio"": 0.2}"
DS01_02,Diphenhydramine,ElasticNet,FS-B_Chemistry_Extended,"tpsa, xlogp, rotatable_bonds",-1.4463,-2.837786776786815,1.3914867767868149,-1.3914867767868149,,"{""alpha"": 0.2, ""l1_ratio"": 0.2}"
DS01_03,Diphenhydramine,ElasticNet,FS-B_Chemistry_Extended,"tpsa, xlogp, rotatable_bonds",7.2511,-2.837786776786815,10.088886776786815,-10.088886776786815,,"{""alpha"": 0.2, ""l1_ratio"": 0.2}"
DS01_12,Diphenhydramine,ElasticNet,FS-B_Chemistry_Extended,"tpsa, xlogp, rotatable_bonds",8.2707,-2.837786776786815,11.108486776786815,-11.108486776786815,,"{""alpha"": 0.2, ""l1_ratio"": 0.2}"
DS01_17,Diphenhydramine,ElasticNet,FS-B_Chemistry_Extended,"tpsa, xlogp, rotatable_bonds",-1.1555,-2.837786776786815,1.6822867767868148,-1.6822867767868148,,"{""alpha"": 0.2, ""l1_ratio"": 0.2}"
DS01_18,Diphenhydramine,ElasticNet,FS-B_Chemistry_Extended,"tpsa, xlogp, rotatable_bonds",8.2789,-2.837786776786815,11.116686776786814,-11.116686776786814,,"{""alpha"": 0.2, ""l1_ratio"": 0.2}"
DS01_26,Diphenhydramine,ElasticNet,FS-B_Chemistry_Extended,"tpsa, xlogp, rotatable_bonds",-0.8448,-2.837786776786815,1.9929867767868148,-1.9929867767868148,,"{""alpha"": 0.2, ""l1_ratio"": 0.2}"
DS01_27,Diphenhydramine,ElasticNet,FS-B_Chemistry_Extended,"tpsa, xlogp, rotatable_bonds",6.2433,-2.837786776786815,9.081086776786815,-9.081086776786815,,"{""alpha"": 0.2, ""l1_ratio"": 0.2}"
DS01_04,Epinephrine,ElasticNet,FS-B_Chemistry_Extended,"tpsa, xlogp, rotatable_bonds",-12.2931,-4.215658894787586,8.077441105212415,8.077441105212415,,"{""alpha"": 0.2, ""l1_ratio"": 0.2}"
DS01_11,Epinephrine,ElasticNet,FS-B_Chemistry_Extended,"tpsa, xlogp, rotatable_bonds",-11.1498,-4.215658894787586,6.934141105212415,6.934141105212415,,"{""alpha"": 0.2, ""l1_ratio"": 0.2}"
DS01_19,Ketamine,ElasticNet,FS-B_Chemistry_Extended,"tpsa, xlogp, rotatable_bonds",-1.845,-2.1621752385477713,0.3171752385477713,-0.3171752385477713,,"{""alpha"": 0.2, ""l1_ratio"": 0.2}"
DS01_28,Ketamine,ElasticNet,FS-B_Chemistry_Extended,"tpsa, xlogp, rotatable_bonds",-2.9666,-2.1621752385477713,0.8044247614522289,0.8044247614522289,,"{""alpha"": 0.2, ""l1_ratio"": 0.2}"
DS01_05,Lidocaine,ElasticNet,FS-B_Chemistry_Extended,"tpsa, xlogp, rotatable_bonds",-3.4518,-0.7045600828190577,2.7472399171809423,2.7472399171809423,,"{""alpha"": 0.2, ""l1_ratio"": 0.2}"
DS01_13,Lidocaine,ElasticNet,FS-B_Chemistry_Extended,"tpsa, xlogp, rotatable_bonds",-2.8226,-0.7045600828190577,2.1180399171809423,2.1180399171809423,,"{""alpha"": 0.2, ""l1_ratio"": 0.2}"
DS01_20,Lidocaine,ElasticNet,FS-B_Chemistry_Extended,"tpsa, xlogp, rotatable_bonds",-3.1665,-0.7045600828190577,2.4619399171809424,2.4619399171809424,,"{""alpha"": 0.2, ""l1_ratio"": 0.2}"
DS01_29,Lidocaine,ElasticNet,FS-B_Chemistry_Extended,"tpsa, xlogp, rotatable_bonds",-2.8542,-0.7045600828190577,2.1496399171809424,2.1496399171809424,,"{""alpha"": 0.2, ""l1_ratio"": 0.2}"
DS01_06,Naloxone,ElasticNet,FS-B_Chemistry_Extended,"tpsa, xlogp, rotatable_bonds",-3.4232,-12.525329955968564,9.102129955968564,-9.102129955968564,,"{""alpha"": 0.05, ""l1_ratio"": 0.8}"
DS01_21,Naloxone,ElasticNet,FS-B_Chemistry_Extended,"tpsa, xlogp, rotatable_bonds",-3.4447,-12.525329955968564,9.080629955968565,-9.080629955968565,,"{""alpha"": 0.05, ""l1_ratio"": 0.8}"
DS01_30,Naloxone,ElasticNet,FS-B_Chemistry_Extended,"tpsa, xlogp, rotatable_bonds",-3.47,-12.525329955968564,9.055329955968563,-9.055329955968563,,"{""alpha"": 0.05, ""l1_ratio"": 0.8}"
DS01_07,Promethazine,ElasticNet,FS-B_Chemistry_Extended,"tpsa, xlogp, rotatable_bonds",-2.8931,2.747828155468907,5.640928155468907,5.640928155468907,,"{""alpha"": 0.2, ""l1_ratio"": 0.2}"
DS01_08,Promethazine,ElasticNet,FS-B_Chemistry_Extended,"tpsa, xlogp, rotatable_bonds",-3.5853,2.747828155468907,6.333128155468907,6.333128155468907,,"{""alpha"": 0.2, ""l1_ratio"": 0.2}"
DS01_10,Promethazine,ElasticNet,FS-B_Chemistry_Extended,"tpsa, xlogp, rotatable_bonds",-3.7938,2.747828155468907,6.541628155468906,6.541628155468906,,"{""alpha"": 0.2, ""l1_ratio"": 0.2}"
DS01_14,Promethazine,ElasticNet,FS-B_Chemistry_Extended,"tpsa, xlogp, rotatable_bonds",-2.6185,2.747828155468907,5.366328155468906,5.366328155468906,,"{""alpha"": 0.2, ""l1_ratio"": 0.2}"
DS01_22,Promethazine,ElasticNet,FS-B_Chemistry_Extended,"tpsa, xlogp, rotatable_bonds",-3.1686,2.747828155468907,5.916428155468907,5.916428155468907,,"{""alpha"": 0.2, ""l1_ratio"": 0.2}"
DS01_23,Promethazine,ElasticNet,FS-B_Chemistry_Extended,"tpsa, xlogp, rotatable_bonds",-3.668,2.747828155468907,6.4158281554689065,6.4158281554689065,,"{""alpha"": 0.2, ""l1_ratio"": 0.2}"
DS01_31,Promethazine,ElasticNet,FS-B_Chemistry_Extended,"tpsa, xlogp, rotatable_bonds",-4.1719,2.747828155468907,6.919728155468906,6.919728155468906,,"{""alpha"": 0.2, ""l1_ratio"": 0.2}"
DS01_32,Promethazine,ElasticNet,FS-B_Chemistry_Extended,"tpsa, xlogp, rotatable_bonds",-4.1992,2.747828155468907,6.947028155468907,6.947028155468907,,"{""alpha"": 0.2, ""l1_ratio"": 0.2}"
DS01_01,Caffeine,PLS,FS-B_Chemistry_Extended,"tpsa, xlogp, rotatable_bonds",-5.2217,-9.008073787194425,3.7863737871944245,-3.7863737871944245,,"{""n_components"": 1}"
DS01_09,Caffeine,PLS,FS-B_Chemistry_Extended,"tpsa, xlogp, rotatable_bonds",-6.4128,-9.008073787194425,2.595273787194425,-2.595273787194425,,"{""n_components"": 1}"
DS01_15,Caffeine,PLS,FS-B_Chemistry_Extended,"tpsa, xlogp, rotatable_bonds",-6.1704,-9.008073787194425,2.837673787194425,-2.837673787194425,,"{""n_components"": 1}"
DS01_24,Caffeine,PLS,FS-B_Chemistry_Extended,"tpsa, xlogp, rotatable_bonds",-6.5923,-9.008073787194425,2.415773787194425,-2.415773787194425,,"{""n_components"": 1}"
DS01_16,Diazepam,PLS,FS-B_Chemistry_Extended,"tpsa, xlogp, rotatable_bonds",-0.4246,-3.6238852752924284,3.1992852752924286,-3.1992852752924286,,"{""n_components"": 1}"
DS01_25,Diazepam,PLS,FS-B_Chemistry_Extended,"tpsa, xlogp, rotatable_bonds",-1.7112,-3.6238852752924284,1.9126852752924284,-1.9126852752924284,,"{""n_components"": 1}"
DS01_02,Diphenhydramine,PLS,FS-B_Chemistry_Extended,"tpsa, xlogp, rotatable_bonds",-1.4463,-1.6427847136649856,0.19648471366498566,-0.19648471366498566,,"{""n_components"": 1}"
DS01_03,Diphenhydramine,PLS,FS-B_Chemistry_Extended,"tpsa, xlogp, rotatable_bonds",7.2511,-1.6427847136649856,8.893884713664985,-8.893884713664985,,"{""n_components"": 1}"
DS01_12,Diphenhydramine,PLS,FS-B_Chemistry_Extended,"tpsa, xlogp, rotatable_bonds",8.2707,-1.6427847136649856,9.913484713664985,-9.913484713664985,,"{""n_components"": 1}"
DS01_17,Diphenhydramine,PLS,FS-B_Chemistry_Extended,"tpsa, xlogp, rotatable_bonds",-1.1555,-1.6427847136649856,0.4872847136649856,-0.4872847136649856,,"{""n_components"": 1}"
DS01_18,Diphenhydramine,PLS,FS-B_Chemistry_Extended,"tpsa, xlogp, rotatable_bonds",8.2789,-1.6427847136649856,9.921684713664986,-9.921684713664986,,"{""n_components"": 1}"
DS01_26,Diphenhydramine,PLS,FS-B_Chemistry_Extended,"tpsa, xlogp, rotatable_bonds",-0.8448,-1.6427847136649856,0.7979847136649856,-0.7979847136649856,,"{""n_components"": 1}"
DS01_27,Diphenhydramine,PLS,FS-B_Chemistry_Extended,"tpsa, xlogp, rotatable_bonds",6.2433,-1.6427847136649856,7.886084713664985,-7.886084713664985,,"{""n_components"": 1}"
DS01_04,Epinephrine,PLS,FS-B_Chemistry_Extended,"tpsa, xlogp, rotatable_bonds",-12.2931,-6.0807586677459,6.212341332254101,6.212341332254101,,"{""n_components"": 1}"
DS01_11,Epinephrine,PLS,FS-B_Chemistry_Extended,"tpsa, xlogp, rotatable_bonds",-11.1498,-6.0807586677459,5.069041332254101,5.069041332254101,,"{""n_components"": 1}"
DS01_19,Ketamine,PLS,FS-B_Chemistry_Extended,"tpsa, xlogp, rotatable_bonds",-1.845,-2.8968873137852778,1.0518873137852778,-1.0518873137852778,,"{""n_components"": 1}"
DS01_28,Ketamine,PLS,FS-B_Chemistry_Extended,"tpsa, xlogp, rotatable_bonds",-2.9666,-2.8968873137852778,0.06971268621472237,0.06971268621472237,,"{""n_components"": 1}"
DS01_05,Lidocaine,PLS,FS-B_Chemistry_Extended,"tpsa, xlogp, rotatable_bonds",-3.4518,-0.7778774942028168,2.673922505797183,2.673922505797183,,"{""n_components"": 1}"
DS01_13,Lidocaine,PLS,FS-B_Chemistry_Extended,"tpsa, xlogp, rotatable_bonds",-2.8226,-0.7778774942028168,2.044722505797183,2.044722505797183,,"{""n_components"": 1}"
DS01_20,Lidocaine,PLS,FS-B_Chemistry_Extended,"tpsa, xlogp, rotatable_bonds",-3.1665,-0.7778774942028168,2.3886225057971835,2.3886225057971835,,"{""n_components"": 1}"
DS01_29,Lidocaine,PLS,FS-B_Chemistry_Extended,"tpsa, xlogp, rotatable_bonds",-2.8542,-0.7778774942028168,2.076322505797183,2.076322505797183,,"{""n_components"": 1}"
DS01_06,Naloxone,PLS,FS-B_Chemistry_Extended,"tpsa, xlogp, rotatable_bonds",-3.4232,-7.337143630244368,3.913943630244368,-3.913943630244368,,"{""n_components"": 1}"
DS01_21,Naloxone,PLS,FS-B_Chemistry_Extended,"tpsa, xlogp, rotatable_bonds",-3.4447,-7.337143630244368,3.892443630244368,-3.892443630244368,,"{""n_components"": 1}"
DS01_30,Naloxone,PLS,FS-B_Chemistry_Extended,"tpsa, xlogp, rotatable_bonds",-3.47,-7.337143630244368,3.867143630244368,-3.867143630244368,,"{""n_components"": 1}"
DS01_07,Promethazine,PLS,FS-B_Chemistry_Extended,"tpsa, xlogp, rotatable_bonds",-2.8931,1.579252583404354,4.472352583404354,4.472352583404354,,"{""n_components"": 1}"
DS01_08,Promethazine,PLS,FS-B_Chemistry_Extended,"tpsa, xlogp, rotatable_bonds",-3.5853,1.579252583404354,5.164552583404355,5.164552583404355,,"{""n_components"": 1}"
DS01_10,Promethazine,PLS,FS-B_Chemistry_Extended,"tpsa, xlogp, rotatable_bonds",-3.7938,1.579252583404354,5.373052583404354,5.373052583404354,,"{""n_components"": 1}"
DS01_14,Promethazine,PLS,FS-B_Chemistry_Extended,"tpsa, xlogp, rotatable_bonds",-2.6185,1.579252583404354,4.197752583404354,4.197752583404354,,"{""n_components"": 1}"
DS01_22,Promethazine,PLS,FS-B_Chemistry_Extended,"tpsa, xlogp, rotatable_bonds",-3.1686,1.579252583404354,4.747852583404354,4.747852583404354,,"{""n_components"": 1}"
DS01_23,Promethazine,PLS,FS-B_Chemistry_Extended,"tpsa, xlogp, rotatable_bonds",-3.668,1.579252583404354,5.247252583404354,5.247252583404354,,"{""n_components"": 1}"
DS01_31,Promethazine,PLS,FS-B_Chemistry_Extended,"tpsa, xlogp, rotatable_bonds",-4.1719,1.579252583404354,5.7511525834043535,5.7511525834043535,,"{""n_components"": 1}"
DS01_32,Promethazine,PLS,FS-B_Chemistry_Extended,"tpsa, xlogp, rotatable_bonds",-4.1992,1.579252583404354,5.778452583404354,5.778452583404354,,"{""n_components"": 1}"
DS01_01,Caffeine,RandomForest,FS-B_Chemistry_Extended,"tpsa, xlogp, rotatable_bonds",-5.2217,-4.392707740317515,0.8289922596824848,0.8289922596824848,,"{""max_depth"": 2, ""max_features"": ""sqrt"", ""min_samples_leaf"": 5, ""n_estimators"": 50}"
DS01_09,Caffeine,RandomForest,FS-B_Chemistry_Extended,"tpsa, xlogp, rotatable_bonds",-6.4128,-4.392707740317515,2.0200922596824844,2.0200922596824844,,"{""max_depth"": 2, ""max_features"": ""sqrt"", ""min_samples_leaf"": 5, ""n_estimators"": 50}"
DS01_15,Caffeine,RandomForest,FS-B_Chemistry_Extended,"tpsa, xlogp, rotatable_bonds",-6.1704,-4.392707740317515,1.7776922596824845,1.7776922596824845,,"{""max_depth"": 2, ""max_features"": ""sqrt"", ""min_samples_leaf"": 5, ""n_estimators"": 50}"
DS01_24,Caffeine,RandomForest,FS-B_Chemistry_Extended,"tpsa, xlogp, rotatable_bonds",-6.5923,-4.392707740317515,2.1995922596824844,2.1995922596824844,,"{""max_depth"": 2, ""max_features"": ""sqrt"", ""min_samples_leaf"": 5, ""n_estimators"": 50}"
DS01_16,Diazepam,RandomForest,FS-B_Chemistry_Extended,"tpsa, xlogp, rotatable_bonds",-0.4246,-2.867293161080431,2.442693161080431,-2.442693161080431,,"{""max_depth"": 2, ""max_features"": ""sqrt"", ""min_samples_leaf"": 5, ""n_estimators"": 50}"
DS01_25,Diazepam,RandomForest,FS-B_Chemistry_Extended,"tpsa, xlogp, rotatable_bonds",-1.7112,-2.867293161080431,1.1560931610804308,-1.1560931610804308,,"{""max_depth"": 2, ""max_features"": ""sqrt"", ""min_samples_leaf"": 5, ""n_estimators"": 50}"
DS01_02,Diphenhydramine,RandomForest,FS-B_Chemistry_Extended,"tpsa, xlogp, rotatable_bonds",-1.4463,-3.504665049110738,2.058365049110738,-2.058365049110738,,"{""max_depth"": 1, ""max_features"": ""sqrt"", ""min_samples_leaf"": 5, ""n_estimators"": 50}"
DS01_03,Diphenhydramine,RandomForest,FS-B_Chemistry_Extended,"tpsa, xlogp, rotatable_bonds",7.2511,-3.504665049110738,10.755765049110739,-10.755765049110739,,"{""max_depth"": 1, ""max_features"": ""sqrt"", ""min_samples_leaf"": 5, ""n_estimators"": 50}"
DS01_12,Diphenhydramine,RandomForest,FS-B_Chemistry_Extended,"tpsa, xlogp, rotatable_bonds",8.2707,-3.504665049110738,11.775365049110738,-11.775365049110738,,"{""max_depth"": 1, ""max_features"": ""sqrt"", ""min_samples_leaf"": 5, ""n_estimators"": 50}"
DS01_17,Diphenhydramine,RandomForest,FS-B_Chemistry_Extended,"tpsa, xlogp, rotatable_bonds",-1.1555,-3.504665049110738,2.349165049110738,-2.349165049110738,,"{""max_depth"": 1, ""max_features"": ""sqrt"", ""min_samples_leaf"": 5, ""n_estimators"": 50}"
DS01_18,Diphenhydramine,RandomForest,FS-B_Chemistry_Extended,"tpsa, xlogp, rotatable_bonds",8.2789,-3.504665049110738,11.783565049110738,-11.783565049110738,,"{""max_depth"": 1, ""max_features"": ""sqrt"", ""min_samples_leaf"": 5, ""n_estimators"": 50}"
DS01_26,Diphenhydramine,RandomForest,FS-B_Chemistry_Extended,"tpsa, xlogp, rotatable_bonds",-0.8448,-3.504665049110738,2.6598650491107376,-2.6598650491107376,,"{""max_depth"": 1, ""max_features"": ""sqrt"", ""min_samples_leaf"": 5, ""n_estimators"": 50}"
DS01_27,Diphenhydramine,RandomForest,FS-B_Chemistry_Extended,"tpsa, xlogp, rotatable_bonds",6.2433,-3.504665049110738,9.747965049110737,-9.747965049110737,,"{""max_depth"": 1, ""max_features"": ""sqrt"", ""min_samples_leaf"": 5, ""n_estimators"": 50}"
DS01_04,Epinephrine,RandomForest,FS-B_Chemistry_Extended,"tpsa, xlogp, rotatable_bonds",-12.2931,-3.8053891132250386,8.487710886774963,8.487710886774963,,"{""max_depth"": 1, ""max_features"": ""sqrt"", ""min_samples_leaf"": 5, ""n_estimators"": 50}"
DS01_11,Epinephrine,RandomForest,FS-B_Chemistry_Extended,"tpsa, xlogp, rotatable_bonds",-11.1498,-3.8053891132250386,7.344410886774963,7.344410886774963,,"{""max_depth"": 1, ""max_features"": ""sqrt"", ""min_samples_leaf"": 5, ""n_estimators"": 50}"
DS01_19,Ketamine,RandomForest,FS-B_Chemistry_Extended,"tpsa, xlogp, rotatable_bonds",-1.845,-3.3528569711017058,1.5078569711017058,-1.5078569711017058,,"{""max_depth"": 2, ""max_features"": ""sqrt"", ""min_samples_leaf"": 5, ""n_estimators"": 50}"
DS01_28,Ketamine,RandomForest,FS-B_Chemistry_Extended,"tpsa, xlogp, rotatable_bonds",-2.9666,-3.3528569711017058,0.38625697110170565,-0.38625697110170565,,"{""max_depth"": 2, ""max_features"": ""sqrt"", ""min_samples_leaf"": 5, ""n_estimators"": 50}"
DS01_05,Lidocaine,RandomForest,FS-B_Chemistry_Extended,"tpsa, xlogp, rotatable_bonds",-3.4518,-1.2389514841033238,2.212848515896676,2.212848515896676,,"{""max_depth"": 1, ""max_features"": ""sqrt"", ""min_samples_leaf"": 5, ""n_estimators"": 50}"
DS01_13,Lidocaine,RandomForest,FS-B_Chemistry_Extended,"tpsa, xlogp, rotatable_bonds",-2.8226,-1.2389514841033238,1.5836485158966762,1.5836485158966762,,"{""max_depth"": 1, ""max_features"": ""sqrt"", ""min_samples_leaf"": 5, ""n_estimators"": 50}"
DS01_20,Lidocaine,RandomForest,FS-B_Chemistry_Extended,"tpsa, xlogp, rotatable_bonds",-3.1665,-1.2389514841033238,1.9275485158966763,1.9275485158966763,,"{""max_depth"": 1, ""max_features"": ""sqrt"", ""min_samples_leaf"": 5, ""n_estimators"": 50}"
DS01_29,Lidocaine,RandomForest,FS-B_Chemistry_Extended,"tpsa, xlogp, rotatable_bonds",-2.8542,-1.2389514841033238,1.6152485158966763,1.6152485158966763,,"{""max_depth"": 1, ""max_features"": ""sqrt"", ""min_samples_leaf"": 5, ""n_estimators"": 50}"
DS01_06,Naloxone,RandomForest,FS-B_Chemistry_Extended,"tpsa, xlogp, rotatable_bonds",-3.4232,-4.955386761318747,1.5321867613187465,-1.5321867613187465,,"{""max_depth"": 2, ""max_features"": ""sqrt"", ""min_samples_leaf"": 5, ""n_estimators"": 50}"
DS01_21,Naloxone,RandomForest,FS-B_Chemistry_Extended,"tpsa, xlogp, rotatable_bonds",-3.4447,-4.955386761318747,1.5106867613187465,-1.5106867613187465,,"{""max_depth"": 2, ""max_features"": ""sqrt"", ""min_samples_leaf"": 5, ""n_estimators"": 50}"
DS01_30,Naloxone,RandomForest,FS-B_Chemistry_Extended,"tpsa, xlogp, rotatable_bonds",-3.47,-4.955386761318747,1.4853867613187464,-1.4853867613187464,,"{""max_depth"": 2, ""max_features"": ""sqrt"", ""min_samples_leaf"": 5, ""n_estimators"": 50}"
DS01_07,Promethazine,RandomForest,FS-B_Chemistry_Extended,"tpsa, xlogp, rotatable_bonds",-2.8931,-1.61090230745639,1.28219769254361,1.28219769254361,,"{""max_depth"": 2, ""max_features"": ""sqrt"", ""min_samples_leaf"": 5, ""n_estimators"": 50}"
DS01_08,Promethazine,RandomForest,FS-B_Chemistry_Extended,"tpsa, xlogp, rotatable_bonds",-3.5853,-1.61090230745639,1.9743976925436102,1.9743976925436102,,"{""max_depth"": 2, ""max_features"": ""sqrt"", ""min_samples_leaf"": 5, ""n_estimators"": 50}"
DS01_10,Promethazine,RandomForest,FS-B_Chemistry_Extended,"tpsa, xlogp, rotatable_bonds",-3.7938,-1.61090230745639,2.18289769254361,2.18289769254361,,"{""max_depth"": 2, ""max_features"": ""sqrt"", ""min_samples_leaf"": 5, ""n_estimators"": 50}"
DS01_14,Promethazine,RandomForest,FS-B_Chemistry_Extended,"tpsa, xlogp, rotatable_bonds",-2.6185,-1.61090230745639,1.00759769254361,1.00759769254361,,"{""max_depth"": 2, ""max_features"": ""sqrt"", ""min_samples_leaf"": 5, ""n_estimators"": 50}"
DS01_22,Promethazine,RandomForest,FS-B_Chemistry_Extended,"tpsa, xlogp, rotatable_bonds",-3.1686,-1.61090230745639,1.5576976925436101,1.5576976925436101,,"{""max_depth"": 2, ""max_features"": ""sqrt"", ""min_samples_leaf"": 5, ""n_estimators"": 50}"
DS01_23,Promethazine,RandomForest,FS-B_Chemistry_Extended,"tpsa, xlogp, rotatable_bonds",-3.668,-1.61090230745639,2.05709769254361,2.05709769254361,,"{""max_depth"": 2, ""max_features"": ""sqrt"", ""min_samples_leaf"": 5, ""n_estimators"": 50}"
DS01_31,Promethazine,RandomForest,FS-B_Chemistry_Extended,"tpsa, xlogp, rotatable_bonds",-4.1719,-1.61090230745639,2.56099769254361,2.56099769254361,,"{""max_depth"": 2, ""max_features"": ""sqrt"", ""min_samples_leaf"": 5, ""n_estimators"": 50}"
DS01_32,Promethazine,RandomForest,FS-B_Chemistry_Extended,"tpsa, xlogp, rotatable_bonds",-4.1992,-1.61090230745639,2.5882976925436103,2.5882976925436103,,"{""max_depth"": 2, ""max_features"": ""sqrt"", ""min_samples_leaf"": 5, ""n_estimators"": 50}"
DS01_01,Caffeine,GradientBoosting,FS-B_Chemistry_Extended,"tpsa, xlogp, rotatable_bonds",-5.2217,-4.011285985889649,1.2104140141103512,1.2104140141103512,,"{""learning_rate"": 0.05, ""max_depth"": 1, ""min_samples_leaf"": 5, ""n_estimators"": 20}"
DS01_09,Caffeine,GradientBoosting,FS-B_Chemistry_Extended,"tpsa, xlogp, rotatable_bonds",-6.4128,-4.011285985889649,2.401514014110351,2.401514014110351,,"{""learning_rate"": 0.05, ""max_depth"": 1, ""min_samples_leaf"": 5, ""n_estimators"": 20}"
DS01_15,Caffeine,GradientBoosting,FS-B_Chemistry_Extended,"tpsa, xlogp, rotatable_bonds",-6.1704,-4.011285985889649,2.159114014110351,2.159114014110351,,"{""learning_rate"": 0.05, ""max_depth"": 1, ""min_samples_leaf"": 5, ""n_estimators"": 20}"
DS01_24,Caffeine,GradientBoosting,FS-B_Chemistry_Extended,"tpsa, xlogp, rotatable_bonds",-6.5923,-4.011285985889649,2.581014014110351,2.581014014110351,,"{""learning_rate"": 0.05, ""max_depth"": 1, ""min_samples_leaf"": 5, ""n_estimators"": 20}"
DS01_16,Diazepam,GradientBoosting,FS-B_Chemistry_Extended,"tpsa, xlogp, rotatable_bonds",-0.4246,-3.416978093886527,2.992378093886527,-2.992378093886527,,"{""learning_rate"": 0.05, ""max_depth"": 1, ""min_samples_leaf"": 5, ""n_estimators"": 20}"
DS01_25,Diazepam,GradientBoosting,FS-B_Chemistry_Extended,"tpsa, xlogp, rotatable_bonds",-1.7112,-3.416978093886527,1.7057780938865268,-1.7057780938865268,,"{""learning_rate"": 0.05, ""max_depth"": 1, ""min_samples_leaf"": 5, ""n_estimators"": 20}"
DS01_02,Diphenhydramine,GradientBoosting,FS-B_Chemistry_Extended,"tpsa, xlogp, rotatable_bonds",-1.4463,-3.2526202384350125,1.8063202384350125,-1.8063202384350125,,"{""learning_rate"": 0.05, ""max_depth"": 1, ""min_samples_leaf"": 5, ""n_estimators"": 40}"
DS01_03,Diphenhydramine,GradientBoosting,FS-B_Chemistry_Extended,"tpsa, xlogp, rotatable_bonds",7.2511,-3.2526202384350125,10.503720238435012,-10.503720238435012,,"{""learning_rate"": 0.05, ""max_depth"": 1, ""min_samples_leaf"": 5, ""n_estimators"": 40}"
DS01_12,Diphenhydramine,GradientBoosting,FS-B_Chemistry_Extended,"tpsa, xlogp, rotatable_bonds",8.2707,-3.2526202384350125,11.523320238435012,-11.523320238435012,,"{""learning_rate"": 0.05, ""max_depth"": 1, ""min_samples_leaf"": 5, ""n_estimators"": 40}"
DS01_17,Diphenhydramine,GradientBoosting,FS-B_Chemistry_Extended,"tpsa, xlogp, rotatable_bonds",-1.1555,-3.2526202384350125,2.0971202384350125,-2.0971202384350125,,"{""learning_rate"": 0.05, ""max_depth"": 1, ""min_samples_leaf"": 5, ""n_estimators"": 40}"
DS01_18,Diphenhydramine,GradientBoosting,FS-B_Chemistry_Extended,"tpsa, xlogp, rotatable_bonds",8.2789,-3.2526202384350125,11.531520238435013,-11.531520238435013,,"{""learning_rate"": 0.05, ""max_depth"": 1, ""min_samples_leaf"": 5, ""n_estimators"": 40}"
DS01_26,Diphenhydramine,GradientBoosting,FS-B_Chemistry_Extended,"tpsa, xlogp, rotatable_bonds",-0.8448,-3.2526202384350125,2.4078202384350123,-2.4078202384350123,,"{""learning_rate"": 0.05, ""max_depth"": 1, ""min_samples_leaf"": 5, ""n_estimators"": 40}"
DS01_27,Diphenhydramine,GradientBoosting,FS-B_Chemistry_Extended,"tpsa, xlogp, rotatable_bonds",6.2433,-3.2526202384350125,9.495920238435012,-9.495920238435012,,"{""learning_rate"": 0.05, ""max_depth"": 1, ""min_samples_leaf"": 5, ""n_estimators"": 40}"
DS01_04,Epinephrine,GradientBoosting,FS-B_Chemistry_Extended,"tpsa, xlogp, rotatable_bonds",-12.2931,-3.595135317251,8.697964682749001,8.697964682749001,,"{""learning_rate"": 0.05, ""max_depth"": 1, ""min_samples_leaf"": 5, ""n_estimators"": 20}"
DS01_11,Epinephrine,GradientBoosting,FS-B_Chemistry_Extended,"tpsa, xlogp, rotatable_bonds",-11.1498,-3.595135317251,7.554664682749001,7.554664682749001,,"{""learning_rate"": 0.05, ""max_depth"": 1, ""min_samples_leaf"": 5, ""n_estimators"": 20}"
DS01_19,Ketamine,GradientBoosting,FS-B_Chemistry_Extended,"tpsa, xlogp, rotatable_bonds",-1.845,-3.33215414555865,1.48715414555865,-1.48715414555865,,"{""learning_rate"": 0.05, ""max_depth"": 1, ""min_samples_leaf"": 5, ""n_estimators"": 20}"
DS01_28,Ketamine,GradientBoosting,FS-B_Chemistry_Extended,"tpsa, xlogp, rotatable_bonds",-2.9666,-3.33215414555865,0.36555414555864996,-0.36555414555864996,,"{""learning_rate"": 0.05, ""max_depth"": 1, ""min_samples_leaf"": 5, ""n_estimators"": 20}"
DS01_05,Lidocaine,GradientBoosting,FS-B_Chemistry_Extended,"tpsa, xlogp, rotatable_bonds",-3.4518,-1.357842325537591,2.093957674462409,2.093957674462409,,"{""learning_rate"": 0.05, ""max_depth"": 1, ""min_samples_leaf"": 5, ""n_estimators"": 20}"
DS01_13,Lidocaine,GradientBoosting,FS-B_Chemistry_Extended,"tpsa, xlogp, rotatable_bonds",-2.8226,-1.357842325537591,1.464757674462409,1.464757674462409,,"{""learning_rate"": 0.05, ""max_depth"": 1, ""min_samples_leaf"": 5, ""n_estimators"": 20}"
DS01_20,Lidocaine,GradientBoosting,FS-B_Chemistry_Extended,"tpsa, xlogp, rotatable_bonds",-3.1665,-1.357842325537591,1.808657674462409,1.808657674462409,,"{""learning_rate"": 0.05, ""max_depth"": 1, ""min_samples_leaf"": 5, ""n_estimators"": 20}"
DS01_29,Lidocaine,GradientBoosting,FS-B_Chemistry_Extended,"tpsa, xlogp, rotatable_bonds",-2.8542,-1.357842325537591,1.496357674462409,1.496357674462409,,"{""learning_rate"": 0.05, ""max_depth"": 1, ""min_samples_leaf"": 5, ""n_estimators"": 20}"
DS01_06,Naloxone,GradientBoosting,FS-B_Chemistry_Extended,"tpsa, xlogp, rotatable_bonds",-3.4232,-3.8532764836540445,0.4300764836540445,-0.4300764836540445,,"{""learning_rate"": 0.05, ""max_depth"": 1, ""min_samples_leaf"": 5, ""n_estimators"": 20}"
DS01_21,Naloxone,GradientBoosting,FS-B_Chemistry_Extended,"tpsa, xlogp, rotatable_bonds",-3.4447,-3.8532764836540445,0.4085764836540444,-0.4085764836540444,,"{""learning_rate"": 0.05, ""max_depth"": 1, ""min_samples_leaf"": 5, ""n_estimators"": 20}"
DS01_30,Naloxone,GradientBoosting,FS-B_Chemistry_Extended,"tpsa, xlogp, rotatable_bonds",-3.47,-3.8532764836540445,0.3832764836540443,-0.3832764836540443,,"{""learning_rate"": 0.05, ""max_depth"": 1, ""min_samples_leaf"": 5, ""n_estimators"": 20}"
DS01_07,Promethazine,GradientBoosting,FS-B_Chemistry_Extended,"tpsa, xlogp, rotatable_bonds",-2.8931,-0.9931006359283807,1.8999993640716193,1.8999993640716193,,"{""learning_rate"": 0.05, ""max_depth"": 1, ""min_samples_leaf"": 5, ""n_estimators"": 20}"
DS01_08,Promethazine,GradientBoosting,FS-B_Chemistry_Extended,"tpsa, xlogp, rotatable_bonds",-3.5853,-0.9931006359283807,2.5921993640716194,2.5921993640716194,,"{""learning_rate"": 0.05, ""max_depth"": 1, ""min_samples_leaf"": 5, ""n_estimators"": 20}"
DS01_10,Promethazine,GradientBoosting,FS-B_Chemistry_Extended,"tpsa, xlogp, rotatable_bonds",-3.7938,-0.9931006359283807,2.8006993640716193,2.8006993640716193,,"{""learning_rate"": 0.05, ""max_depth"": 1, ""min_samples_leaf"": 5, ""n_estimators"": 20}"
DS01_14,Promethazine,GradientBoosting,FS-B_Chemistry_Extended,"tpsa, xlogp, rotatable_bonds",-2.6185,-0.9931006359283807,1.6253993640716193,1.6253993640716193,,"{""learning_rate"": 0.05, ""max_depth"": 1, ""min_samples_leaf"": 5, ""n_estimators"": 20}"
DS01_22,Promethazine,GradientBoosting,FS-B_Chemistry_Extended,"tpsa, xlogp, rotatable_bonds",-3.1686,-0.9931006359283807,2.1754993640716194,2.1754993640716194,,"{""learning_rate"": 0.05, ""max_depth"": 1, ""min_samples_leaf"": 5, ""n_estimators"": 20}"
DS01_23,Promethazine,GradientBoosting,FS-B_Chemistry_Extended,"tpsa, xlogp, rotatable_bonds",-3.668,-0.9931006359283807,2.6748993640716194,2.6748993640716194,,"{""learning_rate"": 0.05, ""max_depth"": 1, ""min_samples_leaf"": 5, ""n_estimators"": 20}"
DS01_31,Promethazine,GradientBoosting,FS-B_Chemistry_Extended,"tpsa, xlogp, rotatable_bonds",-4.1719,-0.9931006359283807,3.1787993640716192,3.1787993640716192,,"{""learning_rate"": 0.05, ""max_depth"": 1, ""min_samples_leaf"": 5, ""n_estimators"": 20}"
DS01_32,Promethazine,GradientBoosting,FS-B_Chemistry_Extended,"tpsa, xlogp, rotatable_bonds",-4.1992,-0.9931006359283807,3.2060993640716196,3.2060993640716196,,"{""learning_rate"": 0.05, ""max_depth"": 1, ""min_samples_leaf"": 5, ""n_estimators"": 20}"
DS01_01,Caffeine,GPR,FS-B_Chemistry_Extended,"tpsa, xlogp, rotatable_bonds",-5.2217,-2.3858846524809145,2.8358153475190857,2.8358153475190857,5.23050517307932,"{""kernel"": ""Matern"", ""length_scale"": 0.75, ""noise"": 0.3}"
DS01_09,Caffeine,GPR,FS-B_Chemistry_Extended,"tpsa, xlogp, rotatable_bonds",-6.4128,-2.3858846524809145,4.026915347519085,4.026915347519085,5.23050517307932,"{""kernel"": ""Matern"", ""length_scale"": 0.75, ""noise"": 0.3}"
DS01_15,Caffeine,GPR,FS-B_Chemistry_Extended,"tpsa, xlogp, rotatable_bonds",-6.1704,-2.3858846524809145,3.7845153475190854,3.7845153475190854,5.23050517307932,"{""kernel"": ""Matern"", ""length_scale"": 0.75, ""noise"": 0.3}"
DS01_24,Caffeine,GPR,FS-B_Chemistry_Extended,"tpsa, xlogp, rotatable_bonds",-6.5923,-2.3858846524809145,4.206415347519085,4.206415347519085,5.23050517307932,"{""kernel"": ""Matern"", ""length_scale"": 0.75, ""noise"": 0.3}"
DS01_16,Diazepam,GPR,FS-B_Chemistry_Extended,"tpsa, xlogp, rotatable_bonds",-0.4246,-2.668394056037989,2.243794056037989,-2.243794056037989,4.755804023874203,"{""kernel"": ""Matern"", ""length_scale"": 0.75, ""noise"": 0.3}"
DS01_25,Diazepam,GPR,FS-B_Chemistry_Extended,"tpsa, xlogp, rotatable_bonds",-1.7112,-2.668394056037989,0.957194056037989,-0.957194056037989,4.755804023874203,"{""kernel"": ""Matern"", ""length_scale"": 0.75, ""noise"": 0.3}"
DS01_02,Diphenhydramine,GPR,FS-B_Chemistry_Extended,"tpsa, xlogp, rotatable_bonds",-1.4463,-4.048660284175129,2.6023602841751288,-2.6023602841751288,2.9475426851688065,"{""kernel"": ""Matern"", ""length_scale"": 0.75, ""noise"": 0.3}"
DS01_03,Diphenhydramine,GPR,FS-B_Chemistry_Extended,"tpsa, xlogp, rotatable_bonds",7.2511,-4.048660284175129,11.299760284175129,-11.299760284175129,2.9475426851688065,"{""kernel"": ""Matern"", ""length_scale"": 0.75, ""noise"": 0.3}"
DS01_12,Diphenhydramine,GPR,FS-B_Chemistry_Extended,"tpsa, xlogp, rotatable_bonds",8.2707,-4.048660284175129,12.31936028417513,-12.31936028417513,2.9475426851688065,"{""kernel"": ""Matern"", ""length_scale"": 0.75, ""noise"": 0.3}"
DS01_17,Diphenhydramine,GPR,FS-B_Chemistry_Extended,"tpsa, xlogp, rotatable_bonds",-1.1555,-4.048660284175129,2.8931602841751287,-2.8931602841751287,2.9475426851688065,"{""kernel"": ""Matern"", ""length_scale"": 0.75, ""noise"": 0.3}"
DS01_18,Diphenhydramine,GPR,FS-B_Chemistry_Extended,"tpsa, xlogp, rotatable_bonds",8.2789,-4.048660284175129,12.327560284175128,-12.327560284175128,2.9475426851688065,"{""kernel"": ""Matern"", ""length_scale"": 0.75, ""noise"": 0.3}"
DS01_26,Diphenhydramine,GPR,FS-B_Chemistry_Extended,"tpsa, xlogp, rotatable_bonds",-0.8448,-4.048660284175129,3.2038602841751285,-3.2038602841751285,2.9475426851688065,"{""kernel"": ""Matern"", ""length_scale"": 0.75, ""noise"": 0.3}"
DS01_27,Diphenhydramine,GPR,FS-B_Chemistry_Extended,"tpsa, xlogp, rotatable_bonds",6.2433,-4.048660284175129,10.29196028417513,-10.29196028417513,2.9475426851688065,"{""kernel"": ""Matern"", ""length_scale"": 0.75, ""noise"": 0.3}"
DS01_04,Epinephrine,GPR,FS-B_Chemistry_Extended,"tpsa, xlogp, rotatable_bonds",-12.2931,-2.1617569508073258,10.131343049192676,10.131343049192676,4.503831323379791,"{""kernel"": ""Matern"", ""length_scale"": 0.75, ""noise"": 0.3}"
DS01_11,Epinephrine,GPR,FS-B_Chemistry_Extended,"tpsa, xlogp, rotatable_bonds",-11.1498,-2.1617569508073258,8.988043049192676,8.988043049192676,4.503831323379791,"{""kernel"": ""Matern"", ""length_scale"": 0.75, ""noise"": 0.3}"
DS01_19,Ketamine,GPR,FS-B_Chemistry_Extended,"tpsa, xlogp, rotatable_bonds",-1.845,-2.0466968634457663,0.20169686344576632,-0.20169686344576632,4.74312844026867,"{""kernel"": ""Matern"", ""length_scale"": 0.75, ""noise"": 0.3}"
DS01_28,Ketamine,GPR,FS-B_Chemistry_Extended,"tpsa, xlogp, rotatable_bonds",-2.9666,-2.0466968634457663,0.9199031365542338,0.9199031365542338,4.74312844026867,"{""kernel"": ""Matern"", ""length_scale"": 0.75, ""noise"": 0.3}"
DS01_05,Lidocaine,GPR,FS-B_Chemistry_Extended,"tpsa, xlogp, rotatable_bonds",-3.4518,-1.206171626820395,2.245628373179605,2.245628373179605,5.335054584632864,"{""kernel"": ""Matern"", ""length_scale"": 0.75, ""noise"": 0.3}"
DS01_13,Lidocaine,GPR,FS-B_Chemistry_Extended,"tpsa, xlogp, rotatable_bonds",-2.8226,-1.206171626820395,1.616428373179605,1.616428373179605,5.335054584632864,"{""kernel"": ""Matern"", ""length_scale"": 0.75, ""noise"": 0.3}"
DS01_20,Lidocaine,GPR,FS-B_Chemistry_Extended,"tpsa, xlogp, rotatable_bonds",-3.1665,-1.206171626820395,1.960328373179605,1.960328373179605,5.335054584632864,"{""kernel"": ""Matern"", ""length_scale"": 0.75, ""noise"": 0.3}"
DS01_29,Lidocaine,GPR,FS-B_Chemistry_Extended,"tpsa, xlogp, rotatable_bonds",-2.8542,-1.206171626820395,1.648028373179605,1.648028373179605,5.335054584632864,"{""kernel"": ""Matern"", ""length_scale"": 0.75, ""noise"": 0.3}"
DS01_06,Naloxone,GPR,FS-B_Chemistry_Extended,"tpsa, xlogp, rotatable_bonds",-3.4232,-5.520591952812332,2.0973919528123317,-2.0973919528123317,4.861727551241746,"{""kernel"": ""Matern"", ""length_scale"": 1.5, ""noise"": 0.3}"
DS01_21,Naloxone,GPR,FS-B_Chemistry_Extended,"tpsa, xlogp, rotatable_bonds",-3.4447,-5.520591952812332,2.0758919528123316,-2.0758919528123316,4.861727551241746,"{""kernel"": ""Matern"", ""length_scale"": 1.5, ""noise"": 0.3}"
DS01_30,Naloxone,GPR,FS-B_Chemistry_Extended,"tpsa, xlogp, rotatable_bonds",-3.47,-5.52059195281233,2.0505919528123298,-2.0505919528123298,4.861727551241746,"{""kernel"": ""Matern"", ""length_scale"": 1.5, ""noise"": 0.3}"
DS01_07,Promethazine,GPR,FS-B_Chemistry_Extended,"tpsa, xlogp, rotatable_bonds",-2.8931,-0.3473627516542883,2.545737248345712,2.545737248345712,5.1882624284017895,"{""kernel"": ""Matern"", ""length_scale"": 1.5, ""noise"": 0.3}"
DS01_08,Promethazine,GPR,FS-B_Chemistry_Extended,"tpsa, xlogp, rotatable_bonds",-3.5853,-0.3473627516542883,3.2379372483457116,3.2379372483457116,5.1882624284017895,"{""kernel"": ""Matern"", ""length_scale"": 1.5, ""noise"": 0.3}"
DS01_10,Promethazine,GPR,FS-B_Chemistry_Extended,"tpsa, xlogp, rotatable_bonds",-3.7938,-0.3473627516542883,3.4464372483457115,3.4464372483457115,5.1882624284017895,"{""kernel"": ""Matern"", ""length_scale"": 1.5, ""noise"": 0.3}"
DS01_14,Promethazine,GPR,FS-B_Chemistry_Extended,"tpsa, xlogp, rotatable_bonds",-2.6185,-0.3473627516542883,2.2711372483457115,2.2711372483457115,5.1882624284017895,"{""kernel"": ""Matern"", ""length_scale"": 1.5, ""noise"": 0.3}"
DS01_22,Promethazine,GPR,FS-B_Chemistry_Extended,"tpsa, xlogp, rotatable_bonds",-3.1686,-0.3473627516542883,2.821237248345712,2.821237248345712,5.1882624284017895,"{""kernel"": ""Matern"", ""length_scale"": 1.5, ""noise"": 0.3}"
DS01_23,Promethazine,GPR,FS-B_Chemistry_Extended,"tpsa, xlogp, rotatable_bonds",-3.668,-0.3473627516542883,3.3206372483457116,3.3206372483457116,5.1882624284017895,"{""kernel"": ""Matern"", ""length_scale"": 1.5, ""noise"": 0.3}"
DS01_31,Promethazine,GPR,FS-B_Chemistry_Extended,"tpsa, xlogp, rotatable_bonds",-4.1719,-0.3473627516542883,3.8245372483457114,3.8245372483457114,5.1882624284017895,"{""kernel"": ""Matern"", ""length_scale"": 1.5, ""noise"": 0.3}"
DS01_32,Promethazine,GPR,FS-B_Chemistry_Extended,"tpsa, xlogp, rotatable_bonds",-4.1992,-0.3473627516542883,3.8518372483457117,3.8518372483457117,5.1882624284017895,"{""kernel"": ""Matern"", ""length_scale"": 1.5, ""noise"": 0.3}"
DS01_01,Caffeine,OLS,FS-C_Chemistry_Duration,"tpsa, xlogp, rotatable_bonds, days_in_space",-5.2217,-7.8527612930817545,2.6310612930817543,-2.6310612930817543,,"{""label"": ""ordinary_least_squares""}"
DS01_09,Caffeine,OLS,FS-C_Chemistry_Duration,"tpsa, xlogp, rotatable_bonds, days_in_space",-6.4128,-7.805086412874404,1.3922864128744044,-1.3922864128744044,,"{""label"": ""ordinary_least_squares""}"
DS01_15,Caffeine,OLS,FS-C_Chemistry_Duration,"tpsa, xlogp, rotatable_bonds, days_in_space",-6.1704,-7.87659873318543,1.7061987331854302,-1.7061987331854302,,"{""label"": ""ordinary_least_squares""}"
DS01_24,Caffeine,OLS,FS-C_Chemistry_Duration,"tpsa, xlogp, rotatable_bonds, days_in_space",-6.5923,-7.770413772723604,1.178113772723604,-1.178113772723604,,"{""label"": ""ordinary_least_squares""}"
DS01_16,Diazepam,OLS,FS-C_Chemistry_Duration,"tpsa, xlogp, rotatable_bonds, days_in_space",-0.4246,-2.9015340185518252,2.4769340185518254,-2.4769340185518254,,"{""label"": ""ordinary_least_squares""}"
DS01_25,Diazepam,OLS,FS-C_Chemistry_Duration,"tpsa, xlogp, rotatable_bonds, days_in_space",-1.7112,-3.6821930726869,1.9709930726868998,-1.9709930726868998,,"{""label"": ""ordinary_least_squares""}"
DS01_02,Diphenhydramine,OLS,FS-C_Chemistry_Duration,"tpsa, xlogp, rotatable_bonds, days_in_space",-1.4463,-2.890767993742835,1.444467993742835,-1.444467993742835,,"{""label"": ""ordinary_least_squares""}"
DS01_03,Diphenhydramine,OLS,FS-C_Chemistry_Duration,"tpsa, xlogp, rotatable_bonds, days_in_space",7.2511,-2.890767993742835,10.141867993742835,-10.141867993742835,,"{""label"": ""ordinary_least_squares""}"
DS01_12,Diphenhydramine,OLS,FS-C_Chemistry_Duration,"tpsa, xlogp, rotatable_bonds, days_in_space",8.2707,-3.2054352961421957,11.476135296142196,-11.476135296142196,,"{""label"": ""ordinary_least_squares""}"
DS01_17,Diphenhydramine,OLS,FS-C_Chemistry_Duration,"tpsa, xlogp, rotatable_bonds, days_in_space",-1.1555,-3.0707318276493187,1.9152318276493188,-1.9152318276493188,,"{""label"": ""ordinary_least_squares""}"
DS01_18,Diphenhydramine,OLS,FS-C_Chemistry_Duration,"tpsa, xlogp, rotatable_bonds, days_in_space",8.2789,-3.0707318276493187,11.349631827649318,-11.349631827649318,,"{""label"": ""ordinary_least_squares""}"
DS01_26,Diphenhydramine,OLS,FS-C_Chemistry_Duration,"tpsa, xlogp, rotatable_bonds, days_in_space",-0.8448,-2.8196445623785955,1.9748445623785955,-1.9748445623785955,,"{""label"": ""ordinary_least_squares""}"
DS01_27,Diphenhydramine,OLS,FS-C_Chemistry_Duration,"tpsa, xlogp, rotatable_bonds, days_in_space",6.2433,-2.8196445623785955,9.062944562378595,-9.062944562378595,,"{""label"": ""ordinary_least_squares""}"
DS01_04,Epinephrine,OLS,FS-C_Chemistry_Duration,"tpsa, xlogp, rotatable_bonds, days_in_space",-12.2931,-3.910993917838229,8.382106082161773,8.382106082161773,,"{""label"": ""ordinary_least_squares""}"
DS01_11,Epinephrine,OLS,FS-C_Chemistry_Duration,"tpsa, xlogp, rotatable_bonds, days_in_space",-11.1498,-3.963287123726659,7.186512876273342,7.186512876273342,,"{""label"": ""ordinary_least_squares""}"
DS01_19,Ketamine,OLS,FS-C_Chemistry_Duration,"tpsa, xlogp, rotatable_bonds, days_in_space",-1.845,-1.4315359831819876,0.41346401681801237,0.41346401681801237,,"{""label"": ""ordinary_least_squares""}"
DS01_28,Ketamine,OLS,FS-C_Chemistry_Duration,"tpsa, xlogp, rotatable_bonds, days_in_space",-2.9666,-1.400411051029783,1.5661889489702172,1.5661889489702172,,"{""label"": ""ordinary_least_squares""}"
DS01_05,Lidocaine,OLS,FS-C_Chemistry_Duration,"tpsa, xlogp, rotatable_bonds, days_in_space",-3.4518,-0.6076178638034284,2.8441821361965713,2.8441821361965713,,"{""label"": ""ordinary_least_squares""}"
DS01_13,Lidocaine,OLS,FS-C_Chemistry_Duration,"tpsa, xlogp, rotatable_bonds, days_in_space",-2.8226,-0.5521804327026893,2.270419567297311,2.270419567297311,,"{""label"": ""ordinary_least_squares""}"
DS01_20,Lidocaine,OLS,FS-C_Chemistry_Duration,"tpsa, xlogp, rotatable_bonds, days_in_space",-3.1665,-0.575912209714992,2.5905877902850083,2.5905877902850083,,"{""label"": ""ordinary_least_squares""}"
DS01_29,Lidocaine,OLS,FS-C_Chemistry_Duration,"tpsa, xlogp, rotatable_bonds, days_in_space",-2.8542,-0.6201482420659243,2.2340517579340755,2.2340517579340755,,"{""label"": ""ordinary_least_squares""}"
DS01_06,Naloxone,OLS,FS-C_Chemistry_Duration,"tpsa, xlogp, rotatable_bonds, days_in_space",-3.4232,-14.194607666420652,10.771407666420652,-10.771407666420652,,"{""label"": ""ordinary_least_squares""}"
DS01_21,Naloxone,OLS,FS-C_Chemistry_Duration,"tpsa, xlogp, rotatable_bonds, days_in_space",-3.4447,-13.644799961352412,10.20009996135241,-10.20009996135241,,"{""label"": ""ordinary_least_squares""}"
DS01_30,Naloxone,OLS,FS-C_Chemistry_Duration,"tpsa, xlogp, rotatable_bonds, days_in_space",-3.47,-14.685154660762974,11.215154660762973,-11.215154660762973,,"{""label"": ""ordinary_least_squares""}"
DS01_07,Promethazine,OLS,FS-C_Chemistry_Duration,"tpsa, xlogp, rotatable_bonds, days_in_space",-2.8931,4.191555745876492,7.084655745876493,7.084655745876493,,"{""label"": ""ordinary_least_squares""}"
DS01_08,Promethazine,OLS,FS-C_Chemistry_Duration,"tpsa, xlogp, rotatable_bonds, days_in_space",-3.5853,5.177190762294369,8.76249076229437,8.76249076229437,,"{""label"": ""ordinary_least_squares""}"
DS01_10,Promethazine,OLS,FS-C_Chemistry_Duration,"tpsa, xlogp, rotatable_bonds, days_in_space",-3.7938,4.888071157478459,8.681871157478458,8.681871157478458,,"{""label"": ""ordinary_least_squares""}"
DS01_14,Promethazine,OLS,FS-C_Chemistry_Duration,"tpsa, xlogp, rotatable_bonds, days_in_space",-2.6185,5.470690967183248,8.08919096718325,8.08919096718325,,"{""label"": ""ordinary_least_squares""}"
DS01_22,Promethazine,OLS,FS-C_Chemistry_Duration,"tpsa, xlogp, rotatable_bonds, days_in_space",-3.1686,4.923115958062205,8.091715958062204,8.091715958062204,,"{""label"": ""ordinary_least_squares""}"
DS01_23,Promethazine,OLS,FS-C_Chemistry_Duration,"tpsa, xlogp, rotatable_bonds, days_in_space",-3.668,4.923115958062205,8.591115958062204,8.591115958062204,,"{""label"": ""ordinary_least_squares""}"
DS01_31,Promethazine,OLS,FS-C_Chemistry_Duration,"tpsa, xlogp, rotatable_bonds, days_in_space",-4.1719,3.902436141060582,8.074336141060583,8.074336141060583,,"{""label"": ""ordinary_least_squares""}"
DS01_32,Promethazine,OLS,FS-C_Chemistry_Duration,"tpsa, xlogp, rotatable_bonds, days_in_space",-4.1992,4.677802353975979,8.877002353975978,8.877002353975978,,"{""label"": ""ordinary_least_squares""}"
DS01_01,Caffeine,Ridge,FS-C_Chemistry_Duration,"tpsa, xlogp, rotatable_bonds, days_in_space",-5.2217,-7.620993173479744,2.3992931734797436,-2.3992931734797436,,"{""alpha"": 10.0}"
DS01_09,Caffeine,Ridge,FS-C_Chemistry_Duration,"tpsa, xlogp, rotatable_bonds, days_in_space",-6.4128,-7.585741997881058,1.1729419978810585,-1.1729419978810585,,"{""alpha"": 10.0}"
DS01_15,Caffeine,Ridge,FS-C_Chemistry_Duration,"tpsa, xlogp, rotatable_bonds, days_in_space",-6.1704,-7.638618761279086,1.4682187612790862,-1.4682187612790862,,"{""alpha"": 10.0}"
DS01_24,Caffeine,Ridge,FS-C_Chemistry_Duration,"tpsa, xlogp, rotatable_bonds, days_in_space",-6.5923,-7.560104779263832,0.9678047792638322,-0.9678047792638322,,"{""alpha"": 10.0}"
DS01_16,Diazepam,Ridge,FS-C_Chemistry_Duration,"tpsa, xlogp, rotatable_bonds, days_in_space",-0.4246,-3.301658250221534,2.877058250221534,-2.877058250221534,,"{""alpha"": 10.0}"
DS01_25,Diazepam,Ridge,FS-C_Chemistry_Duration,"tpsa, xlogp, rotatable_bonds, days_in_space",-1.7112,-4.013372072235409,2.3021720722354093,-2.3021720722354093,,"{""alpha"": 10.0}"
DS01_02,Diphenhydramine,Ridge,FS-C_Chemistry_Duration,"tpsa, xlogp, rotatable_bonds, days_in_space",-1.4463,-2.76496446498455,1.31866446498455,-1.31866446498455,,"{""alpha"": 10.0}"
DS01_03,Diphenhydramine,Ridge,FS-C_Chemistry_Duration,"tpsa, xlogp, rotatable_bonds, days_in_space",7.2511,-2.76496446498455,10.01606446498455,-10.01606446498455,,"{""alpha"": 10.0}"
DS01_12,Diphenhydramine,Ridge,FS-C_Chemistry_Duration,"tpsa, xlogp, rotatable_bonds, days_in_space",8.2707,-3.0150957087001338,11.285795708700133,-11.285795708700133,,"{""alpha"": 10.0}"
DS01_17,Diphenhydramine,Ridge,FS-C_Chemistry_Duration,"tpsa, xlogp, rotatable_bonds, days_in_space",-1.1555,-2.9080189776575036,1.7525189776575036,-1.7525189776575036,,"{""alpha"": 10.0}"
DS01_18,Diphenhydramine,Ridge,FS-C_Chemistry_Duration,"tpsa, xlogp, rotatable_bonds, days_in_space",8.2789,-2.9080189776575036,11.186918977657504,-11.186918977657504,,"{""alpha"": 10.0}"
DS01_26,Diphenhydramine,Ridge,FS-C_Chemistry_Duration,"tpsa, xlogp, rotatable_bonds, days_in_space",-0.8448,-2.708427950994041,1.8636279509940412,-1.8636279509940412,,"{""alpha"": 10.0}"
DS01_27,Diphenhydramine,Ridge,FS-C_Chemistry_Duration,"tpsa, xlogp, rotatable_bonds, days_in_space",6.2433,-2.708427950994041,8.95172795099404,-8.95172795099404,,"{""alpha"": 10.0}"
DS01_04,Epinephrine,Ridge,FS-C_Chemistry_Duration,"tpsa, xlogp, rotatable_bonds, days_in_space",-12.2931,-4.187702628617442,8.105397371382558,8.105397371382558,,"{""alpha"": 10.0}"
DS01_11,Epinephrine,Ridge,FS-C_Chemistry_Duration,"tpsa, xlogp, rotatable_bonds, days_in_space",-11.1498,-4.227494779101816,6.922305220898185,6.922305220898185,,"{""alpha"": 10.0}"
DS01_19,Ketamine,Ridge,FS-C_Chemistry_Duration,"tpsa, xlogp, rotatable_bonds, days_in_space",-1.845,-2.438309679241197,0.5933096792411969,-0.5933096792411969,,"{""alpha"": 10.0}"
DS01_28,Ketamine,Ridge,FS-C_Chemistry_Duration,"tpsa, xlogp, rotatable_bonds, days_in_space",-2.9666,-2.4112088430011505,0.5553911569988497,0.5553911569988497,,"{""alpha"": 10.0}"
DS01_05,Lidocaine,Ridge,FS-C_Chemistry_Duration,"tpsa, xlogp, rotatable_bonds, days_in_space",-3.4518,-0.8397203424608688,2.612079657539131,2.612079657539131,,"{""alpha"": 10.0}"
DS01_13,Lidocaine,Ridge,FS-C_Chemistry_Duration,"tpsa, xlogp, rotatable_bonds, days_in_space",-2.8226,-0.8228117534300037,1.9997882465699963,1.9997882465699963,,"{""alpha"": 10.0}"
DS01_20,Lidocaine,Ridge,FS-C_Chemistry_Duration,"tpsa, xlogp, rotatable_bonds, days_in_space",-3.1665,-0.8300500192822575,2.3364499807177426,2.3364499807177426,,"{""alpha"": 10.0}"
DS01_29,Lidocaine,Ridge,FS-C_Chemistry_Duration,"tpsa, xlogp, rotatable_bonds, days_in_space",-2.8542,-0.8435421468308588,2.0106578531691413,2.0106578531691413,,"{""alpha"": 10.0}"
DS01_06,Naloxone,Ridge,FS-C_Chemistry_Duration,"tpsa, xlogp, rotatable_bonds, days_in_space",-3.4232,-14.00297829261143,10.579778292611431,-10.579778292611431,,"{""alpha"": 0.1}"
DS01_21,Naloxone,Ridge,FS-C_Chemistry_Duration,"tpsa, xlogp, rotatable_bonds, days_in_space",-3.4447,-13.464725630405741,10.02002563040574,-10.02002563040574,,"{""alpha"": 0.1}"
DS01_30,Naloxone,Ridge,FS-C_Chemistry_Duration,"tpsa, xlogp, rotatable_bonds, days_in_space",-3.47,-14.483215697812913,11.013215697812912,-11.013215697812912,,"{""alpha"": 0.1}"
DS01_07,Promethazine,Ridge,FS-C_Chemistry_Duration,"tpsa, xlogp, rotatable_bonds, days_in_space",-2.8931,1.9222959932030448,4.815395993203045,4.815395993203045,,"{""alpha"": 10.0}"
DS01_08,Promethazine,Ridge,FS-C_Chemistry_Duration,"tpsa, xlogp, rotatable_bonds, days_in_space",-3.5853,2.36827759710514,5.95357759710514,5.95357759710514,,"{""alpha"": 10.0}"
DS01_10,Promethazine,Ridge,FS-C_Chemistry_Duration,"tpsa, xlogp, rotatable_bonds, days_in_space",-3.7938,2.2374563266271923,6.031256326627192,6.031256326627192,,"{""alpha"": 10.0}"
DS01_14,Promethazine,Ridge,FS-C_Chemistry_Duration,"tpsa, xlogp, rotatable_bonds, days_in_space",-2.6185,2.5010810080448755,5.119581008044875,5.119581008044875,,"{""alpha"": 10.0}"
DS01_22,Promethazine,Ridge,FS-C_Chemistry_Duration,"tpsa, xlogp, rotatable_bonds, days_in_space",-3.1686,2.2533134503214893,5.421913450321489,5.421913450321489,,"{""alpha"": 10.0}"
DS01_23,Promethazine,Ridge,FS-C_Chemistry_Duration,"tpsa, xlogp, rotatable_bonds, days_in_space",-3.668,2.2533134503214893,5.92131345032149,5.92131345032149,,"{""alpha"": 10.0}"
DS01_31,Promethazine,Ridge,FS-C_Chemistry_Duration,"tpsa, xlogp, rotatable_bonds, days_in_space",-4.1719,1.7914747227250962,5.963374722725096,5.963374722725096,,"{""alpha"": 10.0}"
DS01_32,Promethazine,Ridge,FS-C_Chemistry_Duration,"tpsa, xlogp, rotatable_bonds, days_in_space",-4.1992,2.142313584461412,6.341513584461412,6.341513584461412,,"{""alpha"": 10.0}"
DS01_01,Caffeine,ElasticNet,FS-C_Chemistry_Duration,"tpsa, xlogp, rotatable_bonds, days_in_space",-5.2217,-7.770143724424269,2.548443724424269,-2.548443724424269,,"{""alpha"": 0.2, ""l1_ratio"": 0.2}"
DS01_09,Caffeine,ElasticNet,FS-C_Chemistry_Duration,"tpsa, xlogp, rotatable_bonds, days_in_space",-6.4128,-7.740029866679846,1.327229866679846,-1.327229866679846,,"{""alpha"": 0.2, ""l1_ratio"": 0.2}"
DS01_15,Caffeine,ElasticNet,FS-C_Chemistry_Duration,"tpsa, xlogp, rotatable_bonds, days_in_space",-6.1704,-7.785200653296481,1.6148006532964807,-1.6148006532964807,,"{""alpha"": 0.2, ""l1_ratio"": 0.2}"
DS01_24,Caffeine,ElasticNet,FS-C_Chemistry_Duration,"tpsa, xlogp, rotatable_bonds, days_in_space",-6.5923,-7.718128879229356,1.1258288792293563,-1.1258288792293563,,"{""alpha"": 0.2, ""l1_ratio"": 0.2}"
DS01_16,Diazepam,ElasticNet,FS-C_Chemistry_Duration,"tpsa, xlogp, rotatable_bonds, days_in_space",-0.4246,-3.2535615086919405,2.8289615086919406,-2.8289615086919406,,"{""alpha"": 0.2, ""l1_ratio"": 0.2}"
DS01_25,Diazepam,ElasticNet,FS-C_Chemistry_Duration,"tpsa, xlogp, rotatable_bonds, days_in_space",-1.7112,-3.8426413459941324,2.1314413459941326,-2.1314413459941326,,"{""alpha"": 0.2, ""l1_ratio"": 0.2}"
DS01_02,Diphenhydramine,ElasticNet,FS-C_Chemistry_Duration,"tpsa, xlogp, rotatable_bonds, days_in_space",-1.4463,-2.757867305301842,1.3115673053018422,-1.3115673053018422,,"{""alpha"": 0.2, ""l1_ratio"": 0.2}"
DS01_03,Diphenhydramine,ElasticNet,FS-C_Chemistry_Duration,"tpsa, xlogp, rotatable_bonds, days_in_space",7.2511,-2.757867305301842,10.008967305301843,-10.008967305301843,,"{""alpha"": 0.2, ""l1_ratio"": 0.2}"
DS01_12,Diphenhydramine,ElasticNet,FS-C_Chemistry_Duration,"tpsa, xlogp, rotatable_bonds, days_in_space",8.2707,-2.9916803000745817,11.262380300074582,-11.262380300074582,,"{""alpha"": 0.2, ""l1_ratio"": 0.2}"
DS01_17,Diphenhydramine,ElasticNet,FS-C_Chemistry_Duration,"tpsa, xlogp, rotatable_bonds, days_in_space",-1.1555,-2.8915891208054294,1.7360891208054294,-1.7360891208054294,,"{""alpha"": 0.2, ""l1_ratio"": 0.2}"
DS01_18,Diphenhydramine,ElasticNet,FS-C_Chemistry_Duration,"tpsa, xlogp, rotatable_bonds, days_in_space",8.2789,-2.8915891208054294,11.17048912080543,-11.17048912080543,,"{""alpha"": 0.2, ""l1_ratio"": 0.2}"
DS01_26,Diphenhydramine,ElasticNet,FS-C_Chemistry_Duration,"tpsa, xlogp, rotatable_bonds, days_in_space",-0.8448,-2.70501916264773,1.86021916264773,-1.86021916264773,,"{""alpha"": 0.2, ""l1_ratio"": 0.2}"
DS01_27,Diphenhydramine,ElasticNet,FS-C_Chemistry_Duration,"tpsa, xlogp, rotatable_bonds, days_in_space",6.2433,-2.70501916264773,8.94831916264773,-8.94831916264773,,"{""alpha"": 0.2, ""l1_ratio"": 0.2}"
DS01_04,Epinephrine,ElasticNet,FS-C_Chemistry_Duration,"tpsa, xlogp, rotatable_bonds, days_in_space",-12.2931,-4.210211580870176,8.082888419129825,8.082888419129825,,"{""alpha"": 0.2, ""l1_ratio"": 0.2}"
DS01_11,Epinephrine,ElasticNet,FS-C_Chemistry_Duration,"tpsa, xlogp, rotatable_bonds, days_in_space",-11.1498,-4.2187477342712585,6.931052265728742,6.931052265728742,,"{""alpha"": 0.2, ""l1_ratio"": 0.2}"
DS01_19,Ketamine,ElasticNet,FS-C_Chemistry_Duration,"tpsa, xlogp, rotatable_bonds, days_in_space",-1.845,-2.1621752385477713,0.3171752385477713,-0.3171752385477713,,"{""alpha"": 0.2, ""l1_ratio"": 0.2}"
DS01_28,Ketamine,ElasticNet,FS-C_Chemistry_Duration,"tpsa, xlogp, rotatable_bonds, days_in_space",-2.9666,-2.1621752385477713,0.8044247614522289,0.8044247614522289,,"{""alpha"": 0.2, ""l1_ratio"": 0.2}"
DS01_05,Lidocaine,ElasticNet,FS-C_Chemistry_Duration,"tpsa, xlogp, rotatable_bonds, days_in_space",-3.4518,-0.7045600828190577,2.7472399171809423,2.7472399171809423,,"{""alpha"": 0.2, ""l1_ratio"": 0.2}"
DS01_13,Lidocaine,ElasticNet,FS-C_Chemistry_Duration,"tpsa, xlogp, rotatable_bonds, days_in_space",-2.8226,-0.7045600828190577,2.1180399171809423,2.1180399171809423,,"{""alpha"": 0.2, ""l1_ratio"": 0.2}"
DS01_20,Lidocaine,ElasticNet,FS-C_Chemistry_Duration,"tpsa, xlogp, rotatable_bonds, days_in_space",-3.1665,-0.7045600828190577,2.4619399171809424,2.4619399171809424,,"{""alpha"": 0.2, ""l1_ratio"": 0.2}"
DS01_29,Lidocaine,ElasticNet,FS-C_Chemistry_Duration,"tpsa, xlogp, rotatable_bonds, days_in_space",-2.8542,-0.7045600828190577,2.1496399171809424,2.1496399171809424,,"{""alpha"": 0.2, ""l1_ratio"": 0.2}"
DS01_06,Naloxone,ElasticNet,FS-C_Chemistry_Duration,"tpsa, xlogp, rotatable_bonds, days_in_space",-3.4232,-13.05942896078815,9.63622896078815,-9.63622896078815,,"{""alpha"": 0.05, ""l1_ratio"": 0.8}"
DS01_21,Naloxone,ElasticNet,FS-C_Chemistry_Duration,"tpsa, xlogp, rotatable_bonds, days_in_space",-3.4447,-12.60927988323677,9.164579883236769,-9.164579883236769,,"{""alpha"": 0.05, ""l1_ratio"": 0.8}"
DS01_30,Naloxone,ElasticNet,FS-C_Chemistry_Duration,"tpsa, xlogp, rotatable_bonds, days_in_space",-3.47,-13.461058976088484,9.991058976088484,-9.991058976088484,,"{""alpha"": 0.05, ""l1_ratio"": 0.8}"
DS01_07,Promethazine,ElasticNet,FS-C_Chemistry_Duration,"tpsa, xlogp, rotatable_bonds, days_in_space",-2.8931,2.863347521138746,5.756447521138746,5.756447521138746,,"{""alpha"": 0.2, ""l1_ratio"": 0.2}"
DS01_08,Promethazine,ElasticNet,FS-C_Chemistry_Duration,"tpsa, xlogp, rotatable_bonds, days_in_space",-3.5853,3.492586606862576,7.077886606862576,7.077886606862576,,"{""alpha"": 0.2, ""l1_ratio"": 0.2}"
DS01_10,Promethazine,ElasticNet,FS-C_Chemistry_Duration,"tpsa, xlogp, rotatable_bonds, days_in_space",-3.7938,3.3080098083835856,7.101809808383585,7.101809808383585,,"{""alpha"": 0.2, ""l1_ratio"": 0.2}"
DS01_14,Promethazine,ElasticNet,FS-C_Chemistry_Duration,"tpsa, xlogp, rotatable_bonds, days_in_space",-2.6185,3.6799600235003385,6.298460023500338,6.298460023500338,,"{""alpha"": 0.2, ""l1_ratio"": 0.2}"
DS01_22,Promethazine,ElasticNet,FS-C_Chemistry_Duration,"tpsa, xlogp, rotatable_bonds, days_in_space",-3.1686,3.3303827536537667,6.498982753653767,6.498982753653767,,"{""alpha"": 0.2, ""l1_ratio"": 0.2}"
DS01_23,Promethazine,ElasticNet,FS-C_Chemistry_Duration,"tpsa, xlogp, rotatable_bonds, days_in_space",-3.668,3.3303827536537667,6.998382753653766,6.998382753653766,,"{""alpha"": 0.2, ""l1_ratio"": 0.2}"
DS01_31,Promethazine,ElasticNet,FS-C_Chemistry_Duration,"tpsa, xlogp, rotatable_bonds, days_in_space",-4.1719,2.6787707226597557,6.850670722659755,6.850670722659755,,"{""alpha"": 0.2, ""l1_ratio"": 0.2}"
DS01_32,Promethazine,ElasticNet,FS-C_Chemistry_Duration,"tpsa, xlogp, rotatable_bonds, days_in_space",-4.1992,3.173772136762502,7.3729721367625025,7.3729721367625025,,"{""alpha"": 0.2, ""l1_ratio"": 0.2}"
DS01_01,Caffeine,PLS,FS-C_Chemistry_Duration,"tpsa, xlogp, rotatable_bonds, days_in_space",-5.2217,-8.846123577815973,3.624423577815973,-3.624423577815973,,"{""n_components"": 1}"
DS01_09,Caffeine,PLS,FS-C_Chemistry_Duration,"tpsa, xlogp, rotatable_bonds, days_in_space",-6.4128,-8.889876392692,2.477076392692001,-2.477076392692001,,"{""n_components"": 1}"
DS01_15,Caffeine,PLS,FS-C_Chemistry_Duration,"tpsa, xlogp, rotatable_bonds, days_in_space",-6.1704,-8.824247170377959,2.6538471703779587,-2.6538471703779587,,"{""n_components"": 1}"
DS01_24,Caffeine,PLS,FS-C_Chemistry_Duration,"tpsa, xlogp, rotatable_bonds, days_in_space",-6.5923,-8.921696621692748,2.329396621692748,-2.329396621692748,,"{""n_components"": 1}"
DS01_16,Diazepam,PLS,FS-C_Chemistry_Duration,"tpsa, xlogp, rotatable_bonds, days_in_space",-0.4246,-3.6847068661123195,3.2601068661123196,-3.2601068661123196,,"{""n_components"": 1}"
DS01_25,Diazepam,PLS,FS-C_Chemistry_Duration,"tpsa, xlogp, rotatable_bonds, days_in_space",-1.7112,-3.3618829765565907,1.6506829765565907,-1.6506829765565907,,"{""n_components"": 1}"
DS01_02,Diphenhydramine,PLS,FS-C_Chemistry_Duration,"tpsa, xlogp, rotatable_bonds, days_in_space",-1.4463,-1.5693738685771073,0.12307386857710734,-0.12307386857710734,,"{""n_components"": 1}"
DS01_03,Diphenhydramine,PLS,FS-C_Chemistry_Duration,"tpsa, xlogp, rotatable_bonds, days_in_space",7.2511,-1.5693738685771073,8.820473868577107,-8.820473868577107,,"{""n_components"": 1}"
DS01_12,Diphenhydramine,PLS,FS-C_Chemistry_Duration,"tpsa, xlogp, rotatable_bonds, days_in_space",8.2707,-1.801813368141075,10.072513368141074,-10.072513368141074,,"{""n_components"": 1}"
DS01_17,Diphenhydramine,PLS,FS-C_Chemistry_Duration,"tpsa, xlogp, rotatable_bonds, days_in_space",-1.1555,-1.7023101577112945,0.5468101577112945,-0.5468101577112945,,"{""n_components"": 1}"
DS01_18,Diphenhydramine,PLS,FS-C_Chemistry_Duration,"tpsa, xlogp, rotatable_bonds, days_in_space",8.2789,-1.7023101577112945,9.981210157711295,-9.981210157711295,,"{""n_components"": 1}"
DS01_26,Diphenhydramine,PLS,FS-C_Chemistry_Duration,"tpsa, xlogp, rotatable_bonds, days_in_space",-0.8448,-1.5168361734701827,0.6720361734701827,-0.6720361734701827,,"{""n_components"": 1}"
DS01_27,Diphenhydramine,PLS,FS-C_Chemistry_Duration,"tpsa, xlogp, rotatable_bonds, days_in_space",6.2433,-1.5168361734701827,7.760136173470182,-7.760136173470182,,"{""n_components"": 1}"
DS01_04,Epinephrine,PLS,FS-C_Chemistry_Duration,"tpsa, xlogp, rotatable_bonds, days_in_space",-12.2931,-6.048493509575908,6.2446064904240925,6.2446064904240925,,"{""n_components"": 1}"
DS01_11,Epinephrine,PLS,FS-C_Chemistry_Duration,"tpsa, xlogp, rotatable_bonds, days_in_space",-11.1498,-6.106225357107522,5.043574642892479,5.043574642892479,,"{""n_components"": 1}"
DS01_19,Ketamine,PLS,FS-C_Chemistry_Duration,"tpsa, xlogp, rotatable_bonds, days_in_space",-1.845,-2.926040595121081,1.0810405951210809,-1.0810405951210809,,"{""n_components"": 1}"
DS01_28,Ketamine,PLS,FS-C_Chemistry_Duration,"tpsa, xlogp, rotatable_bonds, days_in_space",-2.9666,-2.840122065660628,0.12647793433937204,0.12647793433937204,,"{""n_components"": 1}"
DS01_05,Lidocaine,PLS,FS-C_Chemistry_Duration,"tpsa, xlogp, rotatable_bonds, days_in_space",-3.4518,-0.7531047846975221,2.698695215302478,2.698695215302478,,"{""n_components"": 1}"
DS01_13,Lidocaine,PLS,FS-C_Chemistry_Duration,"tpsa, xlogp, rotatable_bonds, days_in_space",-2.8226,-0.847344511772282,1.975255488227718,1.975255488227718,,"{""n_components"": 1}"
DS01_20,Lidocaine,PLS,FS-C_Chemistry_Duration,"tpsa, xlogp, rotatable_bonds, days_in_space",-3.1665,-0.8070021628532922,2.3594978371467077,2.3594978371467077,,"{""n_components"": 1}"
DS01_29,Lidocaine,PLS,FS-C_Chemistry_Duration,"tpsa, xlogp, rotatable_bonds, days_in_space",-2.8542,-0.7318040244682955,2.1223959755317043,2.1223959755317043,,"{""n_components"": 1}"
DS01_06,Naloxone,PLS,FS-C_Chemistry_Duration,"tpsa, xlogp, rotatable_bonds, days_in_space",-3.4232,-7.274141411082152,3.8509414110821516,-3.8509414110821516,,"{""n_components"": 1}"
DS01_21,Naloxone,PLS,FS-C_Chemistry_Duration,"tpsa, xlogp, rotatable_bonds, days_in_space",-3.4447,-7.350514354441637,3.9058143544416373,-3.9058143544416373,,"{""n_components"": 1}"
DS01_30,Naloxone,PLS,FS-C_Chemistry_Duration,"tpsa, xlogp, rotatable_bonds, days_in_space",-3.47,-7.206000281976982,3.7360002819769815,-3.7360002819769815,,"{""n_components"": 1}"
DS01_07,Promethazine,PLS,FS-C_Chemistry_Duration,"tpsa, xlogp, rotatable_bonds, days_in_space",-2.8931,1.5832663739066386,4.476366373906639,4.476366373906639,,"{""n_components"": 1}"
DS01_08,Promethazine,PLS,FS-C_Chemistry_Duration,"tpsa, xlogp, rotatable_bonds, days_in_space",-3.5853,1.5529366264115465,5.138236626411547,5.138236626411547,,"{""n_components"": 1}"
DS01_10,Promethazine,PLS,FS-C_Chemistry_Duration,"tpsa, xlogp, rotatable_bonds, days_in_space",-3.7938,1.5618333523434402,5.355633352343441,5.355633352343441,,"{""n_components"": 1}"
DS01_14,Promethazine,PLS,FS-C_Chemistry_Duration,"tpsa, xlogp, rotatable_bonds, days_in_space",-2.6185,1.5439051016018968,4.162405101601896,4.162405101601896,,"{""n_components"": 1}"
DS01_22,Promethazine,PLS,FS-C_Chemistry_Duration,"tpsa, xlogp, rotatable_bonds, days_in_space",-3.1686,1.5607549613213925,4.729354961321393,4.729354961321393,,"{""n_components"": 1}"
DS01_23,Promethazine,PLS,FS-C_Chemistry_Duration,"tpsa, xlogp, rotatable_bonds, days_in_space",-3.668,1.5607549613213925,5.228754961321393,5.228754961321393,,"{""n_components"": 1}"
DS01_31,Promethazine,PLS,FS-C_Chemistry_Duration,"tpsa, xlogp, rotatable_bonds, days_in_space",-4.1719,1.5921630998385319,5.764063099838532,5.764063099838532,,"{""n_components"": 1}"
DS01_32,Promethazine,PLS,FS-C_Chemistry_Duration,"tpsa, xlogp, rotatable_bonds, days_in_space",-4.1992,1.5683036984757264,5.767503698475727,5.767503698475727,,"{""n_components"": 1}"
DS01_01,Caffeine,RandomForest,FS-C_Chemistry_Duration,"tpsa, xlogp, rotatable_bonds, days_in_space",-5.2217,-4.17921172965923,1.0424882703407699,1.0424882703407699,,"{""max_depth"": 2, ""max_features"": ""sqrt"", ""min_samples_leaf"": 5, ""n_estimators"": 50}"
DS01_09,Caffeine,RandomForest,FS-C_Chemistry_Duration,"tpsa, xlogp, rotatable_bonds, days_in_space",-6.4128,-4.191362951881452,2.221437048118548,2.221437048118548,,"{""max_depth"": 2, ""max_features"": ""sqrt"", ""min_samples_leaf"": 5, ""n_estimators"": 50}"
DS01_15,Caffeine,RandomForest,FS-C_Chemistry_Duration,"tpsa, xlogp, rotatable_bonds, days_in_space",-6.1704,-4.17921172965923,1.9911882703407695,1.9911882703407695,,"{""max_depth"": 2, ""max_features"": ""sqrt"", ""min_samples_leaf"": 5, ""n_estimators"": 50}"
DS01_24,Caffeine,RandomForest,FS-C_Chemistry_Duration,"tpsa, xlogp, rotatable_bonds, days_in_space",-6.5923,-4.240560073959374,2.3517399260406258,2.3517399260406258,,"{""max_depth"": 2, ""max_features"": ""sqrt"", ""min_samples_leaf"": 5, ""n_estimators"": 50}"
DS01_16,Diazepam,RandomForest,FS-C_Chemistry_Duration,"tpsa, xlogp, rotatable_bonds, days_in_space",-0.4246,-3.5959596975733463,3.1713596975733465,-3.1713596975733465,,"{""max_depth"": 1, ""max_features"": ""sqrt"", ""min_samples_leaf"": 5, ""n_estimators"": 50}"
DS01_25,Diazepam,RandomForest,FS-C_Chemistry_Duration,"tpsa, xlogp, rotatable_bonds, days_in_space",-1.7112,-3.5959596975733463,1.8847596975733463,-1.8847596975733463,,"{""max_depth"": 1, ""max_features"": ""sqrt"", ""min_samples_leaf"": 5, ""n_estimators"": 50}"
DS01_02,Diphenhydramine,RandomForest,FS-C_Chemistry_Duration,"tpsa, xlogp, rotatable_bonds, days_in_space",-1.4463,-3.0112750397232895,1.5649750397232896,-1.5649750397232896,,"{""max_depth"": 2, ""max_features"": ""sqrt"", ""min_samples_leaf"": 5, ""n_estimators"": 50}"
DS01_03,Diphenhydramine,RandomForest,FS-C_Chemistry_Duration,"tpsa, xlogp, rotatable_bonds, days_in_space",7.2511,-3.0112750397232895,10.26237503972329,-10.26237503972329,,"{""max_depth"": 2, ""max_features"": ""sqrt"", ""min_samples_leaf"": 5, ""n_estimators"": 50}"
DS01_12,Diphenhydramine,RandomForest,FS-C_Chemistry_Duration,"tpsa, xlogp, rotatable_bonds, days_in_space",8.2707,-2.956529117501067,11.227229117501066,-11.227229117501066,,"{""max_depth"": 2, ""max_features"": ""sqrt"", ""min_samples_leaf"": 5, ""n_estimators"": 50}"
DS01_17,Diphenhydramine,RandomForest,FS-C_Chemistry_Duration,"tpsa, xlogp, rotatable_bonds, days_in_space",-1.1555,-2.9650143079772575,1.8095143079772575,-1.8095143079772575,,"{""max_depth"": 2, ""max_features"": ""sqrt"", ""min_samples_leaf"": 5, ""n_estimators"": 50}"
DS01_18,Diphenhydramine,RandomForest,FS-C_Chemistry_Duration,"tpsa, xlogp, rotatable_bonds, days_in_space",8.2789,-2.9650143079772575,11.243914307977258,-11.243914307977258,,"{""max_depth"": 2, ""max_features"": ""sqrt"", ""min_samples_leaf"": 5, ""n_estimators"": 50}"
DS01_26,Diphenhydramine,RandomForest,FS-C_Chemistry_Duration,"tpsa, xlogp, rotatable_bonds, days_in_space",-0.8448,-3.0112750397232895,2.1664750397232897,-2.1664750397232897,,"{""max_depth"": 2, ""max_features"": ""sqrt"", ""min_samples_leaf"": 5, ""n_estimators"": 50}"
DS01_27,Diphenhydramine,RandomForest,FS-C_Chemistry_Duration,"tpsa, xlogp, rotatable_bonds, days_in_space",6.2433,-3.0112750397232895,9.254575039723289,-9.254575039723289,,"{""max_depth"": 2, ""max_features"": ""sqrt"", ""min_samples_leaf"": 5, ""n_estimators"": 50}"
DS01_04,Epinephrine,RandomForest,FS-C_Chemistry_Duration,"tpsa, xlogp, rotatable_bonds, days_in_space",-12.2931,-3.6820436295836765,8.611056370416325,8.611056370416325,,"{""max_depth"": 1, ""max_features"": ""sqrt"", ""min_samples_leaf"": 5, ""n_estimators"": 50}"
DS01_11,Epinephrine,RandomForest,FS-C_Chemistry_Duration,"tpsa, xlogp, rotatable_bonds, days_in_space",-11.1498,-3.6820436295836765,7.467756370416325,7.467756370416325,,"{""max_depth"": 1, ""max_features"": ""sqrt"", ""min_samples_leaf"": 5, ""n_estimators"": 50}"
DS01_19,Ketamine,RandomForest,FS-C_Chemistry_Duration,"tpsa, xlogp, rotatable_bonds, days_in_space",-1.845,-3.7377249381025712,1.8927249381025713,-1.8927249381025713,,"{""max_depth"": 1, ""max_features"": ""sqrt"", ""min_samples_leaf"": 5, ""n_estimators"": 50}"
DS01_28,Ketamine,RandomForest,FS-C_Chemistry_Duration,"tpsa, xlogp, rotatable_bonds, days_in_space",-2.9666,-3.7377249381025712,0.7711249381025711,-0.7711249381025711,,"{""max_depth"": 1, ""max_features"": ""sqrt"", ""min_samples_leaf"": 5, ""n_estimators"": 50}"
DS01_05,Lidocaine,RandomForest,FS-C_Chemistry_Duration,"tpsa, xlogp, rotatable_bonds, days_in_space",-3.4518,-0.9679051744296469,2.4838948255703532,2.4838948255703532,,"{""max_depth"": 2, ""max_features"": ""sqrt"", ""min_samples_leaf"": 5, ""n_estimators"": 50}"
DS01_13,Lidocaine,RandomForest,FS-C_Chemistry_Duration,"tpsa, xlogp, rotatable_bonds, days_in_space",-2.8226,-0.8829537006785613,1.9396462993214387,1.9396462993214387,,"{""max_depth"": 2, ""max_features"": ""sqrt"", ""min_samples_leaf"": 5, ""n_estimators"": 50}"
DS01_20,Lidocaine,RandomForest,FS-C_Chemistry_Duration,"tpsa, xlogp, rotatable_bonds, days_in_space",-3.1665,-0.855198140239001,2.311301859760999,2.311301859760999,,"{""max_depth"": 2, ""max_features"": ""sqrt"", ""min_samples_leaf"": 5, ""n_estimators"": 50}"
DS01_29,Lidocaine,RandomForest,FS-C_Chemistry_Duration,"tpsa, xlogp, rotatable_bonds, days_in_space",-2.8542,-0.9679051744296469,1.8862948255703533,1.8862948255703533,,"{""max_depth"": 2, ""max_features"": ""sqrt"", ""min_samples_leaf"": 5, ""n_estimators"": 50}"
DS01_06,Naloxone,RandomForest,FS-C_Chemistry_Duration,"tpsa, xlogp, rotatable_bonds, days_in_space",-3.4232,-5.355023449969475,1.931823449969475,-1.931823449969475,,"{""max_depth"": 2, ""max_features"": ""sqrt"", ""min_samples_leaf"": 5, ""n_estimators"": 50}"
DS01_21,Naloxone,RandomForest,FS-C_Chemistry_Duration,"tpsa, xlogp, rotatable_bonds, days_in_space",-3.4447,-5.215378581282606,1.7706785812826062,-1.7706785812826062,,"{""max_depth"": 2, ""max_features"": ""sqrt"", ""min_samples_leaf"": 5, ""n_estimators"": 50}"
DS01_30,Naloxone,RandomForest,FS-C_Chemistry_Duration,"tpsa, xlogp, rotatable_bonds, days_in_space",-3.47,-5.355023449969475,1.885023449969475,-1.885023449969475,,"{""max_depth"": 2, ""max_features"": ""sqrt"", ""min_samples_leaf"": 5, ""n_estimators"": 50}"
DS01_07,Promethazine,RandomForest,FS-C_Chemistry_Duration,"tpsa, xlogp, rotatable_bonds, days_in_space",-2.8931,-0.5537271868714623,2.339372813128538,2.339372813128538,,"{""max_depth"": 2, ""max_features"": ""sqrt"", ""min_samples_leaf"": 5, ""n_estimators"": 50}"
DS01_08,Promethazine,RandomForest,FS-C_Chemistry_Duration,"tpsa, xlogp, rotatable_bonds, days_in_space",-3.5853,-0.5537271868714623,3.031572813128538,3.031572813128538,,"{""max_depth"": 2, ""max_features"": ""sqrt"", ""min_samples_leaf"": 5, ""n_estimators"": 50}"
DS01_10,Promethazine,RandomForest,FS-C_Chemistry_Duration,"tpsa, xlogp, rotatable_bonds, days_in_space",-3.7938,-0.5537271868714623,3.240072813128538,3.240072813128538,,"{""max_depth"": 2, ""max_features"": ""sqrt"", ""min_samples_leaf"": 5, ""n_estimators"": 50}"
DS01_14,Promethazine,RandomForest,FS-C_Chemistry_Duration,"tpsa, xlogp, rotatable_bonds, days_in_space",-2.6185,-0.5537271868714623,2.064772813128538,2.064772813128538,,"{""max_depth"": 2, ""max_features"": ""sqrt"", ""min_samples_leaf"": 5, ""n_estimators"": 50}"
DS01_22,Promethazine,RandomForest,FS-C_Chemistry_Duration,"tpsa, xlogp, rotatable_bonds, days_in_space",-3.1686,-0.5537271868714623,2.614872813128538,2.614872813128538,,"{""max_depth"": 2, ""max_features"": ""sqrt"", ""min_samples_leaf"": 5, ""n_estimators"": 50}"
DS01_23,Promethazine,RandomForest,FS-C_Chemistry_Duration,"tpsa, xlogp, rotatable_bonds, days_in_space",-3.668,-0.5537271868714623,3.114272813128538,3.114272813128538,,"{""max_depth"": 2, ""max_features"": ""sqrt"", ""min_samples_leaf"": 5, ""n_estimators"": 50}"
DS01_31,Promethazine,RandomForest,FS-C_Chemistry_Duration,"tpsa, xlogp, rotatable_bonds, days_in_space",-4.1719,-0.5537271868714623,3.618172813128538,3.618172813128538,,"{""max_depth"": 2, ""max_features"": ""sqrt"", ""min_samples_leaf"": 5, ""n_estimators"": 50}"
DS01_32,Promethazine,RandomForest,FS-C_Chemistry_Duration,"tpsa, xlogp, rotatable_bonds, days_in_space",-4.1992,-0.5537271868714623,3.645472813128538,3.645472813128538,,"{""max_depth"": 2, ""max_features"": ""sqrt"", ""min_samples_leaf"": 5, ""n_estimators"": 50}"
DS01_01,Caffeine,GradientBoosting,FS-C_Chemistry_Duration,"tpsa, xlogp, rotatable_bonds, days_in_space",-5.2217,-4.011285985889649,1.2104140141103512,1.2104140141103512,,"{""learning_rate"": 0.05, ""max_depth"": 1, ""min_samples_leaf"": 5, ""n_estimators"": 20}"
DS01_09,Caffeine,GradientBoosting,FS-C_Chemistry_Duration,"tpsa, xlogp, rotatable_bonds, days_in_space",-6.4128,-4.011285985889649,2.401514014110351,2.401514014110351,,"{""learning_rate"": 0.05, ""max_depth"": 1, ""min_samples_leaf"": 5, ""n_estimators"": 20}"
DS01_15,Caffeine,GradientBoosting,FS-C_Chemistry_Duration,"tpsa, xlogp, rotatable_bonds, days_in_space",-6.1704,-4.011285985889649,2.159114014110351,2.159114014110351,,"{""learning_rate"": 0.05, ""max_depth"": 1, ""min_samples_leaf"": 5, ""n_estimators"": 20}"
DS01_24,Caffeine,GradientBoosting,FS-C_Chemistry_Duration,"tpsa, xlogp, rotatable_bonds, days_in_space",-6.5923,-4.011285985889649,2.581014014110351,2.581014014110351,,"{""learning_rate"": 0.05, ""max_depth"": 1, ""min_samples_leaf"": 5, ""n_estimators"": 20}"
DS01_16,Diazepam,GradientBoosting,FS-C_Chemistry_Duration,"tpsa, xlogp, rotatable_bonds, days_in_space",-0.4246,-3.416978093886527,2.992378093886527,-2.992378093886527,,"{""learning_rate"": 0.05, ""max_depth"": 1, ""min_samples_leaf"": 5, ""n_estimators"": 20}"
DS01_25,Diazepam,GradientBoosting,FS-C_Chemistry_Duration,"tpsa, xlogp, rotatable_bonds, days_in_space",-1.7112,-3.416978093886527,1.7057780938865268,-1.7057780938865268,,"{""learning_rate"": 0.05, ""max_depth"": 1, ""min_samples_leaf"": 5, ""n_estimators"": 20}"
DS01_02,Diphenhydramine,GradientBoosting,FS-C_Chemistry_Duration,"tpsa, xlogp, rotatable_bonds, days_in_space",-1.4463,-3.2526202384350125,1.8063202384350125,-1.8063202384350125,,"{""learning_rate"": 0.05, ""max_depth"": 1, ""min_samples_leaf"": 5, ""n_estimators"": 40}"
DS01_03,Diphenhydramine,GradientBoosting,FS-C_Chemistry_Duration,"tpsa, xlogp, rotatable_bonds, days_in_space",7.2511,-3.2526202384350125,10.503720238435012,-10.503720238435012,,"{""learning_rate"": 0.05, ""max_depth"": 1, ""min_samples_leaf"": 5, ""n_estimators"": 40}"
DS01_12,Diphenhydramine,GradientBoosting,FS-C_Chemistry_Duration,"tpsa, xlogp, rotatable_bonds, days_in_space",8.2707,-3.2526202384350125,11.523320238435012,-11.523320238435012,,"{""learning_rate"": 0.05, ""max_depth"": 1, ""min_samples_leaf"": 5, ""n_estimators"": 40}"
DS01_17,Diphenhydramine,GradientBoosting,FS-C_Chemistry_Duration,"tpsa, xlogp, rotatable_bonds, days_in_space",-1.1555,-3.2526202384350125,2.0971202384350125,-2.0971202384350125,,"{""learning_rate"": 0.05, ""max_depth"": 1, ""min_samples_leaf"": 5, ""n_estimators"": 40}"
DS01_18,Diphenhydramine,GradientBoosting,FS-C_Chemistry_Duration,"tpsa, xlogp, rotatable_bonds, days_in_space",8.2789,-3.2526202384350125,11.531520238435013,-11.531520238435013,,"{""learning_rate"": 0.05, ""max_depth"": 1, ""min_samples_leaf"": 5, ""n_estimators"": 40}"
DS01_26,Diphenhydramine,GradientBoosting,FS-C_Chemistry_Duration,"tpsa, xlogp, rotatable_bonds, days_in_space",-0.8448,-3.2526202384350125,2.4078202384350123,-2.4078202384350123,,"{""learning_rate"": 0.05, ""max_depth"": 1, ""min_samples_leaf"": 5, ""n_estimators"": 40}"
DS01_27,Diphenhydramine,GradientBoosting,FS-C_Chemistry_Duration,"tpsa, xlogp, rotatable_bonds, days_in_space",6.2433,-3.2526202384350125,9.495920238435012,-9.495920238435012,,"{""learning_rate"": 0.05, ""max_depth"": 1, ""min_samples_leaf"": 5, ""n_estimators"": 40}"
DS01_04,Epinephrine,GradientBoosting,FS-C_Chemistry_Duration,"tpsa, xlogp, rotatable_bonds, days_in_space",-12.2931,-3.595135317251,8.697964682749001,8.697964682749001,,"{""learning_rate"": 0.05, ""max_depth"": 1, ""min_samples_leaf"": 5, ""n_estimators"": 20}"
DS01_11,Epinephrine,GradientBoosting,FS-C_Chemistry_Duration,"tpsa, xlogp, rotatable_bonds, days_in_space",-11.1498,-3.595135317251,7.554664682749001,7.554664682749001,,"{""learning_rate"": 0.05, ""max_depth"": 1, ""min_samples_leaf"": 5, ""n_estimators"": 20}"
DS01_19,Ketamine,GradientBoosting,FS-C_Chemistry_Duration,"tpsa, xlogp, rotatable_bonds, days_in_space",-1.845,-3.33215414555865,1.48715414555865,-1.48715414555865,,"{""learning_rate"": 0.05, ""max_depth"": 1, ""min_samples_leaf"": 5, ""n_estimators"": 20}"
DS01_28,Ketamine,GradientBoosting,FS-C_Chemistry_Duration,"tpsa, xlogp, rotatable_bonds, days_in_space",-2.9666,-3.33215414555865,0.36555414555864996,-0.36555414555864996,,"{""learning_rate"": 0.05, ""max_depth"": 1, ""min_samples_leaf"": 5, ""n_estimators"": 20}"
DS01_05,Lidocaine,GradientBoosting,FS-C_Chemistry_Duration,"tpsa, xlogp, rotatable_bonds, days_in_space",-3.4518,-2.090135299055259,1.3616647009447411,1.3616647009447411,,"{""learning_rate"": 0.05, ""max_depth"": 1, ""min_samples_leaf"": 5, ""n_estimators"": 20}"
DS01_13,Lidocaine,GradientBoosting,FS-C_Chemistry_Duration,"tpsa, xlogp, rotatable_bonds, days_in_space",-2.8226,-2.090135299055259,0.7324647009447411,0.7324647009447411,,"{""learning_rate"": 0.05, ""max_depth"": 1, ""min_samples_leaf"": 5, ""n_estimators"": 20}"
DS01_20,Lidocaine,GradientBoosting,FS-C_Chemistry_Duration,"tpsa, xlogp, rotatable_bonds, days_in_space",-3.1665,-2.090135299055259,1.0763647009447412,1.0763647009447412,,"{""learning_rate"": 0.05, ""max_depth"": 1, ""min_samples_leaf"": 5, ""n_estimators"": 20}"
DS01_29,Lidocaine,GradientBoosting,FS-C_Chemistry_Duration,"tpsa, xlogp, rotatable_bonds, days_in_space",-2.8542,-2.090135299055259,0.7640647009447412,0.7640647009447412,,"{""learning_rate"": 0.05, ""max_depth"": 1, ""min_samples_leaf"": 5, ""n_estimators"": 20}"
DS01_06,Naloxone,GradientBoosting,FS-C_Chemistry_Duration,"tpsa, xlogp, rotatable_bonds, days_in_space",-3.4232,-3.3428593455608007,0.08034065443919935,0.08034065443919935,,"{""learning_rate"": 0.05, ""max_depth"": 1, ""min_samples_leaf"": 5, ""n_estimators"": 20}"
DS01_21,Naloxone,GradientBoosting,FS-C_Chemistry_Duration,"tpsa, xlogp, rotatable_bonds, days_in_space",-3.4447,-3.3428593455608007,0.10184065443919943,0.10184065443919943,,"{""learning_rate"": 0.05, ""max_depth"": 1, ""min_samples_leaf"": 5, ""n_estimators"": 20}"
DS01_30,Naloxone,GradientBoosting,FS-C_Chemistry_Duration,"tpsa, xlogp, rotatable_bonds, days_in_space",-3.47,-3.3428593455608007,0.12714065443919953,0.12714065443919953,,"{""learning_rate"": 0.05, ""max_depth"": 1, ""min_samples_leaf"": 5, ""n_estimators"": 20}"
DS01_07,Promethazine,GradientBoosting,FS-C_Chemistry_Duration,"tpsa, xlogp, rotatable_bonds, days_in_space",-2.8931,-0.975326906719947,1.917773093280053,1.917773093280053,,"{""learning_rate"": 0.05, ""max_depth"": 1, ""min_samples_leaf"": 5, ""n_estimators"": 20}"
DS01_08,Promethazine,GradientBoosting,FS-C_Chemistry_Duration,"tpsa, xlogp, rotatable_bonds, days_in_space",-3.5853,-0.975326906719947,2.609973093280053,2.609973093280053,,"{""learning_rate"": 0.05, ""max_depth"": 1, ""min_samples_leaf"": 5, ""n_estimators"": 20}"
DS01_10,Promethazine,GradientBoosting,FS-C_Chemistry_Duration,"tpsa, xlogp, rotatable_bonds, days_in_space",-3.7938,-0.975326906719947,2.818473093280053,2.818473093280053,,"{""learning_rate"": 0.05, ""max_depth"": 1, ""min_samples_leaf"": 5, ""n_estimators"": 20}"
DS01_14,Promethazine,GradientBoosting,FS-C_Chemistry_Duration,"tpsa, xlogp, rotatable_bonds, days_in_space",-2.6185,-0.975326906719947,1.643173093280053,1.643173093280053,,"{""learning_rate"": 0.05, ""max_depth"": 1, ""min_samples_leaf"": 5, ""n_estimators"": 20}"
DS01_22,Promethazine,GradientBoosting,FS-C_Chemistry_Duration,"tpsa, xlogp, rotatable_bonds, days_in_space",-3.1686,-0.975326906719947,2.193273093280053,2.193273093280053,,"{""learning_rate"": 0.05, ""max_depth"": 1, ""min_samples_leaf"": 5, ""n_estimators"": 20}"
DS01_23,Promethazine,GradientBoosting,FS-C_Chemistry_Duration,"tpsa, xlogp, rotatable_bonds, days_in_space",-3.668,-0.975326906719947,2.692673093280053,2.692673093280053,,"{""learning_rate"": 0.05, ""max_depth"": 1, ""min_samples_leaf"": 5, ""n_estimators"": 20}"
DS01_31,Promethazine,GradientBoosting,FS-C_Chemistry_Duration,"tpsa, xlogp, rotatable_bonds, days_in_space",-4.1719,-0.975326906719947,3.196573093280053,3.196573093280053,,"{""learning_rate"": 0.05, ""max_depth"": 1, ""min_samples_leaf"": 5, ""n_estimators"": 20}"
DS01_32,Promethazine,GradientBoosting,FS-C_Chemistry_Duration,"tpsa, xlogp, rotatable_bonds, days_in_space",-4.1992,-0.975326906719947,3.2238730932800532,3.2238730932800532,,"{""learning_rate"": 0.05, ""max_depth"": 1, ""min_samples_leaf"": 5, ""n_estimators"": 20}"
DS01_01,Caffeine,GPR,FS-C_Chemistry_Duration,"tpsa, xlogp, rotatable_bonds, days_in_space",-5.2217,-2.3672164217642044,2.854483578235796,2.854483578235796,5.232372015768235,"{""kernel"": ""Matern"", ""length_scale"": 0.75, ""noise"": 0.3}"
DS01_09,Caffeine,GPR,FS-C_Chemistry_Duration,"tpsa, xlogp, rotatable_bonds, days_in_space",-6.4128,-2.4531505871474324,3.9596494128525674,3.9596494128525674,5.230373372073893,"{""kernel"": ""Matern"", ""length_scale"": 0.75, ""noise"": 0.3}"
DS01_15,Caffeine,GPR,FS-C_Chemistry_Duration,"tpsa, xlogp, rotatable_bonds, days_in_space",-6.1704,-2.3166435431594725,3.8537564568405274,3.8537564568405274,5.2338154173931075,"{""kernel"": ""Matern"", ""length_scale"": 0.75, ""noise"": 0.3}"
DS01_24,Caffeine,GPR,FS-C_Chemistry_Duration,"tpsa, xlogp, rotatable_bonds, days_in_space",-6.5923,-2.493766797984351,4.098533202015648,4.098533202015648,5.2297377806577146,"{""kernel"": ""Matern"", ""length_scale"": 0.75, ""noise"": 0.3}"
DS01_16,Diazepam,GPR,FS-C_Chemistry_Duration,"tpsa, xlogp, rotatable_bonds, days_in_space",-0.4246,-2.5992247641290294,2.1746247641290295,-2.1746247641290295,5.085818222006274,"{""kernel"": ""Matern"", ""length_scale"": 0.75, ""noise"": 0.3}"
DS01_25,Diazepam,GPR,FS-C_Chemistry_Duration,"tpsa, xlogp, rotatable_bonds, days_in_space",-1.7112,-2.561399734816397,0.8501997348163968,-0.8501997348163968,5.300519681437613,"{""kernel"": ""Matern"", ""length_scale"": 0.75, ""noise"": 0.3}"
DS01_02,Diphenhydramine,GPR,FS-C_Chemistry_Duration,"tpsa, xlogp, rotatable_bonds, days_in_space",-1.4463,-4.0277988916095735,2.5814988916095736,-2.5814988916095736,2.946085962257417,"{""kernel"": ""Matern"", ""length_scale"": 0.75, ""noise"": 0.3}"
DS01_03,Diphenhydramine,GPR,FS-C_Chemistry_Duration,"tpsa, xlogp, rotatable_bonds, days_in_space",7.2511,-4.0277988916095735,11.278898891609574,-11.278898891609574,2.946085962257417,"{""kernel"": ""Matern"", ""length_scale"": 0.75, ""noise"": 0.3}"
DS01_12,Diphenhydramine,GPR,FS-C_Chemistry_Duration,"tpsa, xlogp, rotatable_bonds, days_in_space",8.2707,-4.011426264657752,12.282126264657752,-12.282126264657752,2.9487920701226558,"{""kernel"": ""Matern"", ""length_scale"": 0.75, ""noise"": 0.3}"
DS01_17,Diphenhydramine,GPR,FS-C_Chemistry_Duration,"tpsa, xlogp, rotatable_bonds, days_in_space",-1.1555,-4.007440287253314,2.8519402872533144,-2.8519402872533144,2.9462153831735107,"{""kernel"": ""Matern"", ""length_scale"": 0.75, ""noise"": 0.3}"
DS01_18,Diphenhydramine,GPR,FS-C_Chemistry_Duration,"tpsa, xlogp, rotatable_bonds, days_in_space",8.2789,-4.007440287253314,12.286340287253314,-12.286340287253314,2.9462153831735107,"{""kernel"": ""Matern"", ""length_scale"": 0.75, ""noise"": 0.3}"
DS01_26,Diphenhydramine,GPR,FS-C_Chemistry_Duration,"tpsa, xlogp, rotatable_bonds, days_in_space",-0.8448,-4.038756447147326,3.1939564471473254,-3.1939564471473254,2.9481569940858248,"{""kernel"": ""Matern"", ""length_scale"": 0.75, ""noise"": 0.3}"
DS01_27,Diphenhydramine,GPR,FS-C_Chemistry_Duration,"tpsa, xlogp, rotatable_bonds, days_in_space",6.2433,-4.038756447147326,10.282056447147326,-10.282056447147326,2.9481569940858248,"{""kernel"": ""Matern"", ""length_scale"": 0.75, ""noise"": 0.3}"
DS01_04,Epinephrine,GPR,FS-C_Chemistry_Duration,"tpsa, xlogp, rotatable_bonds, days_in_space",-12.2931,-1.9609527314906414,10.33214726850936,10.33214726850936,4.511382314513964,"{""kernel"": ""RBF"", ""length_scale"": 0.75, ""noise"": 0.3}"
DS01_11,Epinephrine,GPR,FS-C_Chemistry_Duration,"tpsa, xlogp, rotatable_bonds, days_in_space",-11.1498,-2.041518577075787,9.108281422924215,9.108281422924215,4.50966595060735,"{""kernel"": ""RBF"", ""length_scale"": 0.75, ""noise"": 0.3}"
DS01_19,Ketamine,GPR,FS-C_Chemistry_Duration,"tpsa, xlogp, rotatable_bonds, days_in_space",-1.845,-2.2411410583583913,0.3961410583583913,-0.3961410583583913,4.99343718544228,"{""kernel"": ""Matern"", ""length_scale"": 0.75, ""noise"": 0.3}"
DS01_28,Ketamine,GPR,FS-C_Chemistry_Duration,"tpsa, xlogp, rotatable_bonds, days_in_space",-2.9666,-2.7881369102483884,0.17846308975161174,0.17846308975161174,5.240168411744497,"{""kernel"": ""Matern"", ""length_scale"": 0.75, ""noise"": 0.3}"
DS01_05,Lidocaine,GPR,FS-C_Chemistry_Duration,"tpsa, xlogp, rotatable_bonds, days_in_space",-3.4518,-1.1872006298815871,2.264599370118413,2.264599370118413,5.330336190609385,"{""kernel"": ""Matern"", ""length_scale"": 0.75, ""noise"": 0.3}"
DS01_13,Lidocaine,GPR,FS-C_Chemistry_Duration,"tpsa, xlogp, rotatable_bonds, days_in_space",-2.8226,-0.39540875785192897,2.427191242148071,2.427191242148071,5.361490940577346,"{""kernel"": ""Matern"", ""length_scale"": 0.75, ""noise"": 0.3}"
DS01_20,Lidocaine,GPR,FS-C_Chemistry_Duration,"tpsa, xlogp, rotatable_bonds, days_in_space",-3.1665,-0.6894477802814845,2.477052219718516,2.477052219718516,5.331477797636953,"{""kernel"": ""Matern"", ""length_scale"": 0.75, ""noise"": 0.3}"
DS01_29,Lidocaine,GPR,FS-C_Chemistry_Duration,"tpsa, xlogp, rotatable_bonds, days_in_space",-2.8542,-1.3650210356740593,1.4891789643259408,1.4891789643259408,5.338608836780793,"{""kernel"": ""Matern"", ""length_scale"": 0.75, ""noise"": 0.3}"
DS01_06,Naloxone,GPR,FS-C_Chemistry_Duration,"tpsa, xlogp, rotatable_bonds, days_in_space",-3.4232,-5.966321690209436,2.543121690209436,-2.543121690209436,4.935740357160479,"{""kernel"": ""Matern"", ""length_scale"": 1.5, ""noise"": 0.3}"
DS01_21,Naloxone,GPR,FS-C_Chemistry_Duration,"tpsa, xlogp, rotatable_bonds, days_in_space",-3.4447,-5.843962910646007,2.399262910646007,-2.399262910646007,4.8536660415015485,"{""kernel"": ""Matern"", ""length_scale"": 1.5, ""noise"": 0.3}"
DS01_30,Naloxone,GPR,FS-C_Chemistry_Duration,"tpsa, xlogp, rotatable_bonds, days_in_space",-3.47,-5.132966738980707,1.6629667389807072,-1.6629667389807072,5.096504051174448,"{""kernel"": ""Matern"", ""length_scale"": 1.5, ""noise"": 0.3}"
DS01_07,Promethazine,GPR,FS-C_Chemistry_Duration,"tpsa, xlogp, rotatable_bonds, days_in_space",-2.8931,-0.4477090468866276,2.4453909531133724,2.4453909531133724,5.321492841195949,"{""kernel"": ""Matern"", ""length_scale"": 1.5, ""noise"": 0.3}"
DS01_08,Promethazine,GPR,FS-C_Chemistry_Duration,"tpsa, xlogp, rotatable_bonds, days_in_space",-3.5853,0.2703760469672112,3.8556760469672113,3.8556760469672113,5.224867675377448,"{""kernel"": ""Matern"", ""length_scale"": 1.5, ""noise"": 0.3}"
DS01_10,Promethazine,GPR,FS-C_Chemistry_Duration,"tpsa, xlogp, rotatable_bonds, days_in_space",-3.7938,0.10495713960039277,3.898757139600393,3.898757139600393,5.241933002929185,"{""kernel"": ""Matern"", ""length_scale"": 1.5, ""noise"": 0.3}"
DS01_14,Promethazine,GPR,FS-C_Chemistry_Duration,"tpsa, xlogp, rotatable_bonds, days_in_space",-2.6185,0.33230523008574364,2.9508052300857437,2.9508052300857437,5.250449512662641,"{""kernel"": ""Matern"", ""length_scale"": 1.5, ""noise"": 0.3}"
DS01_22,Promethazine,GPR,FS-C_Chemistry_Duration,"tpsa, xlogp, rotatable_bonds, days_in_space",-3.1686,0.12898327397357434,3.2975832739735744,3.2975832739735744,5.238415333846201,"{""kernel"": ""Matern"", ""length_scale"": 1.5, ""noise"": 0.3}"
DS01_23,Promethazine,GPR,FS-C_Chemistry_Duration,"tpsa, xlogp, rotatable_bonds, days_in_space",-3.668,0.12898327397357434,3.7969832739735745,3.7969832739735745,5.238415333846201,"{""kernel"": ""Matern"", ""length_scale"": 1.5, ""noise"": 0.3}"
DS01_31,Promethazine,GPR,FS-C_Chemistry_Duration,"tpsa, xlogp, rotatable_bonds, days_in_space",-4.1719,-0.6701666868158813,3.5017333131841184,3.5017333131841184,5.352842502861928,"{""kernel"": ""Matern"", ""length_scale"": 1.5, ""noise"": 0.3}"
DS01_32,Promethazine,GPR,FS-C_Chemistry_Duration,"tpsa, xlogp, rotatable_bonds, days_in_space",-4.1992,-0.05333490915067962,4.145865090849321,4.145865090849321,5.266678494394973,"{""kernel"": ""Matern"", ""length_scale"": 1.5, ""noise"": 0.3}"
DS01_01,Caffeine,OLS,FS-D_Chemistry_Radiation,"tpsa, xlogp, rotatable_bonds, cumulative_dose_combined_mGy",-5.2217,-7.798224486385304,2.5765244863853036,-2.5765244863853036,,"{""label"": ""ordinary_least_squares""}"
DS01_09,Caffeine,OLS,FS-D_Chemistry_Radiation,"tpsa, xlogp, rotatable_bonds, cumulative_dose_combined_mGy",-6.4128,-7.748984445759398,1.3361844457593985,-1.3361844457593985,,"{""label"": ""ordinary_least_squares""}"
DS01_15,Caffeine,OLS,FS-D_Chemistry_Radiation,"tpsa, xlogp, rotatable_bonds, cumulative_dose_combined_mGy",-6.1704,-7.820171809229531,1.6497718092295308,-1.6497718092295308,,"{""label"": ""ordinary_least_squares""}"
DS01_24,Caffeine,OLS,FS-D_Chemistry_Radiation,"tpsa, xlogp, rotatable_bonds, cumulative_dose_combined_mGy",-6.5923,-7.728357348208451,1.1360573482084515,-1.1360573482084515,,"{""label"": ""ordinary_least_squares""}"
DS01_16,Diazepam,OLS,FS-D_Chemistry_Radiation,"tpsa, xlogp, rotatable_bonds, cumulative_dose_combined_mGy",-0.4246,-2.9173488473860476,2.4927488473860477,-2.4927488473860477,,"{""label"": ""ordinary_least_squares""}"
DS01_25,Diazepam,OLS,FS-D_Chemistry_Radiation,"tpsa, xlogp, rotatable_bonds, cumulative_dose_combined_mGy",-1.7112,-3.4091351657171676,1.6979351657171675,-1.6979351657171675,,"{""label"": ""ordinary_least_squares""}"
DS01_02,Diphenhydramine,OLS,FS-D_Chemistry_Radiation,"tpsa, xlogp, rotatable_bonds, cumulative_dose_combined_mGy",-1.4463,-2.876929955378294,1.430629955378294,-1.430629955378294,,"{""label"": ""ordinary_least_squares""}"
DS01_03,Diphenhydramine,OLS,FS-D_Chemistry_Radiation,"tpsa, xlogp, rotatable_bonds, cumulative_dose_combined_mGy",7.2511,-2.876929955378294,10.128029955378294,-10.128029955378294,,"{""label"": ""ordinary_least_squares""}"
DS01_12,Diphenhydramine,OLS,FS-D_Chemistry_Radiation,"tpsa, xlogp, rotatable_bonds, cumulative_dose_combined_mGy",8.2707,-3.224999371730527,11.495699371730527,-11.495699371730527,,"{""label"": ""ordinary_least_squares""}"
DS01_17,Diphenhydramine,OLS,FS-D_Chemistry_Radiation,"tpsa, xlogp, rotatable_bonds, cumulative_dose_combined_mGy",-1.1555,-3.083467766651926,1.9279677666519262,-1.9279677666519262,,"{""label"": ""ordinary_least_squares""}"
DS01_18,Diphenhydramine,OLS,FS-D_Chemistry_Radiation,"tpsa, xlogp, rotatable_bonds, cumulative_dose_combined_mGy",8.2789,-3.083467766651926,11.362367766651927,-11.362367766651927,,"{""label"": ""ordinary_least_squares""}"
DS01_26,Diphenhydramine,OLS,FS-D_Chemistry_Radiation,"tpsa, xlogp, rotatable_bonds, cumulative_dose_combined_mGy",-0.8448,-2.7864931948487253,1.9416931948487253,-1.9416931948487253,,"{""label"": ""ordinary_least_squares""}"
DS01_27,Diphenhydramine,OLS,FS-D_Chemistry_Radiation,"tpsa, xlogp, rotatable_bonds, cumulative_dose_combined_mGy",6.2433,-2.7864931948487253,9.029793194848725,-9.029793194848725,,"{""label"": ""ordinary_least_squares""}"
DS01_04,Epinephrine,OLS,FS-D_Chemistry_Radiation,"tpsa, xlogp, rotatable_bonds, cumulative_dose_combined_mGy",-12.2931,-3.9463867371297514,8.34671326287025,8.34671326287025,,"{""label"": ""ordinary_least_squares""}"
DS01_11,Epinephrine,OLS,FS-D_Chemistry_Radiation,"tpsa, xlogp, rotatable_bonds, cumulative_dose_combined_mGy",-11.1498,-3.946738305832597,7.203061694167404,7.203061694167404,,"{""label"": ""ordinary_least_squares""}"
DS01_19,Ketamine,OLS,FS-D_Chemistry_Radiation,"tpsa, xlogp, rotatable_bonds, cumulative_dose_combined_mGy",-1.845,-1.4296079363771286,0.4153920636228714,0.4153920636228714,,"{""label"": ""ordinary_least_squares""}"
DS01_28,Ketamine,OLS,FS-D_Chemistry_Radiation,"tpsa, xlogp, rotatable_bonds, cumulative_dose_combined_mGy",-2.9666,-1.3899729546478283,1.5766270453521718,1.5766270453521718,,"{""label"": ""ordinary_least_squares""}"
DS01_05,Lidocaine,OLS,FS-D_Chemistry_Radiation,"tpsa, xlogp, rotatable_bonds, cumulative_dose_combined_mGy",-3.4518,-0.6194041103104462,2.832395889689554,2.832395889689554,,"{""label"": ""ordinary_least_squares""}"
DS01_13,Lidocaine,OLS,FS-D_Chemistry_Radiation,"tpsa, xlogp, rotatable_bonds, cumulative_dose_combined_mGy",-2.8226,-0.5147122763730305,2.3078877236269695,2.3078877236269695,,"{""label"": ""ordinary_least_squares""}"
DS01_20,Lidocaine,OLS,FS-D_Chemistry_Radiation,"tpsa, xlogp, rotatable_bonds, cumulative_dose_combined_mGy",-3.1665,-0.5572819552924515,2.6092180447075486,2.6092180447075486,,"{""label"": ""ordinary_least_squares""}"
DS01_29,Lidocaine,OLS,FS-D_Chemistry_Radiation,"tpsa, xlogp, rotatable_bonds, cumulative_dose_combined_mGy",-2.8542,-0.6466055530985659,2.2075944469014344,2.2075944469014344,,"{""label"": ""ordinary_least_squares""}"
DS01_06,Naloxone,OLS,FS-D_Chemistry_Radiation,"tpsa, xlogp, rotatable_bonds, cumulative_dose_combined_mGy",-3.4232,-14.32074577428083,10.89754577428083,-10.89754577428083,,"{""label"": ""ordinary_least_squares""}"
DS01_21,Naloxone,OLS,FS-D_Chemistry_Radiation,"tpsa, xlogp, rotatable_bonds, cumulative_dose_combined_mGy",-3.4447,-13.624548295285834,10.179848295285833,-10.179848295285833,,"{""label"": ""ordinary_least_squares""}"
DS01_30,Naloxone,OLS,FS-D_Chemistry_Radiation,"tpsa, xlogp, rotatable_bonds, cumulative_dose_combined_mGy",-3.47,-15.000973481054306,11.530973481054305,-11.530973481054305,,"{""label"": ""ordinary_least_squares""}"
DS01_07,Promethazine,OLS,FS-D_Chemistry_Radiation,"tpsa, xlogp, rotatable_bonds, cumulative_dose_combined_mGy",-2.8931,4.101503050560451,6.9946030505604515,6.9946030505604515,,"{""label"": ""ordinary_least_squares""}"
DS01_08,Promethazine,OLS,FS-D_Chemistry_Radiation,"tpsa, xlogp, rotatable_bonds, cumulative_dose_combined_mGy",-3.5853,5.224414338258059,8.80971433825806,8.80971433825806,,"{""label"": ""ordinary_least_squares""}"
DS01_10,Promethazine,OLS,FS-D_Chemistry_Radiation,"tpsa, xlogp, rotatable_bonds, cumulative_dose_combined_mGy",-3.7938,4.849257294604337,8.643057294604336,8.643057294604336,,"{""label"": ""ordinary_least_squares""}"
DS01_14,Promethazine,OLS,FS-D_Chemistry_Radiation,"tpsa, xlogp, rotatable_bonds, cumulative_dose_combined_mGy",-2.6185,5.489644449951495,8.108144449951496,8.108144449951496,,"{""label"": ""ordinary_least_squares""}"
DS01_22,Promethazine,OLS,FS-D_Chemistry_Radiation,"tpsa, xlogp, rotatable_bonds, cumulative_dose_combined_mGy",-3.1686,4.925199913597707,8.093799913597707,8.093799913597707,,"{""label"": ""ordinary_least_squares""}"
DS01_23,Promethazine,OLS,FS-D_Chemistry_Radiation,"tpsa, xlogp, rotatable_bonds, cumulative_dose_combined_mGy",-3.668,4.925199913597707,8.593199913597708,8.593199913597708,,"{""label"": ""ordinary_least_squares""}"
DS01_31,Promethazine,OLS,FS-D_Chemistry_Radiation,"tpsa, xlogp, rotatable_bonds, cumulative_dose_combined_mGy",-4.1719,3.7408307092971564,7.912730709297156,7.912730709297156,,"{""label"": ""ordinary_least_squares""}"
DS01_32,Promethazine,OLS,FS-D_Chemistry_Radiation,"tpsa, xlogp, rotatable_bonds, cumulative_dose_combined_mGy",-4.1992,4.692100622148242,8.891300622148243,8.891300622148243,,"{""label"": ""ordinary_least_squares""}"
DS01_01,Caffeine,Ridge,FS-D_Chemistry_Radiation,"tpsa, xlogp, rotatable_bonds, cumulative_dose_combined_mGy",-5.2217,-7.587031326915007,2.3653313269150065,-2.3653313269150065,,"{""alpha"": 10.0}"
DS01_09,Caffeine,Ridge,FS-D_Chemistry_Radiation,"tpsa, xlogp, rotatable_bonds, cumulative_dose_combined_mGy",-6.4128,-7.554543508989309,1.1417435089893093,-1.1417435089893093,,"{""alpha"": 10.0}"
DS01_15,Caffeine,Ridge,FS-D_Chemistry_Radiation,"tpsa, xlogp, rotatable_bonds, cumulative_dose_combined_mGy",-6.1704,-7.6015118313877155,1.4311118313877156,-1.4311118313877156,,"{""alpha"": 10.0}"
DS01_24,Caffeine,Ridge,FS-D_Chemistry_Radiation,"tpsa, xlogp, rotatable_bonds, cumulative_dose_combined_mGy",-6.5923,-7.540934068764391,0.9486340687643908,-0.9486340687643908,,"{""alpha"": 10.0}"
DS01_16,Diazepam,Ridge,FS-D_Chemistry_Radiation,"tpsa, xlogp, rotatable_bonds, cumulative_dose_combined_mGy",-0.4246,-3.3185214962904035,2.8939214962904036,-2.8939214962904036,,"{""alpha"": 10.0}"
DS01_25,Diazepam,Ridge,FS-D_Chemistry_Radiation,"tpsa, xlogp, rotatable_bonds, cumulative_dose_combined_mGy",-1.7112,-3.7824576366950025,2.0712576366950026,-2.0712576366950026,,"{""alpha"": 10.0}"
DS01_02,Diphenhydramine,Ridge,FS-D_Chemistry_Radiation,"tpsa, xlogp, rotatable_bonds, cumulative_dose_combined_mGy",-1.4463,-2.764875701482329,1.3185757014823292,-1.3185757014823292,,"{""alpha"": 10.0}"
DS01_03,Diphenhydramine,Ridge,FS-D_Chemistry_Radiation,"tpsa, xlogp, rotatable_bonds, cumulative_dose_combined_mGy",7.2511,-2.764875701482329,10.01597570148233,-10.01597570148233,,"{""alpha"": 10.0}"
DS01_12,Diphenhydramine,Ridge,FS-D_Chemistry_Radiation,"tpsa, xlogp, rotatable_bonds, cumulative_dose_combined_mGy",8.2707,-3.0122638379318762,11.282963837931876,-11.282963837931876,,"{""alpha"": 10.0}"
DS01_17,Diphenhydramine,Ridge,FS-D_Chemistry_Radiation,"tpsa, xlogp, rotatable_bonds, cumulative_dose_combined_mGy",-1.1555,-2.9116711446810672,1.7561711446810673,-1.7561711446810673,,"{""alpha"": 10.0}"
DS01_18,Diphenhydramine,Ridge,FS-D_Chemistry_Radiation,"tpsa, xlogp, rotatable_bonds, cumulative_dose_combined_mGy",8.2789,-2.9116711446810672,11.190571144681067,-11.190571144681067,,"{""alpha"": 10.0}"
DS01_26,Diphenhydramine,Ridge,FS-D_Chemistry_Radiation,"tpsa, xlogp, rotatable_bonds, cumulative_dose_combined_mGy",-0.8448,-2.7005983458662777,1.8557983458662777,-1.8557983458662777,,"{""alpha"": 10.0}"
DS01_27,Diphenhydramine,Ridge,FS-D_Chemistry_Radiation,"tpsa, xlogp, rotatable_bonds, cumulative_dose_combined_mGy",6.2433,-2.7005983458662777,8.943898345866277,-8.943898345866277,,"{""alpha"": 10.0}"
DS01_04,Epinephrine,Ridge,FS-D_Chemistry_Radiation,"tpsa, xlogp, rotatable_bonds, cumulative_dose_combined_mGy",-12.2931,-4.204514509063254,8.088585490936747,8.088585490936747,,"{""alpha"": 10.0}"
DS01_11,Epinephrine,Ridge,FS-D_Chemistry_Radiation,"tpsa, xlogp, rotatable_bonds, cumulative_dose_combined_mGy",-11.1498,-4.217950948139602,6.931849051860399,6.931849051860399,,"{""alpha"": 10.0}"
DS01_19,Ketamine,Ridge,FS-D_Chemistry_Radiation,"tpsa, xlogp, rotatable_bonds, cumulative_dose_combined_mGy",-1.845,-2.4291407817789743,0.5841407817789743,-0.5841407817789743,,"{""alpha"": 10.0}"
DS01_28,Ketamine,Ridge,FS-D_Chemistry_Radiation,"tpsa, xlogp, rotatable_bonds, cumulative_dose_combined_mGy",-2.9666,-2.4294848336596147,0.5371151663403855,0.5371151663403855,,"{""alpha"": 10.0}"
DS01_05,Lidocaine,Ridge,FS-D_Chemistry_Radiation,"tpsa, xlogp, rotatable_bonds, cumulative_dose_combined_mGy",-3.4518,-0.8532565057510251,2.598543494248975,2.598543494248975,,"{""alpha"": 10.0}"
DS01_13,Lidocaine,Ridge,FS-D_Chemistry_Radiation,"tpsa, xlogp, rotatable_bonds, cumulative_dose_combined_mGy",-2.8226,-0.7878127277548825,2.0347872722451177,2.0347872722451177,,"{""alpha"": 10.0}"
DS01_20,Lidocaine,Ridge,FS-D_Chemistry_Radiation,"tpsa, xlogp, rotatable_bonds, cumulative_dose_combined_mGy",-3.1665,-0.8144234051285837,2.3520765948714164,2.3520765948714164,,"{""alpha"": 10.0}"
DS01_29,Lidocaine,Ridge,FS-D_Chemistry_Radiation,"tpsa, xlogp, rotatable_bonds, cumulative_dose_combined_mGy",-2.8542,-0.8702603647536733,1.9839396352463268,1.9839396352463268,,"{""alpha"": 10.0}"
DS01_06,Naloxone,Ridge,FS-D_Chemistry_Radiation,"tpsa, xlogp, rotatable_bonds, cumulative_dose_combined_mGy",-3.4232,-14.129745302118675,10.706545302118675,-10.706545302118675,,"{""alpha"": 0.1}"
DS01_21,Naloxone,Ridge,FS-D_Chemistry_Radiation,"tpsa, xlogp, rotatable_bonds, cumulative_dose_combined_mGy",-3.4447,-13.445635540500518,10.000935540500517,-10.000935540500517,,"{""alpha"": 0.1}"
DS01_30,Naloxone,Ridge,FS-D_Chemistry_Radiation,"tpsa, xlogp, rotatable_bonds, cumulative_dose_combined_mGy",-3.47,-14.798162566425102,11.328162566425101,-11.328162566425101,,"{""alpha"": 0.1}"
DS01_07,Promethazine,Ridge,FS-D_Chemistry_Radiation,"tpsa, xlogp, rotatable_bonds, cumulative_dose_combined_mGy",-2.8931,1.8843004353167774,4.777400435316777,4.777400435316777,,"{""alpha"": 10.0}"
DS01_08,Promethazine,Ridge,FS-D_Chemistry_Radiation,"tpsa, xlogp, rotatable_bonds, cumulative_dose_combined_mGy",-3.5853,2.4140784322098896,5.999378432209889,5.999378432209889,,"{""alpha"": 10.0}"
DS01_10,Promethazine,Ridge,FS-D_Chemistry_Radiation,"tpsa, xlogp, rotatable_bonds, cumulative_dose_combined_mGy",-3.7938,2.2370831973372183,6.030883197337218,6.030883197337218,,"{""alpha"": 10.0}"
DS01_14,Promethazine,Ridge,FS-D_Chemistry_Radiation,"tpsa, xlogp, rotatable_bonds, cumulative_dose_combined_mGy",-2.6185,2.539211271133247,5.1577112711332465,5.1577112711332465,,"{""alpha"": 10.0}"
DS01_22,Promethazine,Ridge,FS-D_Chemistry_Radiation,"tpsa, xlogp, rotatable_bonds, cumulative_dose_combined_mGy",-3.1686,2.272912143942268,5.441512143942268,5.441512143942268,,"{""alpha"": 10.0}"
DS01_23,Promethazine,Ridge,FS-D_Chemistry_Radiation,"tpsa, xlogp, rotatable_bonds, cumulative_dose_combined_mGy",-3.668,2.272912143942268,5.940912143942269,5.940912143942269,,"{""alpha"": 10.0}"
DS01_31,Promethazine,Ridge,FS-D_Chemistry_Radiation,"tpsa, xlogp, rotatable_bonds, cumulative_dose_combined_mGy",-4.1719,1.7141389340631963,5.886038934063196,5.886038934063196,,"{""alpha"": 10.0}"
DS01_32,Promethazine,Ridge,FS-D_Chemistry_Radiation,"tpsa, xlogp, rotatable_bonds, cumulative_dose_combined_mGy",-4.1992,2.162938295558836,6.362138295558836,6.362138295558836,,"{""alpha"": 10.0}"
DS01_01,Caffeine,ElasticNet,FS-D_Chemistry_Radiation,"tpsa, xlogp, rotatable_bonds, cumulative_dose_combined_mGy",-5.2217,-7.72706076807027,2.50536076807027,-2.50536076807027,,"{""alpha"": 0.2, ""l1_ratio"": 0.2}"
DS01_09,Caffeine,ElasticNet,FS-D_Chemistry_Radiation,"tpsa, xlogp, rotatable_bonds, cumulative_dose_combined_mGy",-6.4128,-7.7022909597126406,1.2894909597126407,-1.2894909597126407,,"{""alpha"": 0.2, ""l1_ratio"": 0.2}"
DS01_15,Caffeine,ElasticNet,FS-D_Chemistry_Radiation,"tpsa, xlogp, rotatable_bonds, cumulative_dose_combined_mGy",-6.1704,-7.7381011931776476,1.5677011931776477,-1.5677011931776477,,"{""alpha"": 0.2, ""l1_ratio"": 0.2}"
DS01_24,Caffeine,ElasticNet,FS-D_Chemistry_Radiation,"tpsa, xlogp, rotatable_bonds, cumulative_dose_combined_mGy",-6.5923,-7.691914663372986,1.0996146633729857,-1.0996146633729857,,"{""alpha"": 0.2, ""l1_ratio"": 0.2}"
DS01_16,Diazepam,ElasticNet,FS-D_Chemistry_Radiation,"tpsa, xlogp, rotatable_bonds, cumulative_dose_combined_mGy",-0.4246,-3.2716475522224693,2.8470475522224694,-2.8470475522224694,,"{""alpha"": 0.2, ""l1_ratio"": 0.2}"
DS01_25,Diazepam,ElasticNet,FS-D_Chemistry_Radiation,"tpsa, xlogp, rotatable_bonds, cumulative_dose_combined_mGy",-1.7112,-3.6278348791299893,1.9166348791299892,-1.9166348791299892,,"{""alpha"": 0.2, ""l1_ratio"": 0.2}"
DS01_02,Diphenhydramine,ElasticNet,FS-D_Chemistry_Radiation,"tpsa, xlogp, rotatable_bonds, cumulative_dose_combined_mGy",-1.4463,-2.757111781309967,1.3108117813099671,-1.3108117813099671,,"{""alpha"": 0.2, ""l1_ratio"": 0.2}"
DS01_03,Diphenhydramine,ElasticNet,FS-D_Chemistry_Radiation,"tpsa, xlogp, rotatable_bonds, cumulative_dose_combined_mGy",7.2511,-2.757111781309967,10.008211781309967,-10.008211781309967,,"{""alpha"": 0.2, ""l1_ratio"": 0.2}"
DS01_12,Diphenhydramine,ElasticNet,FS-D_Chemistry_Radiation,"tpsa, xlogp, rotatable_bonds, cumulative_dose_combined_mGy",8.2707,-2.9919470854366588,11.262647085436658,-11.262647085436658,,"{""alpha"": 0.2, ""l1_ratio"": 0.2}"
DS01_17,Diphenhydramine,ElasticNet,FS-D_Chemistry_Radiation,"tpsa, xlogp, rotatable_bonds, cumulative_dose_combined_mGy",-1.1555,-2.896458611124575,1.740958611124575,-1.740958611124575,,"{""alpha"": 0.2, ""l1_ratio"": 0.2}"
DS01_18,Diphenhydramine,ElasticNet,FS-D_Chemistry_Radiation,"tpsa, xlogp, rotatable_bonds, cumulative_dose_combined_mGy",8.2789,-2.896458611124575,11.175358611124576,-11.175358611124576,,"{""alpha"": 0.2, ""l1_ratio"": 0.2}"
DS01_26,Diphenhydramine,ElasticNet,FS-D_Chemistry_Radiation,"tpsa, xlogp, rotatable_bonds, cumulative_dose_combined_mGy",-0.8448,-2.6960959518074334,1.8512959518074334,-1.8512959518074334,,"{""alpha"": 0.2, ""l1_ratio"": 0.2}"
DS01_27,Diphenhydramine,ElasticNet,FS-D_Chemistry_Radiation,"tpsa, xlogp, rotatable_bonds, cumulative_dose_combined_mGy",6.2433,-2.6960959518074334,8.939395951807434,-8.939395951807434,,"{""alpha"": 0.2, ""l1_ratio"": 0.2}"
DS01_04,Epinephrine,ElasticNet,FS-D_Chemistry_Radiation,"tpsa, xlogp, rotatable_bonds, cumulative_dose_combined_mGy",-12.2931,-4.215658894787586,8.077441105212415,8.077441105212415,,"{""alpha"": 0.2, ""l1_ratio"": 0.2}"
DS01_11,Epinephrine,ElasticNet,FS-D_Chemistry_Radiation,"tpsa, xlogp, rotatable_bonds, cumulative_dose_combined_mGy",-11.1498,-4.215658894787586,6.934141105212415,6.934141105212415,,"{""alpha"": 0.2, ""l1_ratio"": 0.2}"
DS01_19,Ketamine,ElasticNet,FS-D_Chemistry_Radiation,"tpsa, xlogp, rotatable_bonds, cumulative_dose_combined_mGy",-1.845,-2.1621752385477713,0.3171752385477713,-0.3171752385477713,,"{""alpha"": 0.2, ""l1_ratio"": 0.2}"
DS01_28,Ketamine,ElasticNet,FS-D_Chemistry_Radiation,"tpsa, xlogp, rotatable_bonds, cumulative_dose_combined_mGy",-2.9666,-2.1621752385477713,0.8044247614522289,0.8044247614522289,,"{""alpha"": 0.2, ""l1_ratio"": 0.2}"
DS01_05,Lidocaine,ElasticNet,FS-D_Chemistry_Radiation,"tpsa, xlogp, rotatable_bonds, cumulative_dose_combined_mGy",-3.4518,-0.7110848454350569,2.740715154564943,2.740715154564943,,"{""alpha"": 0.2, ""l1_ratio"": 0.2}"
DS01_13,Lidocaine,ElasticNet,FS-D_Chemistry_Radiation,"tpsa, xlogp, rotatable_bonds, cumulative_dose_combined_mGy",-2.8226,-0.6869316628303108,2.1356683371696894,2.1356683371696894,,"{""alpha"": 0.2, ""l1_ratio"": 0.2}"
DS01_20,Lidocaine,ElasticNet,FS-D_Chemistry_Radiation,"tpsa, xlogp, rotatable_bonds, cumulative_dose_combined_mGy",-3.1665,-0.6967528035028567,2.4697471964971434,2.4697471964971434,,"{""alpha"": 0.2, ""l1_ratio"": 0.2}"
DS01_29,Lidocaine,ElasticNet,FS-D_Chemistry_Radiation,"tpsa, xlogp, rotatable_bonds, cumulative_dose_combined_mGy",-2.8542,-0.7173604200435479,2.136839579956452,2.136839579956452,,"{""alpha"": 0.2, ""l1_ratio"": 0.2}"
DS01_06,Naloxone,ElasticNet,FS-D_Chemistry_Radiation,"tpsa, xlogp, rotatable_bonds, cumulative_dose_combined_mGy",-3.4232,-13.187311342470672,9.764111342470672,-9.764111342470672,,"{""alpha"": 0.05, ""l1_ratio"": 0.8}"
DS01_21,Naloxone,ElasticNet,FS-D_Chemistry_Radiation,"tpsa, xlogp, rotatable_bonds, cumulative_dose_combined_mGy",-3.4447,-12.595710366419574,9.151010366419573,-9.151010366419573,,"{""alpha"": 0.05, ""l1_ratio"": 0.8}"
DS01_30,Naloxone,ElasticNet,FS-D_Chemistry_Radiation,"tpsa, xlogp, rotatable_bonds, cumulative_dose_combined_mGy",-3.47,-13.765341840146576,10.295341840146575,-10.295341840146575,,"{""alpha"": 0.05, ""l1_ratio"": 0.8}"
DS01_07,Promethazine,ElasticNet,FS-D_Chemistry_Radiation,"tpsa, xlogp, rotatable_bonds, cumulative_dose_combined_mGy",-2.8931,2.8073483135894635,5.7004483135894635,5.7004483135894635,,"{""alpha"": 0.2, ""l1_ratio"": 0.2}"
DS01_08,Promethazine,ElasticNet,FS-D_Chemistry_Radiation,"tpsa, xlogp, rotatable_bonds, cumulative_dose_combined_mGy",-3.5853,3.5392911395325686,7.124591139532569,7.124591139532569,,"{""alpha"": 0.2, ""l1_ratio"": 0.2}"
DS01_10,Promethazine,ElasticNet,FS-D_Chemistry_Radiation,"tpsa, xlogp, rotatable_bonds, cumulative_dose_combined_mGy",-3.7938,3.294754006712943,7.088554006712943,7.088554006712943,,"{""alpha"": 0.2, ""l1_ratio"": 0.2}"
DS01_14,Promethazine,ElasticNet,FS-D_Chemistry_Radiation,"tpsa, xlogp, rotatable_bonds, cumulative_dose_combined_mGy",-2.6185,3.7121750348188516,6.330675034818851,6.330675034818851,,"{""alpha"": 0.2, ""l1_ratio"": 0.2}"
DS01_22,Promethazine,ElasticNet,FS-D_Chemistry_Radiation,"tpsa, xlogp, rotatable_bonds, cumulative_dose_combined_mGy",-3.1686,3.3442553838604643,6.512855383860464,6.512855383860464,,"{""alpha"": 0.2, ""l1_ratio"": 0.2}"
DS01_23,Promethazine,ElasticNet,FS-D_Chemistry_Radiation,"tpsa, xlogp, rotatable_bonds, cumulative_dose_combined_mGy",-3.668,3.3442553838604643,7.012255383860465,7.012255383860465,,"{""alpha"": 0.2, ""l1_ratio"": 0.2}"
DS01_31,Promethazine,ElasticNet,FS-D_Chemistry_Radiation,"tpsa, xlogp, rotatable_bonds, cumulative_dose_combined_mGy",-4.1719,2.572252687072916,6.744152687072916,6.744152687072916,,"{""alpha"": 0.2, ""l1_ratio"": 0.2}"
DS01_32,Promethazine,ElasticNet,FS-D_Chemistry_Radiation,"tpsa, xlogp, rotatable_bonds, cumulative_dose_combined_mGy",-4.1992,3.1923151941250114,7.391515194125011,7.391515194125011,,"{""alpha"": 0.2, ""l1_ratio"": 0.2}"
DS01_01,Caffeine,PLS,FS-D_Chemistry_Radiation,"tpsa, xlogp, rotatable_bonds, cumulative_dose_combined_mGy",-5.2217,-8.832690981599521,3.610990981599521,-3.610990981599521,,"{""n_components"": 1}"
DS01_09,Caffeine,PLS,FS-D_Chemistry_Radiation,"tpsa, xlogp, rotatable_bonds, cumulative_dose_combined_mGy",-6.4128,-8.891721940504025,2.4789219405040255,-2.4789219405040255,,"{""n_components"": 1}"
DS01_15,Caffeine,PLS,FS-D_Chemistry_Radiation,"tpsa, xlogp, rotatable_bonds, cumulative_dose_combined_mGy",-6.1704,-8.806379640333082,2.6359796403330824,-2.6359796403330824,,"{""n_components"": 1}"
DS01_24,Caffeine,PLS,FS-D_Chemistry_Radiation,"tpsa, xlogp, rotatable_bonds, cumulative_dose_combined_mGy",-6.5923,-8.91645054211303,2.3241505421130295,-2.3241505421130295,,"{""n_components"": 1}"
DS01_16,Diazepam,PLS,FS-D_Chemistry_Radiation,"tpsa, xlogp, rotatable_bonds, cumulative_dose_combined_mGy",-0.4246,-3.714709364426897,3.2901093644268973,-3.2901093644268973,,"{""n_components"": 1}"
DS01_25,Diazepam,PLS,FS-D_Chemistry_Radiation,"tpsa, xlogp, rotatable_bonds, cumulative_dose_combined_mGy",-1.7112,-3.3452702975107,1.6340702975106998,-1.6340702975106998,,"{""n_components"": 1}"
DS01_02,Diphenhydramine,PLS,FS-D_Chemistry_Radiation,"tpsa, xlogp, rotatable_bonds, cumulative_dose_combined_mGy",-1.4463,-1.572888795763653,0.12658879576365312,-0.12658879576365312,,"{""n_components"": 1}"
DS01_03,Diphenhydramine,PLS,FS-D_Chemistry_Radiation,"tpsa, xlogp, rotatable_bonds, cumulative_dose_combined_mGy",7.2511,-1.572888795763653,8.823988795763654,-8.823988795763654,,"{""n_components"": 1}"
DS01_12,Diphenhydramine,PLS,FS-D_Chemistry_Radiation,"tpsa, xlogp, rotatable_bonds, cumulative_dose_combined_mGy",8.2707,-1.7752014418134299,10.04590144181343,-10.04590144181343,,"{""n_components"": 1}"
DS01_17,Diphenhydramine,PLS,FS-D_Chemistry_Radiation,"tpsa, xlogp, rotatable_bonds, cumulative_dose_combined_mGy",-1.1555,-1.6929372951291155,0.5374372951291155,-0.5374372951291155,,"{""n_components"": 1}"
DS01_18,Diphenhydramine,PLS,FS-D_Chemistry_Radiation,"tpsa, xlogp, rotatable_bonds, cumulative_dose_combined_mGy",8.2789,-1.6929372951291155,9.971837295129117,-9.971837295129117,,"{""n_components"": 1}"
DS01_26,Diphenhydramine,PLS,FS-D_Chemistry_Radiation,"tpsa, xlogp, rotatable_bonds, cumulative_dose_combined_mGy",-0.8448,-1.520323130803329,0.6755231308033289,-0.6755231308033289,,"{""n_components"": 1}"
DS01_27,Diphenhydramine,PLS,FS-D_Chemistry_Radiation,"tpsa, xlogp, rotatable_bonds, cumulative_dose_combined_mGy",6.2433,-1.520323130803329,7.763623130803328,-7.763623130803328,,"{""n_components"": 1}"
DS01_04,Epinephrine,PLS,FS-D_Chemistry_Radiation,"tpsa, xlogp, rotatable_bonds, cumulative_dose_combined_mGy",-12.2931,-6.026185504899012,6.2669144951009885,6.2669144951009885,,"{""n_components"": 1}"
DS01_11,Epinephrine,PLS,FS-D_Chemistry_Radiation,"tpsa, xlogp, rotatable_bonds, cumulative_dose_combined_mGy",-11.1498,-6.111820417574422,5.037979582425579,5.037979582425579,,"{""n_components"": 1}"
DS01_19,Ketamine,PLS,FS-D_Chemistry_Radiation,"tpsa, xlogp, rotatable_bonds, cumulative_dose_combined_mGy",-1.845,-2.934417093807215,1.0894170938072152,-1.0894170938072152,,"{""n_components"": 1}"
DS01_28,Ketamine,PLS,FS-D_Chemistry_Radiation,"tpsa, xlogp, rotatable_bonds, cumulative_dose_combined_mGy",-2.9666,-2.813730288055614,0.15286971194438603,0.15286971194438603,,"{""n_components"": 1}"
DS01_05,Lidocaine,PLS,FS-D_Chemistry_Radiation,"tpsa, xlogp, rotatable_bonds, cumulative_dose_combined_mGy",-3.4518,-0.7415706642362727,2.710229335763727,2.710229335763727,,"{""n_components"": 1}"
DS01_13,Lidocaine,PLS,FS-D_Chemistry_Radiation,"tpsa, xlogp, rotatable_bonds, cumulative_dose_combined_mGy",-2.8226,-0.8710660617237513,1.9515339382762487,1.9515339382762487,,"{""n_components"": 1}"
DS01_20,Lidocaine,PLS,FS-D_Chemistry_Radiation,"tpsa, xlogp, rotatable_bonds, cumulative_dose_combined_mGy",-3.1665,-0.8184107849437099,2.34808921505629,2.34808921505629,,"{""n_components"": 1}"
DS01_29,Lidocaine,PLS,FS-D_Chemistry_Radiation,"tpsa, xlogp, rotatable_bonds, cumulative_dose_combined_mGy",-2.8542,-0.7079246623123197,2.1462753376876806,2.1462753376876806,,"{""n_components"": 1}"
DS01_06,Naloxone,PLS,FS-D_Chemistry_Radiation,"tpsa, xlogp, rotatable_bonds, cumulative_dose_combined_mGy",-3.4232,-7.239521334151984,3.816321334151984,-3.816321334151984,,"{""n_components"": 1}"
DS01_21,Naloxone,PLS,FS-D_Chemistry_Radiation,"tpsa, xlogp, rotatable_bonds, cumulative_dose_combined_mGy",-3.4447,-7.347156432112644,3.9024564321126443,-3.9024564321126443,,"{""n_components"": 1}"
DS01_30,Naloxone,PLS,FS-D_Chemistry_Radiation,"tpsa, xlogp, rotatable_bonds, cumulative_dose_combined_mGy",-3.47,-7.134355231051739,3.6643552310517387,-3.6643552310517387,,"{""n_components"": 1}"
DS01_07,Promethazine,PLS,FS-D_Chemistry_Radiation,"tpsa, xlogp, rotatable_bonds, cumulative_dose_combined_mGy",-2.8931,1.5873900686327866,4.480490068632786,4.480490068632786,,"{""n_components"": 1}"
DS01_08,Promethazine,PLS,FS-D_Chemistry_Radiation,"tpsa, xlogp, rotatable_bonds, cumulative_dose_combined_mGy",-3.5853,1.5323261536728334,5.117626153672834,5.117626153672834,,"{""n_components"": 1}"
DS01_10,Promethazine,PLS,FS-D_Chemistry_Radiation,"tpsa, xlogp, rotatable_bonds, cumulative_dose_combined_mGy",-3.7938,1.5507226341203064,5.344522634120306,5.344522634120306,,"{""n_components"": 1}"
DS01_14,Promethazine,PLS,FS-D_Chemistry_Radiation,"tpsa, xlogp, rotatable_bonds, cumulative_dose_combined_mGy",-2.6185,1.5193201322042529,4.1378201322042525,4.1378201322042525,,"{""n_components"": 1}"
DS01_22,Promethazine,PLS,FS-D_Chemistry_Radiation,"tpsa, xlogp, rotatable_bonds, cumulative_dose_combined_mGy",-3.1686,1.5469986552451265,4.715598655245127,4.715598655245127,,"{""n_components"": 1}"
DS01_23,Promethazine,PLS,FS-D_Chemistry_Radiation,"tpsa, xlogp, rotatable_bonds, cumulative_dose_combined_mGy",-3.668,1.5469986552451265,5.214998655245127,5.214998655245127,,"{""n_components"": 1}"
DS01_31,Promethazine,PLS,FS-D_Chemistry_Radiation,"tpsa, xlogp, rotatable_bonds, cumulative_dose_combined_mGy",-4.1719,1.6050762664164515,5.776976266416451,5.776976266416451,,"{""n_components"": 1}"
DS01_32,Promethazine,PLS,FS-D_Chemistry_Radiation,"tpsa, xlogp, rotatable_bonds, cumulative_dose_combined_mGy",-4.1992,1.558429085860813,5.757629085860813,5.757629085860813,,"{""n_components"": 1}"
DS01_01,Caffeine,RandomForest,FS-D_Chemistry_Radiation,"tpsa, xlogp, rotatable_bonds, cumulative_dose_combined_mGy",-5.2217,-4.17921172965923,1.0424882703407699,1.0424882703407699,,"{""max_depth"": 2, ""max_features"": ""sqrt"", ""min_samples_leaf"": 5, ""n_estimators"": 50}"
DS01_09,Caffeine,RandomForest,FS-D_Chemistry_Radiation,"tpsa, xlogp, rotatable_bonds, cumulative_dose_combined_mGy",-6.4128,-4.191362951881452,2.221437048118548,2.221437048118548,,"{""max_depth"": 2, ""max_features"": ""sqrt"", ""min_samples_leaf"": 5, ""n_estimators"": 50}"
DS01_15,Caffeine,RandomForest,FS-D_Chemistry_Radiation,"tpsa, xlogp, rotatable_bonds, cumulative_dose_combined_mGy",-6.1704,-4.17921172965923,1.9911882703407695,1.9911882703407695,,"{""max_depth"": 2, ""max_features"": ""sqrt"", ""min_samples_leaf"": 5, ""n_estimators"": 50}"
DS01_24,Caffeine,RandomForest,FS-D_Chemistry_Radiation,"tpsa, xlogp, rotatable_bonds, cumulative_dose_combined_mGy",-6.5923,-4.240560073959374,2.3517399260406258,2.3517399260406258,,"{""max_depth"": 2, ""max_features"": ""sqrt"", ""min_samples_leaf"": 5, ""n_estimators"": 50}"
DS01_16,Diazepam,RandomForest,FS-D_Chemistry_Radiation,"tpsa, xlogp, rotatable_bonds, cumulative_dose_combined_mGy",-0.4246,-3.5959596975733463,3.1713596975733465,-3.1713596975733465,,"{""max_depth"": 1, ""max_features"": ""sqrt"", ""min_samples_leaf"": 5, ""n_estimators"": 50}"
DS01_25,Diazepam,RandomForest,FS-D_Chemistry_Radiation,"tpsa, xlogp, rotatable_bonds, cumulative_dose_combined_mGy",-1.7112,-3.5959596975733463,1.8847596975733463,-1.8847596975733463,,"{""max_depth"": 1, ""max_features"": ""sqrt"", ""min_samples_leaf"": 5, ""n_estimators"": 50}"
DS01_02,Diphenhydramine,RandomForest,FS-D_Chemistry_Radiation,"tpsa, xlogp, rotatable_bonds, cumulative_dose_combined_mGy",-1.4463,-3.0112750397232895,1.5649750397232896,-1.5649750397232896,,"{""max_depth"": 2, ""max_features"": ""sqrt"", ""min_samples_leaf"": 5, ""n_estimators"": 50}"
DS01_03,Diphenhydramine,RandomForest,FS-D_Chemistry_Radiation,"tpsa, xlogp, rotatable_bonds, cumulative_dose_combined_mGy",7.2511,-3.0112750397232895,10.26237503972329,-10.26237503972329,,"{""max_depth"": 2, ""max_features"": ""sqrt"", ""min_samples_leaf"": 5, ""n_estimators"": 50}"
DS01_12,Diphenhydramine,RandomForest,FS-D_Chemistry_Radiation,"tpsa, xlogp, rotatable_bonds, cumulative_dose_combined_mGy",8.2707,-2.956529117501067,11.227229117501066,-11.227229117501066,,"{""max_depth"": 2, ""max_features"": ""sqrt"", ""min_samples_leaf"": 5, ""n_estimators"": 50}"
DS01_17,Diphenhydramine,RandomForest,FS-D_Chemistry_Radiation,"tpsa, xlogp, rotatable_bonds, cumulative_dose_combined_mGy",-1.1555,-2.9650143079772575,1.8095143079772575,-1.8095143079772575,,"{""max_depth"": 2, ""max_features"": ""sqrt"", ""min_samples_leaf"": 5, ""n_estimators"": 50}"
DS01_18,Diphenhydramine,RandomForest,FS-D_Chemistry_Radiation,"tpsa, xlogp, rotatable_bonds, cumulative_dose_combined_mGy",8.2789,-2.9650143079772575,11.243914307977258,-11.243914307977258,,"{""max_depth"": 2, ""max_features"": ""sqrt"", ""min_samples_leaf"": 5, ""n_estimators"": 50}"
DS01_26,Diphenhydramine,RandomForest,FS-D_Chemistry_Radiation,"tpsa, xlogp, rotatable_bonds, cumulative_dose_combined_mGy",-0.8448,-3.0112750397232895,2.1664750397232897,-2.1664750397232897,,"{""max_depth"": 2, ""max_features"": ""sqrt"", ""min_samples_leaf"": 5, ""n_estimators"": 50}"
DS01_27,Diphenhydramine,RandomForest,FS-D_Chemistry_Radiation,"tpsa, xlogp, rotatable_bonds, cumulative_dose_combined_mGy",6.2433,-3.0112750397232895,9.254575039723289,-9.254575039723289,,"{""max_depth"": 2, ""max_features"": ""sqrt"", ""min_samples_leaf"": 5, ""n_estimators"": 50}"
DS01_04,Epinephrine,RandomForest,FS-D_Chemistry_Radiation,"tpsa, xlogp, rotatable_bonds, cumulative_dose_combined_mGy",-12.2931,-3.6820436295836765,8.611056370416325,8.611056370416325,,"{""max_depth"": 1, ""max_features"": ""sqrt"", ""min_samples_leaf"": 5, ""n_estimators"": 50}"
DS01_11,Epinephrine,RandomForest,FS-D_Chemistry_Radiation,"tpsa, xlogp, rotatable_bonds, cumulative_dose_combined_mGy",-11.1498,-3.6820436295836765,7.467756370416325,7.467756370416325,,"{""max_depth"": 1, ""max_features"": ""sqrt"", ""min_samples_leaf"": 5, ""n_estimators"": 50}"
DS01_19,Ketamine,RandomForest,FS-D_Chemistry_Radiation,"tpsa, xlogp, rotatable_bonds, cumulative_dose_combined_mGy",-1.845,-3.7377249381025712,1.8927249381025713,-1.8927249381025713,,"{""max_depth"": 1, ""max_features"": ""sqrt"", ""min_samples_leaf"": 5, ""n_estimators"": 50}"
DS01_28,Ketamine,RandomForest,FS-D_Chemistry_Radiation,"tpsa, xlogp, rotatable_bonds, cumulative_dose_combined_mGy",-2.9666,-3.7377249381025712,0.7711249381025711,-0.7711249381025711,,"{""max_depth"": 1, ""max_features"": ""sqrt"", ""min_samples_leaf"": 5, ""n_estimators"": 50}"
DS01_05,Lidocaine,RandomForest,FS-D_Chemistry_Radiation,"tpsa, xlogp, rotatable_bonds, cumulative_dose_combined_mGy",-3.4518,-0.9679051744296469,2.4838948255703532,2.4838948255703532,,"{""max_depth"": 2, ""max_features"": ""sqrt"", ""min_samples_leaf"": 5, ""n_estimators"": 50}"
DS01_13,Lidocaine,RandomForest,FS-D_Chemistry_Radiation,"tpsa, xlogp, rotatable_bonds, cumulative_dose_combined_mGy",-2.8226,-0.8829537006785613,1.9396462993214387,1.9396462993214387,,"{""max_depth"": 2, ""max_features"": ""sqrt"", ""min_samples_leaf"": 5, ""n_estimators"": 50}"
DS01_20,Lidocaine,RandomForest,FS-D_Chemistry_Radiation,"tpsa, xlogp, rotatable_bonds, cumulative_dose_combined_mGy",-3.1665,-0.855198140239001,2.311301859760999,2.311301859760999,,"{""max_depth"": 2, ""max_features"": ""sqrt"", ""min_samples_leaf"": 5, ""n_estimators"": 50}"
DS01_29,Lidocaine,RandomForest,FS-D_Chemistry_Radiation,"tpsa, xlogp, rotatable_bonds, cumulative_dose_combined_mGy",-2.8542,-0.9679051744296469,1.8862948255703533,1.8862948255703533,,"{""max_depth"": 2, ""max_features"": ""sqrt"", ""min_samples_leaf"": 5, ""n_estimators"": 50}"
DS01_06,Naloxone,RandomForest,FS-D_Chemistry_Radiation,"tpsa, xlogp, rotatable_bonds, cumulative_dose_combined_mGy",-3.4232,-5.355023449969475,1.931823449969475,-1.931823449969475,,"{""max_depth"": 2, ""max_features"": ""sqrt"", ""min_samples_leaf"": 5, ""n_estimators"": 50}"
DS01_21,Naloxone,RandomForest,FS-D_Chemistry_Radiation,"tpsa, xlogp, rotatable_bonds, cumulative_dose_combined_mGy",-3.4447,-5.215378581282606,1.7706785812826062,-1.7706785812826062,,"{""max_depth"": 2, ""max_features"": ""sqrt"", ""min_samples_leaf"": 5, ""n_estimators"": 50}"
DS01_30,Naloxone,RandomForest,FS-D_Chemistry_Radiation,"tpsa, xlogp, rotatable_bonds, cumulative_dose_combined_mGy",-3.47,-5.355023449969475,1.885023449969475,-1.885023449969475,,"{""max_depth"": 2, ""max_features"": ""sqrt"", ""min_samples_leaf"": 5, ""n_estimators"": 50}"
DS01_07,Promethazine,RandomForest,FS-D_Chemistry_Radiation,"tpsa, xlogp, rotatable_bonds, cumulative_dose_combined_mGy",-2.8931,-0.5537271868714623,2.339372813128538,2.339372813128538,,"{""max_depth"": 2, ""max_features"": ""sqrt"", ""min_samples_leaf"": 5, ""n_estimators"": 50}"
DS01_08,Promethazine,RandomForest,FS-D_Chemistry_Radiation,"tpsa, xlogp, rotatable_bonds, cumulative_dose_combined_mGy",-3.5853,-0.5537271868714623,3.031572813128538,3.031572813128538,,"{""max_depth"": 2, ""max_features"": ""sqrt"", ""min_samples_leaf"": 5, ""n_estimators"": 50}"
DS01_10,Promethazine,RandomForest,FS-D_Chemistry_Radiation,"tpsa, xlogp, rotatable_bonds, cumulative_dose_combined_mGy",-3.7938,-0.5537271868714623,3.240072813128538,3.240072813128538,,"{""max_depth"": 2, ""max_features"": ""sqrt"", ""min_samples_leaf"": 5, ""n_estimators"": 50}"
DS01_14,Promethazine,RandomForest,FS-D_Chemistry_Radiation,"tpsa, xlogp, rotatable_bonds, cumulative_dose_combined_mGy",-2.6185,-0.5537271868714623,2.064772813128538,2.064772813128538,,"{""max_depth"": 2, ""max_features"": ""sqrt"", ""min_samples_leaf"": 5, ""n_estimators"": 50}"
DS01_22,Promethazine,RandomForest,FS-D_Chemistry_Radiation,"tpsa, xlogp, rotatable_bonds, cumulative_dose_combined_mGy",-3.1686,-0.5537271868714623,2.614872813128538,2.614872813128538,,"{""max_depth"": 2, ""max_features"": ""sqrt"", ""min_samples_leaf"": 5, ""n_estimators"": 50}"
DS01_23,Promethazine,RandomForest,FS-D_Chemistry_Radiation,"tpsa, xlogp, rotatable_bonds, cumulative_dose_combined_mGy",-3.668,-0.5537271868714623,3.114272813128538,3.114272813128538,,"{""max_depth"": 2, ""max_features"": ""sqrt"", ""min_samples_leaf"": 5, ""n_estimators"": 50}"
DS01_31,Promethazine,RandomForest,FS-D_Chemistry_Radiation,"tpsa, xlogp, rotatable_bonds, cumulative_dose_combined_mGy",-4.1719,-0.5537271868714623,3.618172813128538,3.618172813128538,,"{""max_depth"": 2, ""max_features"": ""sqrt"", ""min_samples_leaf"": 5, ""n_estimators"": 50}"
DS01_32,Promethazine,RandomForest,FS-D_Chemistry_Radiation,"tpsa, xlogp, rotatable_bonds, cumulative_dose_combined_mGy",-4.1992,-0.5537271868714623,3.645472813128538,3.645472813128538,,"{""max_depth"": 2, ""max_features"": ""sqrt"", ""min_samples_leaf"": 5, ""n_estimators"": 50}"
DS01_01,Caffeine,GradientBoosting,FS-D_Chemistry_Radiation,"tpsa, xlogp, rotatable_bonds, cumulative_dose_combined_mGy",-5.2217,-4.011285985889649,1.2104140141103512,1.2104140141103512,,"{""learning_rate"": 0.05, ""max_depth"": 1, ""min_samples_leaf"": 5, ""n_estimators"": 20}"
DS01_09,Caffeine,GradientBoosting,FS-D_Chemistry_Radiation,"tpsa, xlogp, rotatable_bonds, cumulative_dose_combined_mGy",-6.4128,-4.011285985889649,2.401514014110351,2.401514014110351,,"{""learning_rate"": 0.05, ""max_depth"": 1, ""min_samples_leaf"": 5, ""n_estimators"": 20}"
DS01_15,Caffeine,GradientBoosting,FS-D_Chemistry_Radiation,"tpsa, xlogp, rotatable_bonds, cumulative_dose_combined_mGy",-6.1704,-4.011285985889649,2.159114014110351,2.159114014110351,,"{""learning_rate"": 0.05, ""max_depth"": 1, ""min_samples_leaf"": 5, ""n_estimators"": 20}"
DS01_24,Caffeine,GradientBoosting,FS-D_Chemistry_Radiation,"tpsa, xlogp, rotatable_bonds, cumulative_dose_combined_mGy",-6.5923,-4.011285985889649,2.581014014110351,2.581014014110351,,"{""learning_rate"": 0.05, ""max_depth"": 1, ""min_samples_leaf"": 5, ""n_estimators"": 20}"
DS01_16,Diazepam,GradientBoosting,FS-D_Chemistry_Radiation,"tpsa, xlogp, rotatable_bonds, cumulative_dose_combined_mGy",-0.4246,-3.416978093886527,2.992378093886527,-2.992378093886527,,"{""learning_rate"": 0.05, ""max_depth"": 1, ""min_samples_leaf"": 5, ""n_estimators"": 20}"
DS01_25,Diazepam,GradientBoosting,FS-D_Chemistry_Radiation,"tpsa, xlogp, rotatable_bonds, cumulative_dose_combined_mGy",-1.7112,-3.416978093886527,1.7057780938865268,-1.7057780938865268,,"{""learning_rate"": 0.05, ""max_depth"": 1, ""min_samples_leaf"": 5, ""n_estimators"": 20}"
DS01_02,Diphenhydramine,GradientBoosting,FS-D_Chemistry_Radiation,"tpsa, xlogp, rotatable_bonds, cumulative_dose_combined_mGy",-1.4463,-3.2526202384350125,1.8063202384350125,-1.8063202384350125,,"{""learning_rate"": 0.05, ""max_depth"": 1, ""min_samples_leaf"": 5, ""n_estimators"": 40}"
DS01_03,Diphenhydramine,GradientBoosting,FS-D_Chemistry_Radiation,"tpsa, xlogp, rotatable_bonds, cumulative_dose_combined_mGy",7.2511,-3.2526202384350125,10.503720238435012,-10.503720238435012,,"{""learning_rate"": 0.05, ""max_depth"": 1, ""min_samples_leaf"": 5, ""n_estimators"": 40}"
DS01_12,Diphenhydramine,GradientBoosting,FS-D_Chemistry_Radiation,"tpsa, xlogp, rotatable_bonds, cumulative_dose_combined_mGy",8.2707,-3.2526202384350125,11.523320238435012,-11.523320238435012,,"{""learning_rate"": 0.05, ""max_depth"": 1, ""min_samples_leaf"": 5, ""n_estimators"": 40}"
DS01_17,Diphenhydramine,GradientBoosting,FS-D_Chemistry_Radiation,"tpsa, xlogp, rotatable_bonds, cumulative_dose_combined_mGy",-1.1555,-3.2526202384350125,2.0971202384350125,-2.0971202384350125,,"{""learning_rate"": 0.05, ""max_depth"": 1, ""min_samples_leaf"": 5, ""n_estimators"": 40}"
DS01_18,Diphenhydramine,GradientBoosting,FS-D_Chemistry_Radiation,"tpsa, xlogp, rotatable_bonds, cumulative_dose_combined_mGy",8.2789,-3.2526202384350125,11.531520238435013,-11.531520238435013,,"{""learning_rate"": 0.05, ""max_depth"": 1, ""min_samples_leaf"": 5, ""n_estimators"": 40}"
DS01_26,Diphenhydramine,GradientBoosting,FS-D_Chemistry_Radiation,"tpsa, xlogp, rotatable_bonds, cumulative_dose_combined_mGy",-0.8448,-3.2526202384350125,2.4078202384350123,-2.4078202384350123,,"{""learning_rate"": 0.05, ""max_depth"": 1, ""min_samples_leaf"": 5, ""n_estimators"": 40}"
DS01_27,Diphenhydramine,GradientBoosting,FS-D_Chemistry_Radiation,"tpsa, xlogp, rotatable_bonds, cumulative_dose_combined_mGy",6.2433,-3.2526202384350125,9.495920238435012,-9.495920238435012,,"{""learning_rate"": 0.05, ""max_depth"": 1, ""min_samples_leaf"": 5, ""n_estimators"": 40}"
DS01_04,Epinephrine,GradientBoosting,FS-D_Chemistry_Radiation,"tpsa, xlogp, rotatable_bonds, cumulative_dose_combined_mGy",-12.2931,-3.595135317251,8.697964682749001,8.697964682749001,,"{""learning_rate"": 0.05, ""max_depth"": 1, ""min_samples_leaf"": 5, ""n_estimators"": 20}"
DS01_11,Epinephrine,GradientBoosting,FS-D_Chemistry_Radiation,"tpsa, xlogp, rotatable_bonds, cumulative_dose_combined_mGy",-11.1498,-3.595135317251,7.554664682749001,7.554664682749001,,"{""learning_rate"": 0.05, ""max_depth"": 1, ""min_samples_leaf"": 5, ""n_estimators"": 20}"
DS01_19,Ketamine,GradientBoosting,FS-D_Chemistry_Radiation,"tpsa, xlogp, rotatable_bonds, cumulative_dose_combined_mGy",-1.845,-3.33215414555865,1.48715414555865,-1.48715414555865,,"{""learning_rate"": 0.05, ""max_depth"": 1, ""min_samples_leaf"": 5, ""n_estimators"": 20}"
DS01_28,Ketamine,GradientBoosting,FS-D_Chemistry_Radiation,"tpsa, xlogp, rotatable_bonds, cumulative_dose_combined_mGy",-2.9666,-3.33215414555865,0.36555414555864996,-0.36555414555864996,,"{""learning_rate"": 0.05, ""max_depth"": 1, ""min_samples_leaf"": 5, ""n_estimators"": 20}"
DS01_05,Lidocaine,GradientBoosting,FS-D_Chemistry_Radiation,"tpsa, xlogp, rotatable_bonds, cumulative_dose_combined_mGy",-3.4518,-2.090135299055259,1.3616647009447411,1.3616647009447411,,"{""learning_rate"": 0.05, ""max_depth"": 1, ""min_samples_leaf"": 5, ""n_estimators"": 20}"
DS01_13,Lidocaine,GradientBoosting,FS-D_Chemistry_Radiation,"tpsa, xlogp, rotatable_bonds, cumulative_dose_combined_mGy",-2.8226,-2.090135299055259,0.7324647009447411,0.7324647009447411,,"{""learning_rate"": 0.05, ""max_depth"": 1, ""min_samples_leaf"": 5, ""n_estimators"": 20}"
DS01_20,Lidocaine,GradientBoosting,FS-D_Chemistry_Radiation,"tpsa, xlogp, rotatable_bonds, cumulative_dose_combined_mGy",-3.1665,-2.090135299055259,1.0763647009447412,1.0763647009447412,,"{""learning_rate"": 0.05, ""max_depth"": 1, ""min_samples_leaf"": 5, ""n_estimators"": 20}"
DS01_29,Lidocaine,GradientBoosting,FS-D_Chemistry_Radiation,"tpsa, xlogp, rotatable_bonds, cumulative_dose_combined_mGy",-2.8542,-2.090135299055259,0.7640647009447412,0.7640647009447412,,"{""learning_rate"": 0.05, ""max_depth"": 1, ""min_samples_leaf"": 5, ""n_estimators"": 20}"
DS01_06,Naloxone,GradientBoosting,FS-D_Chemistry_Radiation,"tpsa, xlogp, rotatable_bonds, cumulative_dose_combined_mGy",-3.4232,-3.3428593455608007,0.08034065443919935,0.08034065443919935,,"{""learning_rate"": 0.05, ""max_depth"": 1, ""min_samples_leaf"": 5, ""n_estimators"": 20}"
DS01_21,Naloxone,GradientBoosting,FS-D_Chemistry_Radiation,"tpsa, xlogp, rotatable_bonds, cumulative_dose_combined_mGy",-3.4447,-3.3428593455608007,0.10184065443919943,0.10184065443919943,,"{""learning_rate"": 0.05, ""max_depth"": 1, ""min_samples_leaf"": 5, ""n_estimators"": 20}"
DS01_30,Naloxone,GradientBoosting,FS-D_Chemistry_Radiation,"tpsa, xlogp, rotatable_bonds, cumulative_dose_combined_mGy",-3.47,-3.3428593455608007,0.12714065443919953,0.12714065443919953,,"{""learning_rate"": 0.05, ""max_depth"": 1, ""min_samples_leaf"": 5, ""n_estimators"": 20}"
DS01_07,Promethazine,GradientBoosting,FS-D_Chemistry_Radiation,"tpsa, xlogp, rotatable_bonds, cumulative_dose_combined_mGy",-2.8931,-0.975326906719947,1.917773093280053,1.917773093280053,,"{""learning_rate"": 0.05, ""max_depth"": 1, ""min_samples_leaf"": 5, ""n_estimators"": 20}"
DS01_08,Promethazine,GradientBoosting,FS-D_Chemistry_Radiation,"tpsa, xlogp, rotatable_bonds, cumulative_dose_combined_mGy",-3.5853,-0.975326906719947,2.609973093280053,2.609973093280053,,"{""learning_rate"": 0.05, ""max_depth"": 1, ""min_samples_leaf"": 5, ""n_estimators"": 20}"
DS01_10,Promethazine,GradientBoosting,FS-D_Chemistry_Radiation,"tpsa, xlogp, rotatable_bonds, cumulative_dose_combined_mGy",-3.7938,-0.975326906719947,2.818473093280053,2.818473093280053,,"{""learning_rate"": 0.05, ""max_depth"": 1, ""min_samples_leaf"": 5, ""n_estimators"": 20}"
DS01_14,Promethazine,GradientBoosting,FS-D_Chemistry_Radiation,"tpsa, xlogp, rotatable_bonds, cumulative_dose_combined_mGy",-2.6185,-0.975326906719947,1.643173093280053,1.643173093280053,,"{""learning_rate"": 0.05, ""max_depth"": 1, ""min_samples_leaf"": 5, ""n_estimators"": 20}"
DS01_22,Promethazine,GradientBoosting,FS-D_Chemistry_Radiation,"tpsa, xlogp, rotatable_bonds, cumulative_dose_combined_mGy",-3.1686,-0.975326906719947,2.193273093280053,2.193273093280053,,"{""learning_rate"": 0.05, ""max_depth"": 1, ""min_samples_leaf"": 5, ""n_estimators"": 20}"
DS01_23,Promethazine,GradientBoosting,FS-D_Chemistry_Radiation,"tpsa, xlogp, rotatable_bonds, cumulative_dose_combined_mGy",-3.668,-0.975326906719947,2.692673093280053,2.692673093280053,,"{""learning_rate"": 0.05, ""max_depth"": 1, ""min_samples_leaf"": 5, ""n_estimators"": 20}"
DS01_31,Promethazine,GradientBoosting,FS-D_Chemistry_Radiation,"tpsa, xlogp, rotatable_bonds, cumulative_dose_combined_mGy",-4.1719,-0.975326906719947,3.196573093280053,3.196573093280053,,"{""learning_rate"": 0.05, ""max_depth"": 1, ""min_samples_leaf"": 5, ""n_estimators"": 20}"
DS01_32,Promethazine,GradientBoosting,FS-D_Chemistry_Radiation,"tpsa, xlogp, rotatable_bonds, cumulative_dose_combined_mGy",-4.1992,-0.975326906719947,3.2238730932800532,3.2238730932800532,,"{""learning_rate"": 0.05, ""max_depth"": 1, ""min_samples_leaf"": 5, ""n_estimators"": 20}"
DS01_01,Caffeine,GPR,FS-D_Chemistry_Radiation,"tpsa, xlogp, rotatable_bonds, cumulative_dose_combined_mGy",-5.2217,-2.3504096126203002,2.8712903873797,2.8712903873797,5.232828871837278,"{""kernel"": ""Matern"", ""length_scale"": 0.75, ""noise"": 0.3}"
DS01_09,Caffeine,GPR,FS-D_Chemistry_Radiation,"tpsa, xlogp, rotatable_bonds, cumulative_dose_combined_mGy",-6.4128,-2.4602250102883154,3.9525749897116844,3.9525749897116844,5.23047758431654,"{""kernel"": ""Matern"", ""length_scale"": 0.75, ""noise"": 0.3}"
DS01_15,Caffeine,GPR,FS-D_Chemistry_Radiation,"tpsa, xlogp, rotatable_bonds, cumulative_dose_combined_mGy",-6.1704,-2.291983482611918,3.878416517388082,3.878416517388082,5.234511746639086,"{""kernel"": ""Matern"", ""length_scale"": 0.75, ""noise"": 0.3}"
DS01_24,Caffeine,GPR,FS-D_Chemistry_Radiation,"tpsa, xlogp, rotatable_bonds, cumulative_dose_combined_mGy",-6.5923,-2.4906324665893105,4.101667533410689,4.101667533410689,5.230141010061843,"{""kernel"": ""Matern"", ""length_scale"": 0.75, ""noise"": 0.3}"
DS01_16,Diazepam,GPR,FS-D_Chemistry_Radiation,"tpsa, xlogp, rotatable_bonds, cumulative_dose_combined_mGy",-0.4246,-2.5956518621969873,2.1710518621969874,-2.1710518621969874,5.095020422141506,"{""kernel"": ""Matern"", ""length_scale"": 0.75, ""noise"": 0.3}"
DS01_25,Diazepam,GPR,FS-D_Chemistry_Radiation,"tpsa, xlogp, rotatable_bonds, cumulative_dose_combined_mGy",-1.7112,-2.5856699356504644,0.8744699356504644,-0.8744699356504644,5.299261682325446,"{""kernel"": ""Matern"", ""length_scale"": 0.75, ""noise"": 0.3}"
DS01_02,Diphenhydramine,GPR,FS-D_Chemistry_Radiation,"tpsa, xlogp, rotatable_bonds, cumulative_dose_combined_mGy",-1.4463,-4.030745757321874,2.584445757321874,-2.584445757321874,2.94646832380752,"{""kernel"": ""Matern"", ""length_scale"": 0.75, ""noise"": 0.3}"
DS01_03,Diphenhydramine,GPR,FS-D_Chemistry_Radiation,"tpsa, xlogp, rotatable_bonds, cumulative_dose_combined_mGy",7.2511,-4.030745757321874,11.281845757321875,-11.281845757321875,2.94646832380752,"{""kernel"": ""Matern"", ""length_scale"": 0.75, ""noise"": 0.3}"
DS01_12,Diphenhydramine,GPR,FS-D_Chemistry_Radiation,"tpsa, xlogp, rotatable_bonds, cumulative_dose_combined_mGy",8.2707,-4.011807443178122,12.282507443178122,-12.282507443178122,2.9488895114565645,"{""kernel"": ""Matern"", ""length_scale"": 0.75, ""noise"": 0.3}"
DS01_17,Diphenhydramine,GPR,FS-D_Chemistry_Radiation,"tpsa, xlogp, rotatable_bonds, cumulative_dose_combined_mGy",-1.1555,-4.01097474665952,2.85547474665952,-2.85547474665952,2.946771357975323,"{""kernel"": ""Matern"", ""length_scale"": 0.75, ""noise"": 0.3}"
DS01_18,Diphenhydramine,GPR,FS-D_Chemistry_Radiation,"tpsa, xlogp, rotatable_bonds, cumulative_dose_combined_mGy",8.2789,-4.01097474665952,12.289874746659521,-12.289874746659521,2.946771357975323,"{""kernel"": ""Matern"", ""length_scale"": 0.75, ""noise"": 0.3}"
DS01_26,Diphenhydramine,GPR,FS-D_Chemistry_Radiation,"tpsa, xlogp, rotatable_bonds, cumulative_dose_combined_mGy",-0.8448,-4.038613660024975,3.1938136600249747,-3.1938136600249747,2.948371095982432,"{""kernel"": ""Matern"", ""length_scale"": 0.75, ""noise"": 0.3}"
DS01_27,Diphenhydramine,GPR,FS-D_Chemistry_Radiation,"tpsa, xlogp, rotatable_bonds, cumulative_dose_combined_mGy",6.2433,-4.038613660024975,10.281913660024975,-10.281913660024975,2.948371095982432,"{""kernel"": ""Matern"", ""length_scale"": 0.75, ""noise"": 0.3}"
DS01_04,Epinephrine,GPR,FS-D_Chemistry_Radiation,"tpsa, xlogp, rotatable_bonds, cumulative_dose_combined_mGy",-12.2931,-1.9447574192677965,10.348342580732204,10.348342580732204,4.511735607620758,"{""kernel"": ""RBF"", ""length_scale"": 0.75, ""noise"": 0.3}"
DS01_11,Epinephrine,GPR,FS-D_Chemistry_Radiation,"tpsa, xlogp, rotatable_bonds, cumulative_dose_combined_mGy",-11.1498,-2.0423092715853848,9.107490728414616,9.107490728414616,4.509695083561153,"{""kernel"": ""RBF"", ""length_scale"": 0.75, ""noise"": 0.3}"
DS01_19,Ketamine,GPR,FS-D_Chemistry_Radiation,"tpsa, xlogp, rotatable_bonds, cumulative_dose_combined_mGy",-1.845,-2.308194218989023,0.46319421898902324,-0.46319421898902324,5.035830980750929,"{""kernel"": ""Matern"", ""length_scale"": 0.75, ""noise"": 0.3}"
DS01_28,Ketamine,GPR,FS-D_Chemistry_Radiation,"tpsa, xlogp, rotatable_bonds, cumulative_dose_combined_mGy",-2.9666,-2.784687766585477,0.18191223341452334,0.18191223341452334,5.240898180678386,"{""kernel"": ""Matern"", ""length_scale"": 0.75, ""noise"": 0.3}"
DS01_05,Lidocaine,GPR,FS-D_Chemistry_Radiation,"tpsa, xlogp, rotatable_bonds, cumulative_dose_combined_mGy",-3.4518,-1.191957770155739,2.259842229844261,2.259842229844261,5.334311925850105,"{""kernel"": ""Matern"", ""length_scale"": 0.75, ""noise"": 0.3}"
DS01_13,Lidocaine,GPR,FS-D_Chemistry_Radiation,"tpsa, xlogp, rotatable_bonds, cumulative_dose_combined_mGy",-2.8226,-0.3878271436456111,2.434772856354389,2.434772856354389,5.3621748906921844,"{""kernel"": ""Matern"", ""length_scale"": 0.75, ""noise"": 0.3}"
DS01_20,Lidocaine,GPR,FS-D_Chemistry_Radiation,"tpsa, xlogp, rotatable_bonds, cumulative_dose_combined_mGy",-3.1665,-0.7067138108076012,2.459786189192399,2.459786189192399,5.333572842543623,"{""kernel"": ""Matern"", ""length_scale"": 0.75, ""noise"": 0.3}"
DS01_29,Lidocaine,GPR,FS-D_Chemistry_Radiation,"tpsa, xlogp, rotatable_bonds, cumulative_dose_combined_mGy",-2.8542,-1.3718390902410487,1.4823609097589514,1.4823609097589514,5.339555620791857,"{""kernel"": ""Matern"", ""length_scale"": 0.75, ""noise"": 0.3}"
DS01_06,Naloxone,GPR,FS-D_Chemistry_Radiation,"tpsa, xlogp, rotatable_bonds, cumulative_dose_combined_mGy",-3.4232,-5.981917441004569,2.558717441004569,-2.558717441004569,4.949343408681799,"{""kernel"": ""Matern"", ""length_scale"": 1.5, ""noise"": 0.3}"
DS01_21,Naloxone,GPR,FS-D_Chemistry_Radiation,"tpsa, xlogp, rotatable_bonds, cumulative_dose_combined_mGy",-3.4447,-5.879219566853453,2.434519566853453,-2.434519566853453,4.854436885568532,"{""kernel"": ""Matern"", ""length_scale"": 1.5, ""noise"": 0.3}"
DS01_30,Naloxone,GPR,FS-D_Chemistry_Radiation,"tpsa, xlogp, rotatable_bonds, cumulative_dose_combined_mGy",-3.47,-4.819451971375793,1.3494519713757929,-1.3494519713757929,5.125383161691907,"{""kernel"": ""Matern"", ""length_scale"": 1.5, ""noise"": 0.3}"
DS01_07,Promethazine,GPR,FS-D_Chemistry_Radiation,"tpsa, xlogp, rotatable_bonds, cumulative_dose_combined_mGy",-2.8931,-0.4762817536728301,2.41681824632717,2.41681824632717,5.330378185232408,"{""kernel"": ""Matern"", ""length_scale"": 1.5, ""noise"": 0.3}"
DS01_08,Promethazine,GPR,FS-D_Chemistry_Radiation,"tpsa, xlogp, rotatable_bonds, cumulative_dose_combined_mGy",-3.5853,0.2919510942784336,3.8772510942784337,3.8772510942784337,5.227497833082925,"{""kernel"": ""Matern"", ""length_scale"": 1.5, ""noise"": 0.3}"
DS01_10,Promethazine,GPR,FS-D_Chemistry_Radiation,"tpsa, xlogp, rotatable_bonds, cumulative_dose_combined_mGy",-3.7938,0.07857070969307633,3.8723707096930764,3.8723707096930764,5.257656709640399,"{""kernel"": ""Matern"", ""length_scale"": 1.5, ""noise"": 0.3}"
DS01_14,Promethazine,GPR,FS-D_Chemistry_Radiation,"tpsa, xlogp, rotatable_bonds, cumulative_dose_combined_mGy",-2.6185,0.3422651158293686,2.9607651158293686,2.9607651158293686,5.246381051844849,"{""kernel"": ""Matern"", ""length_scale"": 1.5, ""noise"": 0.3}"
DS01_22,Promethazine,GPR,FS-D_Chemistry_Radiation,"tpsa, xlogp, rotatable_bonds, cumulative_dose_combined_mGy",-3.1686,0.1308508114678424,3.2994508114678425,3.2994508114678425,5.2484487862389715,"{""kernel"": ""Matern"", ""length_scale"": 1.5, ""noise"": 0.3}"
DS01_23,Promethazine,GPR,FS-D_Chemistry_Radiation,"tpsa, xlogp, rotatable_bonds, cumulative_dose_combined_mGy",-3.668,0.1308508114678424,3.7988508114678425,3.7988508114678425,5.2484487862389715,"{""kernel"": ""Matern"", ""length_scale"": 1.5, ""noise"": 0.3}"
DS01_31,Promethazine,GPR,FS-D_Chemistry_Radiation,"tpsa, xlogp, rotatable_bonds, cumulative_dose_combined_mGy",-4.1719,-0.7128772986289531,3.4590227013710466,3.4590227013710466,5.345215542622771,"{""kernel"": ""Matern"", ""length_scale"": 1.5, ""noise"": 0.3}"
DS01_32,Promethazine,GPR,FS-D_Chemistry_Radiation,"tpsa, xlogp, rotatable_bonds, cumulative_dose_combined_mGy",-4.1992,-0.037240329053612964,4.161959670946388,4.161959670946388,5.277958854677329,"{""kernel"": ""Matern"", ""length_scale"": 1.5, ""noise"": 0.3}"
DS01_01,Caffeine,OLS,FS-E_Chemistry_Formulation,"tpsa, xlogp, rotatable_bonds, is_solid",-5.2217,-13.351981609404962,8.130281609404962,-8.130281609404962,,"{""label"": ""ordinary_least_squares""}"
DS01_09,Caffeine,OLS,FS-E_Chemistry_Formulation,"tpsa, xlogp, rotatable_bonds, is_solid",-6.4128,-13.351981609404962,6.9391816094049625,-6.9391816094049625,,"{""label"": ""ordinary_least_squares""}"
DS01_15,Caffeine,OLS,FS-E_Chemistry_Formulation,"tpsa, xlogp, rotatable_bonds, is_solid",-6.1704,-13.351981609404962,7.1815816094049625,-7.1815816094049625,,"{""label"": ""ordinary_least_squares""}"
DS01_24,Caffeine,OLS,FS-E_Chemistry_Formulation,"tpsa, xlogp, rotatable_bonds, is_solid",-6.5923,-13.351981609404962,6.7596816094049625,-6.7596816094049625,,"{""label"": ""ordinary_least_squares""}"
DS01_16,Diazepam,OLS,FS-E_Chemistry_Formulation,"tpsa, xlogp, rotatable_bonds, is_solid",-0.4246,-0.9720606045077154,0.5474606045077154,-0.5474606045077154,,"{""label"": ""ordinary_least_squares""}"
DS01_25,Diazepam,OLS,FS-E_Chemistry_Formulation,"tpsa, xlogp, rotatable_bonds, is_solid",-1.7112,-0.9720606045077154,0.7391393954922847,0.7391393954922847,,"{""label"": ""ordinary_least_squares""}"
DS01_02,Diphenhydramine,OLS,FS-E_Chemistry_Formulation,"tpsa, xlogp, rotatable_bonds, is_solid",-1.4463,-5.048288170639877,3.601988170639877,-3.601988170639877,,"{""label"": ""ordinary_least_squares""}"
DS01_03,Diphenhydramine,OLS,FS-E_Chemistry_Formulation,"tpsa, xlogp, rotatable_bonds, is_solid",7.2511,-3.2299001398264697,10.48100013982647,-10.48100013982647,,"{""label"": ""ordinary_least_squares""}"
DS01_12,Diphenhydramine,OLS,FS-E_Chemistry_Formulation,"tpsa, xlogp, rotatable_bonds, is_solid",8.2707,-3.2299001398264697,11.500600139826469,-11.500600139826469,,"{""label"": ""ordinary_least_squares""}"
DS01_17,Diphenhydramine,OLS,FS-E_Chemistry_Formulation,"tpsa, xlogp, rotatable_bonds, is_solid",-1.1555,-5.048288170639877,3.892788170639877,-3.892788170639877,,"{""label"": ""ordinary_least_squares""}"
DS01_18,Diphenhydramine,OLS,FS-E_Chemistry_Formulation,"tpsa, xlogp, rotatable_bonds, is_solid",8.2789,-3.2299001398264697,11.50880013982647,-11.50880013982647,,"{""label"": ""ordinary_least_squares""}"
DS01_26,Diphenhydramine,OLS,FS-E_Chemistry_Formulation,"tpsa, xlogp, rotatable_bonds, is_solid",-0.8448,-5.048288170639877,4.203488170639877,-4.203488170639877,,"{""label"": ""ordinary_least_squares""}"
DS01_27,Diphenhydramine,OLS,FS-E_Chemistry_Formulation,"tpsa, xlogp, rotatable_bonds, is_solid",6.2433,-3.2299001398264697,9.473200139826469,-9.473200139826469,,"{""label"": ""ordinary_least_squares""}"
DS01_04,Epinephrine,OLS,FS-E_Chemistry_Formulation,"tpsa, xlogp, rotatable_bonds, is_solid",-12.2931,-3.181201751003173,9.111898248996827,9.111898248996827,,"{""label"": ""ordinary_least_squares""}"
DS01_11,Epinephrine,OLS,FS-E_Chemistry_Formulation,"tpsa, xlogp, rotatable_bonds, is_solid",-11.1498,-3.181201751003173,7.968598248996828,7.968598248996828,,"{""label"": ""ordinary_least_squares""}"
DS01_19,Ketamine,OLS,FS-E_Chemistry_Formulation,"tpsa, xlogp, rotatable_bonds, is_solid",-1.845,0.7281875434109386,2.5731875434109384,2.5731875434109384,,"{""label"": ""ordinary_least_squares""}"
DS01_28,Ketamine,OLS,FS-E_Chemistry_Formulation,"tpsa, xlogp, rotatable_bonds, is_solid",-2.9666,0.7281875434109386,3.6947875434109387,3.6947875434109387,,"{""label"": ""ordinary_least_squares""}"
DS01_05,Lidocaine,OLS,FS-E_Chemistry_Formulation,"tpsa, xlogp, rotatable_bonds, is_solid",-3.4518,0.2582221201536741,3.710022120153674,3.710022120153674,,"{""label"": ""ordinary_least_squares""}"
DS01_13,Lidocaine,OLS,FS-E_Chemistry_Formulation,"tpsa, xlogp, rotatable_bonds, is_solid",-2.8226,0.2582221201536741,3.080822120153674,3.080822120153674,,"{""label"": ""ordinary_least_squares""}"
DS01_20,Lidocaine,OLS,FS-E_Chemistry_Formulation,"tpsa, xlogp, rotatable_bonds, is_solid",-3.1665,0.2582221201536741,3.424722120153674,3.424722120153674,,"{""label"": ""ordinary_least_squares""}"
DS01_29,Lidocaine,OLS,FS-E_Chemistry_Formulation,"tpsa, xlogp, rotatable_bonds, is_solid",-2.8542,0.2582221201536741,3.112422120153674,3.112422120153674,,"{""label"": ""ordinary_least_squares""}"
DS01_06,Naloxone,OLS,FS-E_Chemistry_Formulation,"tpsa, xlogp, rotatable_bonds, is_solid",-3.4232,-12.89265784044467,9.46945784044467,-9.46945784044467,,"{""label"": ""ordinary_least_squares""}"
DS01_21,Naloxone,OLS,FS-E_Chemistry_Formulation,"tpsa, xlogp, rotatable_bonds, is_solid",-3.4447,-12.89265784044467,9.44795784044467,-9.44795784044467,,"{""label"": ""ordinary_least_squares""}"
DS01_30,Naloxone,OLS,FS-E_Chemistry_Formulation,"tpsa, xlogp, rotatable_bonds, is_solid",-3.47,-12.89265784044467,9.42265784044467,-9.42265784044467,,"{""label"": ""ordinary_least_squares""}"
DS01_07,Promethazine,OLS,FS-E_Chemistry_Formulation,"tpsa, xlogp, rotatable_bonds, is_solid",-2.8931,3.6112950308508203,6.50439503085082,6.50439503085082,,"{""label"": ""ordinary_least_squares""}"
DS01_08,Promethazine,OLS,FS-E_Chemistry_Formulation,"tpsa, xlogp, rotatable_bonds, is_solid",-3.5853,2.0614465004812392,5.646746500481239,5.646746500481239,,"{""label"": ""ordinary_least_squares""}"
DS01_10,Promethazine,OLS,FS-E_Chemistry_Formulation,"tpsa, xlogp, rotatable_bonds, is_solid",-3.7938,2.0614465004812392,5.85524650048124,5.85524650048124,,"{""label"": ""ordinary_least_squares""}"
DS01_14,Promethazine,OLS,FS-E_Chemistry_Formulation,"tpsa, xlogp, rotatable_bonds, is_solid",-2.6185,3.6112950308508203,6.22979503085082,6.22979503085082,,"{""label"": ""ordinary_least_squares""}"
DS01_22,Promethazine,OLS,FS-E_Chemistry_Formulation,"tpsa, xlogp, rotatable_bonds, is_solid",-3.1686,3.6112950308508203,6.77989503085082,6.77989503085082,,"{""label"": ""ordinary_least_squares""}"
DS01_23,Promethazine,OLS,FS-E_Chemistry_Formulation,"tpsa, xlogp, rotatable_bonds, is_solid",-3.668,2.0614465004812392,5.72944650048124,5.72944650048124,,"{""label"": ""ordinary_least_squares""}"
DS01_31,Promethazine,OLS,FS-E_Chemistry_Formulation,"tpsa, xlogp, rotatable_bonds, is_solid",-4.1719,3.6112950308508203,7.78319503085082,7.78319503085082,,"{""label"": ""ordinary_least_squares""}"
DS01_32,Promethazine,OLS,FS-E_Chemistry_Formulation,"tpsa, xlogp, rotatable_bonds, is_solid",-4.1992,2.0614465004812392,6.26064650048124,6.26064650048124,,"{""label"": ""ordinary_least_squares""}"
DS01_01,Caffeine,Ridge,FS-E_Chemistry_Formulation,"tpsa, xlogp, rotatable_bonds, is_solid",-5.2217,-10.474017049287609,5.252317049287608,-5.252317049287608,,"{""alpha"": 10.0}"
DS01_09,Caffeine,Ridge,FS-E_Chemistry_Formulation,"tpsa, xlogp, rotatable_bonds, is_solid",-6.4128,-10.474017049287609,4.061217049287609,-4.061217049287609,,"{""alpha"": 10.0}"
DS01_15,Caffeine,Ridge,FS-E_Chemistry_Formulation,"tpsa, xlogp, rotatable_bonds, is_solid",-6.1704,-10.474017049287609,4.303617049287609,-4.303617049287609,,"{""alpha"": 10.0}"
DS01_24,Caffeine,Ridge,FS-E_Chemistry_Formulation,"tpsa, xlogp, rotatable_bonds, is_solid",-6.5923,-10.474017049287609,3.8817170492876087,-3.8817170492876087,,"{""alpha"": 10.0}"
DS01_16,Diazepam,Ridge,FS-E_Chemistry_Formulation,"tpsa, xlogp, rotatable_bonds, is_solid",-0.4246,-2.6353842770109535,2.2107842770109536,-2.2107842770109536,,"{""alpha"": 10.0}"
DS01_25,Diazepam,Ridge,FS-E_Chemistry_Formulation,"tpsa, xlogp, rotatable_bonds, is_solid",-1.7112,-2.6353842770109535,0.9241842770109534,-0.9241842770109534,,"{""alpha"": 10.0}"
DS01_02,Diphenhydramine,Ridge,FS-E_Chemistry_Formulation,"tpsa, xlogp, rotatable_bonds, is_solid",-1.4463,-3.7749407072052925,2.3286407072052926,-2.3286407072052926,,"{""alpha"": 10.0}"
DS01_03,Diphenhydramine,Ridge,FS-E_Chemistry_Formulation,"tpsa, xlogp, rotatable_bonds, is_solid",7.2511,-2.8459951967983894,10.097095196798389,-10.097095196798389,,"{""alpha"": 10.0}"
DS01_12,Diphenhydramine,Ridge,FS-E_Chemistry_Formulation,"tpsa, xlogp, rotatable_bonds, is_solid",8.2707,-2.8459951967983894,11.11669519679839,-11.11669519679839,,"{""alpha"": 10.0}"
DS01_17,Diphenhydramine,Ridge,FS-E_Chemistry_Formulation,"tpsa, xlogp, rotatable_bonds, is_solid",-1.1555,-3.7749407072052925,2.6194407072052925,-2.6194407072052925,,"{""alpha"": 10.0}"
DS01_18,Diphenhydramine,Ridge,FS-E_Chemistry_Formulation,"tpsa, xlogp, rotatable_bonds, is_solid",8.2789,-2.8459951967983894,11.12489519679839,-11.12489519679839,,"{""alpha"": 10.0}"
DS01_26,Diphenhydramine,Ridge,FS-E_Chemistry_Formulation,"tpsa, xlogp, rotatable_bonds, is_solid",-0.8448,-3.7749407072052925,2.9301407072052923,-2.9301407072052923,,"{""alpha"": 10.0}"
DS01_27,Diphenhydramine,Ridge,FS-E_Chemistry_Formulation,"tpsa, xlogp, rotatable_bonds, is_solid",6.2433,-2.8459951967983894,9.089295196798389,-9.089295196798389,,"{""alpha"": 10.0}"
DS01_04,Epinephrine,Ridge,FS-E_Chemistry_Formulation,"tpsa, xlogp, rotatable_bonds, is_solid",-12.2931,-3.395562888477592,8.897537111522409,8.897537111522409,,"{""alpha"": 10.0}"
DS01_11,Epinephrine,Ridge,FS-E_Chemistry_Formulation,"tpsa, xlogp, rotatable_bonds, is_solid",-11.1498,-3.395562888477592,7.754237111522409,7.754237111522409,,"{""alpha"": 10.0}"
DS01_19,Ketamine,Ridge,FS-E_Chemistry_Formulation,"tpsa, xlogp, rotatable_bonds, is_solid",-1.845,-1.625739957362604,0.21926004263739607,0.21926004263739607,,"{""alpha"": 10.0}"
DS01_28,Ketamine,Ridge,FS-E_Chemistry_Formulation,"tpsa, xlogp, rotatable_bonds, is_solid",-2.9666,-1.625739957362604,1.3408600426373962,1.3408600426373962,,"{""alpha"": 10.0}"
DS01_05,Lidocaine,Ridge,FS-E_Chemistry_Formulation,"tpsa, xlogp, rotatable_bonds, is_solid",-3.4518,-0.19597559076545723,3.2558244092345427,3.2558244092345427,,"{""alpha"": 10.0}"
DS01_13,Lidocaine,Ridge,FS-E_Chemistry_Formulation,"tpsa, xlogp, rotatable_bonds, is_solid",-2.8226,-0.19597559076545723,2.6266244092345428,2.6266244092345428,,"{""alpha"": 10.0}"
DS01_20,Lidocaine,Ridge,FS-E_Chemistry_Formulation,"tpsa, xlogp, rotatable_bonds, is_solid",-3.1665,-0.19597559076545723,2.970524409234543,2.970524409234543,,"{""alpha"": 10.0}"
DS01_29,Lidocaine,Ridge,FS-E_Chemistry_Formulation,"tpsa, xlogp, rotatable_bonds, is_solid",-2.8542,-0.19597559076545723,2.658224409234543,2.658224409234543,,"{""alpha"": 10.0}"
DS01_06,Naloxone,Ridge,FS-E_Chemistry_Formulation,"tpsa, xlogp, rotatable_bonds, is_solid",-3.4232,-11.492827902868587,8.069627902868588,-8.069627902868588,,"{""alpha"": 1.0}"
DS01_21,Naloxone,Ridge,FS-E_Chemistry_Formulation,"tpsa, xlogp, rotatable_bonds, is_solid",-3.4447,-11.492827902868587,8.048127902868586,-8.048127902868586,,"{""alpha"": 1.0}"
DS01_30,Naloxone,Ridge,FS-E_Chemistry_Formulation,"tpsa, xlogp, rotatable_bonds, is_solid",-3.47,-11.492827902868587,8.022827902868586,-8.022827902868586,,"{""alpha"": 1.0}"
DS01_07,Promethazine,Ridge,FS-E_Chemistry_Formulation,"tpsa, xlogp, rotatable_bonds, is_solid",-2.8931,2.067337453095727,4.960437453095727,4.960437453095727,,"{""alpha"": 10.0}"
DS01_08,Promethazine,Ridge,FS-E_Chemistry_Formulation,"tpsa, xlogp, rotatable_bonds, is_solid",-3.5853,1.022258441561831,4.607558441561832,4.607558441561832,,"{""alpha"": 10.0}"
DS01_10,Promethazine,Ridge,FS-E_Chemistry_Formulation,"tpsa, xlogp, rotatable_bonds, is_solid",-3.7938,1.022258441561831,4.816058441561831,4.816058441561831,,"{""alpha"": 10.0}"
DS01_14,Promethazine,Ridge,FS-E_Chemistry_Formulation,"tpsa, xlogp, rotatable_bonds, is_solid",-2.6185,2.067337453095727,4.685837453095727,4.685837453095727,,"{""alpha"": 10.0}"
DS01_22,Promethazine,Ridge,FS-E_Chemistry_Formulation,"tpsa, xlogp, rotatable_bonds, is_solid",-3.1686,2.067337453095727,5.235937453095727,5.235937453095727,,"{""alpha"": 10.0}"
DS01_23,Promethazine,Ridge,FS-E_Chemistry_Formulation,"tpsa, xlogp, rotatable_bonds, is_solid",-3.668,1.022258441561831,4.690258441561831,4.690258441561831,,"{""alpha"": 10.0}"
DS01_31,Promethazine,Ridge,FS-E_Chemistry_Formulation,"tpsa, xlogp, rotatable_bonds, is_solid",-4.1719,2.067337453095727,6.239237453095727,6.239237453095727,,"{""alpha"": 10.0}"
DS01_32,Promethazine,Ridge,FS-E_Chemistry_Formulation,"tpsa, xlogp, rotatable_bonds, is_solid",-4.1992,1.022258441561831,5.221458441561831,5.221458441561831,,"{""alpha"": 10.0}"
DS01_01,Caffeine,ElasticNet,FS-E_Chemistry_Formulation,"tpsa, xlogp, rotatable_bonds, is_solid",-5.2217,-11.55029897353782,6.3285989735378205,-6.3285989735378205,,"{""alpha"": 0.2, ""l1_ratio"": 0.2}"
DS01_09,Caffeine,ElasticNet,FS-E_Chemistry_Formulation,"tpsa, xlogp, rotatable_bonds, is_solid",-6.4128,-11.55029897353782,5.137498973537821,-5.137498973537821,,"{""alpha"": 0.2, ""l1_ratio"": 0.2}"
DS01_15,Caffeine,ElasticNet,FS-E_Chemistry_Formulation,"tpsa, xlogp, rotatable_bonds, is_solid",-6.1704,-11.55029897353782,5.379898973537821,-5.379898973537821,,"{""alpha"": 0.2, ""l1_ratio"": 0.2}"
DS01_24,Caffeine,ElasticNet,FS-E_Chemistry_Formulation,"tpsa, xlogp, rotatable_bonds, is_solid",-6.5923,-11.55029897353782,4.957998973537821,-4.957998973537821,,"{""alpha"": 0.2, ""l1_ratio"": 0.2}"
DS01_16,Diazepam,ElasticNet,FS-E_Chemistry_Formulation,"tpsa, xlogp, rotatable_bonds, is_solid",-0.4246,-2.2999760817705646,1.8753760817705647,-1.8753760817705647,,"{""alpha"": 0.2, ""l1_ratio"": 0.2}"
DS01_25,Diazepam,ElasticNet,FS-E_Chemistry_Formulation,"tpsa, xlogp, rotatable_bonds, is_solid",-1.7112,-2.2999760817705646,0.5887760817705645,-0.5887760817705645,,"{""alpha"": 0.2, ""l1_ratio"": 0.2}"
DS01_02,Diphenhydramine,ElasticNet,FS-E_Chemistry_Formulation,"tpsa, xlogp, rotatable_bonds, is_solid",-1.4463,-4.086229883987217,2.639929883987217,-2.639929883987217,,"{""alpha"": 0.2, ""l1_ratio"": 0.2}"
DS01_03,Diphenhydramine,ElasticNet,FS-E_Chemistry_Formulation,"tpsa, xlogp, rotatable_bonds, is_solid",7.2511,-2.9123685996298376,10.163468599629837,-10.163468599629837,,"{""alpha"": 0.2, ""l1_ratio"": 0.2}"
DS01_12,Diphenhydramine,ElasticNet,FS-E_Chemistry_Formulation,"tpsa, xlogp, rotatable_bonds, is_solid",8.2707,-2.9123685996298376,11.183068599629838,-11.183068599629838,,"{""alpha"": 0.2, ""l1_ratio"": 0.2}"
DS01_17,Diphenhydramine,ElasticNet,FS-E_Chemistry_Formulation,"tpsa, xlogp, rotatable_bonds, is_solid",-1.1555,-4.086229883987217,2.930729883987217,-2.930729883987217,,"{""alpha"": 0.2, ""l1_ratio"": 0.2}"
DS01_18,Diphenhydramine,ElasticNet,FS-E_Chemistry_Formulation,"tpsa, xlogp, rotatable_bonds, is_solid",8.2789,-2.9123685996298376,11.191268599629838,-11.191268599629838,,"{""alpha"": 0.2, ""l1_ratio"": 0.2}"
DS01_26,Diphenhydramine,ElasticNet,FS-E_Chemistry_Formulation,"tpsa, xlogp, rotatable_bonds, is_solid",-0.8448,-4.086229883987217,3.241429883987217,-3.241429883987217,,"{""alpha"": 0.2, ""l1_ratio"": 0.2}"
DS01_27,Diphenhydramine,ElasticNet,FS-E_Chemistry_Formulation,"tpsa, xlogp, rotatable_bonds, is_solid",6.2433,-2.9123685996298376,9.155668599629838,-9.155668599629838,,"{""alpha"": 0.2, ""l1_ratio"": 0.2}"
DS01_04,Epinephrine,ElasticNet,FS-E_Chemistry_Formulation,"tpsa, xlogp, rotatable_bonds, is_solid",-12.2931,-3.382168287600591,8.91093171239941,8.91093171239941,,"{""alpha"": 0.2, ""l1_ratio"": 0.2}"
DS01_11,Epinephrine,ElasticNet,FS-E_Chemistry_Formulation,"tpsa, xlogp, rotatable_bonds, is_solid",-11.1498,-3.382168287600591,7.76763171239941,7.76763171239941,,"{""alpha"": 0.2, ""l1_ratio"": 0.2}"
DS01_19,Ketamine,ElasticNet,FS-E_Chemistry_Formulation,"tpsa, xlogp, rotatable_bonds, is_solid",-1.845,-1.077033312152596,0.7679666878474041,0.7679666878474041,,"{""alpha"": 0.2, ""l1_ratio"": 0.2}"
DS01_28,Ketamine,ElasticNet,FS-E_Chemistry_Formulation,"tpsa, xlogp, rotatable_bonds, is_solid",-2.9666,-1.077033312152596,1.8895666878474042,1.8895666878474042,,"{""alpha"": 0.2, ""l1_ratio"": 0.2}"
DS01_05,Lidocaine,ElasticNet,FS-E_Chemistry_Formulation,"tpsa, xlogp, rotatable_bonds, is_solid",-3.4518,0.01041809923609227,3.4622180992360923,3.4622180992360923,,"{""alpha"": 0.2, ""l1_ratio"": 0.2}"
DS01_13,Lidocaine,ElasticNet,FS-E_Chemistry_Formulation,"tpsa, xlogp, rotatable_bonds, is_solid",-2.8226,0.01041809923609227,2.8330180992360923,2.8330180992360923,,"{""alpha"": 0.2, ""l1_ratio"": 0.2}"
DS01_20,Lidocaine,ElasticNet,FS-E_Chemistry_Formulation,"tpsa, xlogp, rotatable_bonds, is_solid",-3.1665,0.01041809923609227,3.1769180992360924,3.1769180992360924,,"{""alpha"": 0.2, ""l1_ratio"": 0.2}"
DS01_29,Lidocaine,ElasticNet,FS-E_Chemistry_Formulation,"tpsa, xlogp, rotatable_bonds, is_solid",-2.8542,0.01041809923609227,2.8646180992360923,2.8646180992360923,,"{""alpha"": 0.2, ""l1_ratio"": 0.2}"
DS01_06,Naloxone,ElasticNet,FS-E_Chemistry_Formulation,"tpsa, xlogp, rotatable_bonds, is_solid",-3.4232,-11.943598234577326,8.520398234577327,-8.520398234577327,,"{""alpha"": 0.05, ""l1_ratio"": 0.8}"
DS01_21,Naloxone,ElasticNet,FS-E_Chemistry_Formulation,"tpsa, xlogp, rotatable_bonds, is_solid",-3.4447,-11.943598234577326,8.498898234577325,-8.498898234577325,,"{""alpha"": 0.05, ""l1_ratio"": 0.8}"
DS01_30,Naloxone,ElasticNet,FS-E_Chemistry_Formulation,"tpsa, xlogp, rotatable_bonds, is_solid",-3.47,-11.943598234577326,8.473598234577326,-8.473598234577326,,"{""alpha"": 0.05, ""l1_ratio"": 0.8}"
DS01_07,Promethazine,ElasticNet,FS-E_Chemistry_Formulation,"tpsa, xlogp, rotatable_bonds, is_solid",-2.8931,2.829571697750325,5.722671697750325,5.722671697750325,,"{""alpha"": 0.2, ""l1_ratio"": 0.2}"
DS01_08,Promethazine,ElasticNet,FS-E_Chemistry_Formulation,"tpsa, xlogp, rotatable_bonds, is_solid",-3.5853,1.6526137104771057,5.237913710477105,5.237913710477105,,"{""alpha"": 0.2, ""l1_ratio"": 0.2}"
DS01_10,Promethazine,ElasticNet,FS-E_Chemistry_Formulation,"tpsa, xlogp, rotatable_bonds, is_solid",-3.7938,1.6526137104771057,5.446413710477106,5.446413710477106,,"{""alpha"": 0.2, ""l1_ratio"": 0.2}"
DS01_14,Promethazine,ElasticNet,FS-E_Chemistry_Formulation,"tpsa, xlogp, rotatable_bonds, is_solid",-2.6185,2.829571697750325,5.448071697750326,5.448071697750326,,"{""alpha"": 0.2, ""l1_ratio"": 0.2}"
DS01_22,Promethazine,ElasticNet,FS-E_Chemistry_Formulation,"tpsa, xlogp, rotatable_bonds, is_solid",-3.1686,2.829571697750325,5.998171697750325,5.998171697750325,,"{""alpha"": 0.2, ""l1_ratio"": 0.2}"
DS01_23,Promethazine,ElasticNet,FS-E_Chemistry_Formulation,"tpsa, xlogp, rotatable_bonds, is_solid",-3.668,1.6526137104771057,5.320613710477106,5.320613710477106,,"{""alpha"": 0.2, ""l1_ratio"": 0.2}"
DS01_31,Promethazine,ElasticNet,FS-E_Chemistry_Formulation,"tpsa, xlogp, rotatable_bonds, is_solid",-4.1719,2.829571697750325,7.0014716977503255,7.0014716977503255,,"{""alpha"": 0.2, ""l1_ratio"": 0.2}"
DS01_32,Promethazine,ElasticNet,FS-E_Chemistry_Formulation,"tpsa, xlogp, rotatable_bonds, is_solid",-4.1992,1.6526137104771057,5.851813710477106,5.851813710477106,,"{""alpha"": 0.2, ""l1_ratio"": 0.2}"
DS01_01,Caffeine,PLS,FS-E_Chemistry_Formulation,"tpsa, xlogp, rotatable_bonds, is_solid",-5.2217,-9.817317630479737,4.595617630479737,-4.595617630479737,,"{""n_components"": 1}"
DS01_09,Caffeine,PLS,FS-E_Chemistry_Formulation,"tpsa, xlogp, rotatable_bonds, is_solid",-6.4128,-9.817317630479737,3.404517630479737,-3.404517630479737,,"{""n_components"": 1}"
DS01_15,Caffeine,PLS,FS-E_Chemistry_Formulation,"tpsa, xlogp, rotatable_bonds, is_solid",-6.1704,-9.817317630479737,3.646917630479737,-3.646917630479737,,"{""n_components"": 1}"
DS01_24,Caffeine,PLS,FS-E_Chemistry_Formulation,"tpsa, xlogp, rotatable_bonds, is_solid",-6.5923,-9.817317630479737,3.225017630479737,-3.225017630479737,,"{""n_components"": 1}"
DS01_16,Diazepam,PLS,FS-E_Chemistry_Formulation,"tpsa, xlogp, rotatable_bonds, is_solid",-0.4246,-3.2711832946337656,2.8465832946337657,-2.8465832946337657,,"{""n_components"": 1}"
DS01_25,Diazepam,PLS,FS-E_Chemistry_Formulation,"tpsa, xlogp, rotatable_bonds, is_solid",-1.7112,-3.2711832946337656,1.5599832946337655,-1.5599832946337655,,"{""n_components"": 1}"
DS01_02,Diphenhydramine,PLS,FS-E_Chemistry_Formulation,"tpsa, xlogp, rotatable_bonds, is_solid",-1.4463,-2.04690006555994,0.6006000655599402,-0.6006000655599402,,"{""n_components"": 1}"
DS01_03,Diphenhydramine,PLS,FS-E_Chemistry_Formulation,"tpsa, xlogp, rotatable_bonds, is_solid",7.2511,-1.4760623529923875,8.727162352992387,-8.727162352992387,,"{""n_components"": 1}"
DS01_12,Diphenhydramine,PLS,FS-E_Chemistry_Formulation,"tpsa, xlogp, rotatable_bonds, is_solid",8.2707,-1.4760623529923875,9.746762352992388,-9.746762352992388,,"{""n_components"": 1}"
DS01_17,Diphenhydramine,PLS,FS-E_Chemistry_Formulation,"tpsa, xlogp, rotatable_bonds, is_solid",-1.1555,-2.04690006555994,0.8914000655599401,-0.8914000655599401,,"{""n_components"": 1}"
DS01_18,Diphenhydramine,PLS,FS-E_Chemistry_Formulation,"tpsa, xlogp, rotatable_bonds, is_solid",8.2789,-1.4760623529923875,9.754962352992388,-9.754962352992388,,"{""n_components"": 1}"
DS01_26,Diphenhydramine,PLS,FS-E_Chemistry_Formulation,"tpsa, xlogp, rotatable_bonds, is_solid",-0.8448,-2.04690006555994,1.20210006555994,-1.20210006555994,,"{""n_components"": 1}"
DS01_27,Diphenhydramine,PLS,FS-E_Chemistry_Formulation,"tpsa, xlogp, rotatable_bonds, is_solid",6.2433,-1.4760623529923875,7.719362352992388,-7.719362352992388,,"{""n_components"": 1}"
DS01_04,Epinephrine,PLS,FS-E_Chemistry_Formulation,"tpsa, xlogp, rotatable_bonds, is_solid",-12.2931,-5.5129940423677875,6.780105957632213,6.780105957632213,,"{""n_components"": 1}"
DS01_11,Epinephrine,PLS,FS-E_Chemistry_Formulation,"tpsa, xlogp, rotatable_bonds, is_solid",-11.1498,-5.5129940423677875,5.636805957632213,5.636805957632213,,"{""n_components"": 1}"
DS01_19,Ketamine,PLS,FS-E_Chemistry_Formulation,"tpsa, xlogp, rotatable_bonds, is_solid",-1.845,-2.516414217137909,0.6714142171379092,-0.6714142171379092,,"{""n_components"": 1}"
DS01_28,Ketamine,PLS,FS-E_Chemistry_Formulation,"tpsa, xlogp, rotatable_bonds, is_solid",-2.9666,-2.516414217137909,0.450185782862091,0.450185782862091,,"{""n_components"": 1}"
DS01_05,Lidocaine,PLS,FS-E_Chemistry_Formulation,"tpsa, xlogp, rotatable_bonds, is_solid",-3.4518,-0.28501978798813976,3.16678021201186,3.16678021201186,,"{""n_components"": 1}"
DS01_13,Lidocaine,PLS,FS-E_Chemistry_Formulation,"tpsa, xlogp, rotatable_bonds, is_solid",-2.8226,-0.28501978798813976,2.5375802120118602,2.5375802120118602,,"{""n_components"": 1}"
DS01_20,Lidocaine,PLS,FS-E_Chemistry_Formulation,"tpsa, xlogp, rotatable_bonds, is_solid",-3.1665,-0.28501978798813976,2.8814802120118603,2.8814802120118603,,"{""n_components"": 1}"
DS01_29,Lidocaine,PLS,FS-E_Chemistry_Formulation,"tpsa, xlogp, rotatable_bonds, is_solid",-2.8542,-0.28501978798813976,2.5691802120118603,2.5691802120118603,,"{""n_components"": 1}"
DS01_06,Naloxone,PLS,FS-E_Chemistry_Formulation,"tpsa, xlogp, rotatable_bonds, is_solid",-3.4232,-6.822426577236659,3.3992265772366586,-3.3992265772366586,,"{""n_components"": 1}"
DS01_21,Naloxone,PLS,FS-E_Chemistry_Formulation,"tpsa, xlogp, rotatable_bonds, is_solid",-3.4447,-6.822426577236659,3.3777265772366585,-3.3777265772366585,,"{""n_components"": 1}"
DS01_30,Naloxone,PLS,FS-E_Chemistry_Formulation,"tpsa, xlogp, rotatable_bonds, is_solid",-3.47,-6.822426577236659,3.3524265772366584,-3.3524265772366584,,"{""n_components"": 1}"
DS01_07,Promethazine,PLS,FS-E_Chemistry_Formulation,"tpsa, xlogp, rotatable_bonds, is_solid",-2.8931,1.8281311244518887,4.721231124451888,4.721231124451888,,"{""n_components"": 1}"
DS01_08,Promethazine,PLS,FS-E_Chemistry_Formulation,"tpsa, xlogp, rotatable_bonds, is_solid",-3.5853,0.7529575991657502,4.33825759916575,4.33825759916575,,"{""n_components"": 1}"
DS01_10,Promethazine,PLS,FS-E_Chemistry_Formulation,"tpsa, xlogp, rotatable_bonds, is_solid",-3.7938,0.7529575991657502,4.54675759916575,4.54675759916575,,"{""n_components"": 1}"
DS01_14,Promethazine,PLS,FS-E_Chemistry_Formulation,"tpsa, xlogp, rotatable_bonds, is_solid",-2.6185,1.8281311244518887,4.446631124451889,4.446631124451889,,"{""n_components"": 1}"
DS01_22,Promethazine,PLS,FS-E_Chemistry_Formulation,"tpsa, xlogp, rotatable_bonds, is_solid",-3.1686,1.8281311244518887,4.996731124451889,4.996731124451889,,"{""n_components"": 1}"
DS01_23,Promethazine,PLS,FS-E_Chemistry_Formulation,"tpsa, xlogp, rotatable_bonds, is_solid",-3.668,0.7529575991657502,4.42095759916575,4.42095759916575,,"{""n_components"": 1}"
DS01_31,Promethazine,PLS,FS-E_Chemistry_Formulation,"tpsa, xlogp, rotatable_bonds, is_solid",-4.1719,1.8281311244518887,6.000031124451889,6.000031124451889,,"{""n_components"": 1}"
DS01_32,Promethazine,PLS,FS-E_Chemistry_Formulation,"tpsa, xlogp, rotatable_bonds, is_solid",-4.1992,0.7529575991657502,4.9521575991657505,4.9521575991657505,,"{""n_components"": 1}"
DS01_01,Caffeine,RandomForest,FS-E_Chemistry_Formulation,"tpsa, xlogp, rotatable_bonds, is_solid",-5.2217,-4.304496620738085,0.917203379261915,0.917203379261915,,"{""max_depth"": 2, ""max_features"": ""sqrt"", ""min_samples_leaf"": 5, ""n_estimators"": 50}"
DS01_09,Caffeine,RandomForest,FS-E_Chemistry_Formulation,"tpsa, xlogp, rotatable_bonds, is_solid",-6.4128,-4.304496620738085,2.1083033792619146,2.1083033792619146,,"{""max_depth"": 2, ""max_features"": ""sqrt"", ""min_samples_leaf"": 5, ""n_estimators"": 50}"
DS01_15,Caffeine,RandomForest,FS-E_Chemistry_Formulation,"tpsa, xlogp, rotatable_bonds, is_solid",-6.1704,-4.304496620738085,1.8659033792619146,1.8659033792619146,,"{""max_depth"": 2, ""max_features"": ""sqrt"", ""min_samples_leaf"": 5, ""n_estimators"": 50}"
DS01_24,Caffeine,RandomForest,FS-E_Chemistry_Formulation,"tpsa, xlogp, rotatable_bonds, is_solid",-6.5923,-4.304496620738085,2.2878033792619146,2.2878033792619146,,"{""max_depth"": 2, ""max_features"": ""sqrt"", ""min_samples_leaf"": 5, ""n_estimators"": 50}"
DS01_16,Diazepam,RandomForest,FS-E_Chemistry_Formulation,"tpsa, xlogp, rotatable_bonds, is_solid",-0.4246,-3.5789278294414775,3.1543278294414776,-3.1543278294414776,,"{""max_depth"": 1, ""max_features"": ""sqrt"", ""min_samples_leaf"": 5, ""n_estimators"": 50}"
DS01_25,Diazepam,RandomForest,FS-E_Chemistry_Formulation,"tpsa, xlogp, rotatable_bonds, is_solid",-1.7112,-3.5789278294414775,1.8677278294414774,-1.8677278294414774,,"{""max_depth"": 1, ""max_features"": ""sqrt"", ""min_samples_leaf"": 5, ""n_estimators"": 50}"
DS01_02,Diphenhydramine,RandomForest,FS-E_Chemistry_Formulation,"tpsa, xlogp, rotatable_bonds, is_solid",-1.4463,-3.1453139595015887,1.6990139595015887,-1.6990139595015887,,"{""max_depth"": 1, ""max_features"": ""sqrt"", ""min_samples_leaf"": 5, ""n_estimators"": 50}"
DS01_03,Diphenhydramine,RandomForest,FS-E_Chemistry_Formulation,"tpsa, xlogp, rotatable_bonds, is_solid",7.2511,-3.0099766921113,10.261076692111299,-10.261076692111299,,"{""max_depth"": 1, ""max_features"": ""sqrt"", ""min_samples_leaf"": 5, ""n_estimators"": 50}"
DS01_12,Diphenhydramine,RandomForest,FS-E_Chemistry_Formulation,"tpsa, xlogp, rotatable_bonds, is_solid",8.2707,-3.0099766921113,11.2806766921113,-11.2806766921113,,"{""max_depth"": 1, ""max_features"": ""sqrt"", ""min_samples_leaf"": 5, ""n_estimators"": 50}"
DS01_17,Diphenhydramine,RandomForest,FS-E_Chemistry_Formulation,"tpsa, xlogp, rotatable_bonds, is_solid",-1.1555,-3.1453139595015887,1.9898139595015887,-1.9898139595015887,,"{""max_depth"": 1, ""max_features"": ""sqrt"", ""min_samples_leaf"": 5, ""n_estimators"": 50}"
DS01_18,Diphenhydramine,RandomForest,FS-E_Chemistry_Formulation,"tpsa, xlogp, rotatable_bonds, is_solid",8.2789,-3.0099766921113,11.2888766921113,-11.2888766921113,,"{""max_depth"": 1, ""max_features"": ""sqrt"", ""min_samples_leaf"": 5, ""n_estimators"": 50}"
DS01_26,Diphenhydramine,RandomForest,FS-E_Chemistry_Formulation,"tpsa, xlogp, rotatable_bonds, is_solid",-0.8448,-3.1453139595015887,2.300513959501589,-2.300513959501589,,"{""max_depth"": 1, ""max_features"": ""sqrt"", ""min_samples_leaf"": 5, ""n_estimators"": 50}"
DS01_27,Diphenhydramine,RandomForest,FS-E_Chemistry_Formulation,"tpsa, xlogp, rotatable_bonds, is_solid",6.2433,-3.0099766921113,9.2532766921113,-9.2532766921113,,"{""max_depth"": 1, ""max_features"": ""sqrt"", ""min_samples_leaf"": 5, ""n_estimators"": 50}"
DS01_04,Epinephrine,RandomForest,FS-E_Chemistry_Formulation,"tpsa, xlogp, rotatable_bonds, is_solid",-12.2931,-3.5864083295836764,8.706691670416324,8.706691670416324,,"{""max_depth"": 1, ""max_features"": ""sqrt"", ""min_samples_leaf"": 5, ""n_estimators"": 50}"
DS01_11,Epinephrine,RandomForest,FS-E_Chemistry_Formulation,"tpsa, xlogp, rotatable_bonds, is_solid",-11.1498,-3.5864083295836764,7.563391670416324,7.563391670416324,,"{""max_depth"": 1, ""max_features"": ""sqrt"", ""min_samples_leaf"": 5, ""n_estimators"": 50}"
DS01_19,Ketamine,RandomForest,FS-E_Chemistry_Formulation,"tpsa, xlogp, rotatable_bonds, is_solid",-1.845,-3.7377249381025712,1.8927249381025713,-1.8927249381025713,,"{""max_depth"": 1, ""max_features"": ""sqrt"", ""min_samples_leaf"": 5, ""n_estimators"": 50}"
DS01_28,Ketamine,RandomForest,FS-E_Chemistry_Formulation,"tpsa, xlogp, rotatable_bonds, is_solid",-2.9666,-3.7377249381025712,0.7711249381025711,-0.7711249381025711,,"{""max_depth"": 1, ""max_features"": ""sqrt"", ""min_samples_leaf"": 5, ""n_estimators"": 50}"
DS01_05,Lidocaine,RandomForest,FS-E_Chemistry_Formulation,"tpsa, xlogp, rotatable_bonds, is_solid",-3.4518,-0.9068099902737614,2.544990009726239,2.544990009726239,,"{""max_depth"": 2, ""max_features"": ""sqrt"", ""min_samples_leaf"": 5, ""n_estimators"": 50}"
DS01_13,Lidocaine,RandomForest,FS-E_Chemistry_Formulation,"tpsa, xlogp, rotatable_bonds, is_solid",-2.8226,-0.9068099902737614,1.9157900097262386,1.9157900097262386,,"{""max_depth"": 2, ""max_features"": ""sqrt"", ""min_samples_leaf"": 5, ""n_estimators"": 50}"
DS01_20,Lidocaine,RandomForest,FS-E_Chemistry_Formulation,"tpsa, xlogp, rotatable_bonds, is_solid",-3.1665,-0.9068099902737614,2.2596900097262385,2.2596900097262385,,"{""max_depth"": 2, ""max_features"": ""sqrt"", ""min_samples_leaf"": 5, ""n_estimators"": 50}"
DS01_29,Lidocaine,RandomForest,FS-E_Chemistry_Formulation,"tpsa, xlogp, rotatable_bonds, is_solid",-2.8542,-0.9068099902737614,1.9473900097262387,1.9473900097262387,,"{""max_depth"": 2, ""max_features"": ""sqrt"", ""min_samples_leaf"": 5, ""n_estimators"": 50}"
DS01_06,Naloxone,RandomForest,FS-E_Chemistry_Formulation,"tpsa, xlogp, rotatable_bonds, is_solid",-3.4232,-5.242842894161395,1.8196428941613951,-1.8196428941613951,,"{""max_depth"": 2, ""max_features"": ""sqrt"", ""min_samples_leaf"": 5, ""n_estimators"": 50}"
DS01_21,Naloxone,RandomForest,FS-E_Chemistry_Formulation,"tpsa, xlogp, rotatable_bonds, is_solid",-3.4447,-5.242842894161395,1.798142894161395,-1.798142894161395,,"{""max_depth"": 2, ""max_features"": ""sqrt"", ""min_samples_leaf"": 5, ""n_estimators"": 50}"
DS01_30,Naloxone,RandomForest,FS-E_Chemistry_Formulation,"tpsa, xlogp, rotatable_bonds, is_solid",-3.47,-5.242842894161395,1.772842894161395,-1.772842894161395,,"{""max_depth"": 2, ""max_features"": ""sqrt"", ""min_samples_leaf"": 5, ""n_estimators"": 50}"
DS01_07,Promethazine,RandomForest,FS-E_Chemistry_Formulation,"tpsa, xlogp, rotatable_bonds, is_solid",-2.8931,-0.5537271868714623,2.339372813128538,2.339372813128538,,"{""max_depth"": 2, ""max_features"": ""sqrt"", ""min_samples_leaf"": 5, ""n_estimators"": 50}"
DS01_08,Promethazine,RandomForest,FS-E_Chemistry_Formulation,"tpsa, xlogp, rotatable_bonds, is_solid",-3.5853,-0.5537271868714623,3.031572813128538,3.031572813128538,,"{""max_depth"": 2, ""max_features"": ""sqrt"", ""min_samples_leaf"": 5, ""n_estimators"": 50}"
DS01_10,Promethazine,RandomForest,FS-E_Chemistry_Formulation,"tpsa, xlogp, rotatable_bonds, is_solid",-3.7938,-0.5537271868714623,3.240072813128538,3.240072813128538,,"{""max_depth"": 2, ""max_features"": ""sqrt"", ""min_samples_leaf"": 5, ""n_estimators"": 50}"
DS01_14,Promethazine,RandomForest,FS-E_Chemistry_Formulation,"tpsa, xlogp, rotatable_bonds, is_solid",-2.6185,-0.5537271868714623,2.064772813128538,2.064772813128538,,"{""max_depth"": 2, ""max_features"": ""sqrt"", ""min_samples_leaf"": 5, ""n_estimators"": 50}"
DS01_22,Promethazine,RandomForest,FS-E_Chemistry_Formulation,"tpsa, xlogp, rotatable_bonds, is_solid",-3.1686,-0.5537271868714623,2.614872813128538,2.614872813128538,,"{""max_depth"": 2, ""max_features"": ""sqrt"", ""min_samples_leaf"": 5, ""n_estimators"": 50}"
DS01_23,Promethazine,RandomForest,FS-E_Chemistry_Formulation,"tpsa, xlogp, rotatable_bonds, is_solid",-3.668,-0.5537271868714623,3.114272813128538,3.114272813128538,,"{""max_depth"": 2, ""max_features"": ""sqrt"", ""min_samples_leaf"": 5, ""n_estimators"": 50}"
DS01_31,Promethazine,RandomForest,FS-E_Chemistry_Formulation,"tpsa, xlogp, rotatable_bonds, is_solid",-4.1719,-0.5537271868714623,3.618172813128538,3.618172813128538,,"{""max_depth"": 2, ""max_features"": ""sqrt"", ""min_samples_leaf"": 5, ""n_estimators"": 50}"
DS01_32,Promethazine,RandomForest,FS-E_Chemistry_Formulation,"tpsa, xlogp, rotatable_bonds, is_solid",-4.1992,-0.5537271868714623,3.645472813128538,3.645472813128538,,"{""max_depth"": 2, ""max_features"": ""sqrt"", ""min_samples_leaf"": 5, ""n_estimators"": 50}"
DS01_01,Caffeine,GradientBoosting,FS-E_Chemistry_Formulation,"tpsa, xlogp, rotatable_bonds, is_solid",-5.2217,-4.011285985889649,1.2104140141103512,1.2104140141103512,,"{""learning_rate"": 0.05, ""max_depth"": 1, ""min_samples_leaf"": 5, ""n_estimators"": 20}"
DS01_09,Caffeine,GradientBoosting,FS-E_Chemistry_Formulation,"tpsa, xlogp, rotatable_bonds, is_solid",-6.4128,-4.011285985889649,2.401514014110351,2.401514014110351,,"{""learning_rate"": 0.05, ""max_depth"": 1, ""min_samples_leaf"": 5, ""n_estimators"": 20}"
DS01_15,Caffeine,GradientBoosting,FS-E_Chemistry_Formulation,"tpsa, xlogp, rotatable_bonds, is_solid",-6.1704,-4.011285985889649,2.159114014110351,2.159114014110351,,"{""learning_rate"": 0.05, ""max_depth"": 1, ""min_samples_leaf"": 5, ""n_estimators"": 20}"
DS01_24,Caffeine,GradientBoosting,FS-E_Chemistry_Formulation,"tpsa, xlogp, rotatable_bonds, is_solid",-6.5923,-4.011285985889649,2.581014014110351,2.581014014110351,,"{""learning_rate"": 0.05, ""max_depth"": 1, ""min_samples_leaf"": 5, ""n_estimators"": 20}"
DS01_16,Diazepam,GradientBoosting,FS-E_Chemistry_Formulation,"tpsa, xlogp, rotatable_bonds, is_solid",-0.4246,-3.416978093886527,2.992378093886527,-2.992378093886527,,"{""learning_rate"": 0.05, ""max_depth"": 1, ""min_samples_leaf"": 5, ""n_estimators"": 20}"
DS01_25,Diazepam,GradientBoosting,FS-E_Chemistry_Formulation,"tpsa, xlogp, rotatable_bonds, is_solid",-1.7112,-3.416978093886527,1.7057780938865268,-1.7057780938865268,,"{""learning_rate"": 0.05, ""max_depth"": 1, ""min_samples_leaf"": 5, ""n_estimators"": 20}"
DS01_02,Diphenhydramine,GradientBoosting,FS-E_Chemistry_Formulation,"tpsa, xlogp, rotatable_bonds, is_solid",-1.4463,-3.2526202384350125,1.8063202384350125,-1.8063202384350125,,"{""learning_rate"": 0.05, ""max_depth"": 1, ""min_samples_leaf"": 5, ""n_estimators"": 40}"
DS01_03,Diphenhydramine,GradientBoosting,FS-E_Chemistry_Formulation,"tpsa, xlogp, rotatable_bonds, is_solid",7.2511,-3.2526202384350125,10.503720238435012,-10.503720238435012,,"{""learning_rate"": 0.05, ""max_depth"": 1, ""min_samples_leaf"": 5, ""n_estimators"": 40}"
DS01_12,Diphenhydramine,GradientBoosting,FS-E_Chemistry_Formulation,"tpsa, xlogp, rotatable_bonds, is_solid",8.2707,-3.2526202384350125,11.523320238435012,-11.523320238435012,,"{""learning_rate"": 0.05, ""max_depth"": 1, ""min_samples_leaf"": 5, ""n_estimators"": 40}"
DS01_17,Diphenhydramine,GradientBoosting,FS-E_Chemistry_Formulation,"tpsa, xlogp, rotatable_bonds, is_solid",-1.1555,-3.2526202384350125,2.0971202384350125,-2.0971202384350125,,"{""learning_rate"": 0.05, ""max_depth"": 1, ""min_samples_leaf"": 5, ""n_estimators"": 40}"
DS01_18,Diphenhydramine,GradientBoosting,FS-E_Chemistry_Formulation,"tpsa, xlogp, rotatable_bonds, is_solid",8.2789,-3.2526202384350125,11.531520238435013,-11.531520238435013,,"{""learning_rate"": 0.05, ""max_depth"": 1, ""min_samples_leaf"": 5, ""n_estimators"": 40}"
DS01_26,Diphenhydramine,GradientBoosting,FS-E_Chemistry_Formulation,"tpsa, xlogp, rotatable_bonds, is_solid",-0.8448,-3.2526202384350125,2.4078202384350123,-2.4078202384350123,,"{""learning_rate"": 0.05, ""max_depth"": 1, ""min_samples_leaf"": 5, ""n_estimators"": 40}"
DS01_27,Diphenhydramine,GradientBoosting,FS-E_Chemistry_Formulation,"tpsa, xlogp, rotatable_bonds, is_solid",6.2433,-3.2526202384350125,9.495920238435012,-9.495920238435012,,"{""learning_rate"": 0.05, ""max_depth"": 1, ""min_samples_leaf"": 5, ""n_estimators"": 40}"
DS01_04,Epinephrine,GradientBoosting,FS-E_Chemistry_Formulation,"tpsa, xlogp, rotatable_bonds, is_solid",-12.2931,-2.8914399468814196,9.401660053118581,9.401660053118581,,"{""learning_rate"": 0.05, ""max_depth"": 1, ""min_samples_leaf"": 5, ""n_estimators"": 20}"
DS01_11,Epinephrine,GradientBoosting,FS-E_Chemistry_Formulation,"tpsa, xlogp, rotatable_bonds, is_solid",-11.1498,-2.8914399468814196,8.258360053118581,8.258360053118581,,"{""learning_rate"": 0.05, ""max_depth"": 1, ""min_samples_leaf"": 5, ""n_estimators"": 20}"
DS01_19,Ketamine,GradientBoosting,FS-E_Chemistry_Formulation,"tpsa, xlogp, rotatable_bonds, is_solid",-1.845,-3.33215414555865,1.48715414555865,-1.48715414555865,,"{""learning_rate"": 0.05, ""max_depth"": 1, ""min_samples_leaf"": 5, ""n_estimators"": 20}"
DS01_28,Ketamine,GradientBoosting,FS-E_Chemistry_Formulation,"tpsa, xlogp, rotatable_bonds, is_solid",-2.9666,-3.33215414555865,0.36555414555864996,-0.36555414555864996,,"{""learning_rate"": 0.05, ""max_depth"": 1, ""min_samples_leaf"": 5, ""n_estimators"": 20}"
DS01_05,Lidocaine,GradientBoosting,FS-E_Chemistry_Formulation,"tpsa, xlogp, rotatable_bonds, is_solid",-3.4518,-2.5020781561981162,0.9497218438018837,0.9497218438018837,,"{""learning_rate"": 0.05, ""max_depth"": 1, ""min_samples_leaf"": 5, ""n_estimators"": 20}"
DS01_13,Lidocaine,GradientBoosting,FS-E_Chemistry_Formulation,"tpsa, xlogp, rotatable_bonds, is_solid",-2.8226,-2.5020781561981162,0.32052184380188375,0.32052184380188375,,"{""learning_rate"": 0.05, ""max_depth"": 1, ""min_samples_leaf"": 5, ""n_estimators"": 20}"
DS01_20,Lidocaine,GradientBoosting,FS-E_Chemistry_Formulation,"tpsa, xlogp, rotatable_bonds, is_solid",-3.1665,-2.5020781561981162,0.6644218438018838,0.6644218438018838,,"{""learning_rate"": 0.05, ""max_depth"": 1, ""min_samples_leaf"": 5, ""n_estimators"": 20}"
DS01_29,Lidocaine,GradientBoosting,FS-E_Chemistry_Formulation,"tpsa, xlogp, rotatable_bonds, is_solid",-2.8542,-2.5020781561981162,0.3521218438018838,0.3521218438018838,,"{""learning_rate"": 0.05, ""max_depth"": 1, ""min_samples_leaf"": 5, ""n_estimators"": 20}"
DS01_06,Naloxone,GradientBoosting,FS-E_Chemistry_Formulation,"tpsa, xlogp, rotatable_bonds, is_solid",-3.4232,-3.5885779201183428,0.16537792011834274,-0.16537792011834274,,"{""learning_rate"": 0.05, ""max_depth"": 1, ""min_samples_leaf"": 5, ""n_estimators"": 20}"
DS01_21,Naloxone,GradientBoosting,FS-E_Chemistry_Formulation,"tpsa, xlogp, rotatable_bonds, is_solid",-3.4447,-3.5885779201183428,0.14387792011834266,-0.14387792011834266,,"{""learning_rate"": 0.05, ""max_depth"": 1, ""min_samples_leaf"": 5, ""n_estimators"": 20}"
DS01_30,Naloxone,GradientBoosting,FS-E_Chemistry_Formulation,"tpsa, xlogp, rotatable_bonds, is_solid",-3.47,-3.5885779201183428,0.11857792011834256,-0.11857792011834256,,"{""learning_rate"": 0.05, ""max_depth"": 1, ""min_samples_leaf"": 5, ""n_estimators"": 20}"
DS01_07,Promethazine,GradientBoosting,FS-E_Chemistry_Formulation,"tpsa, xlogp, rotatable_bonds, is_solid",-2.8931,-1.2401320587278795,1.6529679412721205,1.6529679412721205,,"{""learning_rate"": 0.05, ""max_depth"": 1, ""min_samples_leaf"": 5, ""n_estimators"": 20}"
DS01_08,Promethazine,GradientBoosting,FS-E_Chemistry_Formulation,"tpsa, xlogp, rotatable_bonds, is_solid",-3.5853,-1.2401320587278795,2.3451679412721207,2.3451679412721207,,"{""learning_rate"": 0.05, ""max_depth"": 1, ""min_samples_leaf"": 5, ""n_estimators"": 20}"
DS01_10,Promethazine,GradientBoosting,FS-E_Chemistry_Formulation,"tpsa, xlogp, rotatable_bonds, is_solid",-3.7938,-1.2401320587278795,2.5536679412721206,2.5536679412721206,,"{""learning_rate"": 0.05, ""max_depth"": 1, ""min_samples_leaf"": 5, ""n_estimators"": 20}"
DS01_14,Promethazine,GradientBoosting,FS-E_Chemistry_Formulation,"tpsa, xlogp, rotatable_bonds, is_solid",-2.6185,-1.2401320587278795,1.3783679412721206,1.3783679412721206,,"{""learning_rate"": 0.05, ""max_depth"": 1, ""min_samples_leaf"": 5, ""n_estimators"": 20}"
DS01_22,Promethazine,GradientBoosting,FS-E_Chemistry_Formulation,"tpsa, xlogp, rotatable_bonds, is_solid",-3.1686,-1.2401320587278795,1.9284679412721206,1.9284679412721206,,"{""learning_rate"": 0.05, ""max_depth"": 1, ""min_samples_leaf"": 5, ""n_estimators"": 20}"
DS01_23,Promethazine,GradientBoosting,FS-E_Chemistry_Formulation,"tpsa, xlogp, rotatable_bonds, is_solid",-3.668,-1.2401320587278795,2.4278679412721207,2.4278679412721207,,"{""learning_rate"": 0.05, ""max_depth"": 1, ""min_samples_leaf"": 5, ""n_estimators"": 20}"
DS01_31,Promethazine,GradientBoosting,FS-E_Chemistry_Formulation,"tpsa, xlogp, rotatable_bonds, is_solid",-4.1719,-1.2401320587278795,2.9317679412721205,2.9317679412721205,,"{""learning_rate"": 0.05, ""max_depth"": 1, ""min_samples_leaf"": 5, ""n_estimators"": 20}"
DS01_32,Promethazine,GradientBoosting,FS-E_Chemistry_Formulation,"tpsa, xlogp, rotatable_bonds, is_solid",-4.1992,-1.2401320587278795,2.959067941272121,2.959067941272121,,"{""learning_rate"": 0.05, ""max_depth"": 1, ""min_samples_leaf"": 5, ""n_estimators"": 20}"
DS01_01,Caffeine,GPR,FS-E_Chemistry_Formulation,"tpsa, xlogp, rotatable_bonds, is_solid",-5.2217,-2.007627130879602,3.214072869120398,3.214072869120398,5.242065646579675,"{""kernel"": ""Matern"", ""length_scale"": 0.75, ""noise"": 0.3}"
DS01_09,Caffeine,GPR,FS-E_Chemistry_Formulation,"tpsa, xlogp, rotatable_bonds, is_solid",-6.4128,-2.007627130879602,4.405172869120397,4.405172869120397,5.242065646579675,"{""kernel"": ""Matern"", ""length_scale"": 0.75, ""noise"": 0.3}"
DS01_15,Caffeine,GPR,FS-E_Chemistry_Formulation,"tpsa, xlogp, rotatable_bonds, is_solid",-6.1704,-2.007627130879602,4.162772869120397,4.162772869120397,5.242065646579675,"{""kernel"": ""Matern"", ""length_scale"": 0.75, ""noise"": 0.3}"
DS01_24,Caffeine,GPR,FS-E_Chemistry_Formulation,"tpsa, xlogp, rotatable_bonds, is_solid",-6.5923,-2.007627130879602,4.584672869120398,4.584672869120398,5.242065646579675,"{""kernel"": ""Matern"", ""length_scale"": 0.75, ""noise"": 0.3}"
DS01_16,Diazepam,GPR,FS-E_Chemistry_Formulation,"tpsa, xlogp, rotatable_bonds, is_solid",-0.4246,-2.6135905255897582,2.1889905255897584,-2.1889905255897584,4.757298310822094,"{""kernel"": ""Matern"", ""length_scale"": 0.75, ""noise"": 0.3}"
DS01_25,Diazepam,GPR,FS-E_Chemistry_Formulation,"tpsa, xlogp, rotatable_bonds, is_solid",-1.7112,-2.6135905255897582,0.9023905255897582,-0.9023905255897582,4.757298310822094,"{""kernel"": ""Matern"", ""length_scale"": 0.75, ""noise"": 0.3}"
DS01_02,Diphenhydramine,GPR,FS-E_Chemistry_Formulation,"tpsa, xlogp, rotatable_bonds, is_solid",-1.4463,-4.0007446809192615,2.5544446809192616,-2.5544446809192616,2.882447223580991,"{""kernel"": ""Matern"", ""length_scale"": 1.5, ""noise"": 0.3}"
DS01_03,Diphenhydramine,GPR,FS-E_Chemistry_Formulation,"tpsa, xlogp, rotatable_bonds, is_solid",7.2511,-3.6265906712452267,10.877690671245226,-10.877690671245226,2.6832935204525366,"{""kernel"": ""Matern"", ""length_scale"": 1.5, ""noise"": 0.3}"
DS01_12,Diphenhydramine,GPR,FS-E_Chemistry_Formulation,"tpsa, xlogp, rotatable_bonds, is_solid",8.2707,-3.6265906712452267,11.897290671245226,-11.897290671245226,2.6832935204525366,"{""kernel"": ""Matern"", ""length_scale"": 1.5, ""noise"": 0.3}"
DS01_17,Diphenhydramine,GPR,FS-E_Chemistry_Formulation,"tpsa, xlogp, rotatable_bonds, is_solid",-1.1555,-4.0007446809192615,2.8452446809192615,-2.8452446809192615,2.882447223580991,"{""kernel"": ""Matern"", ""length_scale"": 1.5, ""noise"": 0.3}"
DS01_18,Diphenhydramine,GPR,FS-E_Chemistry_Formulation,"tpsa, xlogp, rotatable_bonds, is_solid",8.2789,-3.6265906712452267,11.905490671245227,-11.905490671245227,2.6832935204525366,"{""kernel"": ""Matern"", ""length_scale"": 1.5, ""noise"": 0.3}"
DS01_26,Diphenhydramine,GPR,FS-E_Chemistry_Formulation,"tpsa, xlogp, rotatable_bonds, is_solid",-0.8448,-4.0007446809192615,3.1559446809192613,-3.1559446809192613,2.882447223580991,"{""kernel"": ""Matern"", ""length_scale"": 1.5, ""noise"": 0.3}"
DS01_27,Diphenhydramine,GPR,FS-E_Chemistry_Formulation,"tpsa, xlogp, rotatable_bonds, is_solid",6.2433,-3.6265906712452267,9.869890671245226,-9.869890671245226,2.6832935204525366,"{""kernel"": ""Matern"", ""length_scale"": 1.5, ""noise"": 0.3}"
DS01_04,Epinephrine,GPR,FS-E_Chemistry_Formulation,"tpsa, xlogp, rotatable_bonds, is_solid",-12.2931,-1.9419676424320473,10.351132357567954,10.351132357567954,4.511265714149018,"{""kernel"": ""Matern"", ""length_scale"": 0.75, ""noise"": 0.3}"
DS01_11,Epinephrine,GPR,FS-E_Chemistry_Formulation,"tpsa, xlogp, rotatable_bonds, is_solid",-11.1498,-1.9419676424320473,9.207832357567954,9.207832357567954,4.511265714149018,"{""kernel"": ""Matern"", ""length_scale"": 0.75, ""noise"": 0.3}"
DS01_19,Ketamine,GPR,FS-E_Chemistry_Formulation,"tpsa, xlogp, rotatable_bonds, is_solid",-1.845,-1.981402315701911,0.13640231570191097,-0.13640231570191097,4.744102843391473,"{""kernel"": ""Matern"", ""length_scale"": 0.75, ""noise"": 0.3}"
DS01_28,Ketamine,GPR,FS-E_Chemistry_Formulation,"tpsa, xlogp, rotatable_bonds, is_solid",-2.9666,-1.981402315701911,0.9851976842980892,0.9851976842980892,4.744102843391473,"{""kernel"": ""Matern"", ""length_scale"": 0.75, ""noise"": 0.3}"
DS01_05,Lidocaine,GPR,FS-E_Chemistry_Formulation,"tpsa, xlogp, rotatable_bonds, is_solid",-3.4518,-0.42466421617081807,3.027135783829182,3.027135783829182,5.338338906682757,"{""kernel"": ""Matern"", ""length_scale"": 0.75, ""noise"": 0.3}"
DS01_13,Lidocaine,GPR,FS-E_Chemistry_Formulation,"tpsa, xlogp, rotatable_bonds, is_solid",-2.8226,-0.42466421617081807,2.397935783829182,2.397935783829182,5.338338906682757,"{""kernel"": ""Matern"", ""length_scale"": 0.75, ""noise"": 0.3}"
DS01_20,Lidocaine,GPR,FS-E_Chemistry_Formulation,"tpsa, xlogp, rotatable_bonds, is_solid",-3.1665,-0.42466421617081807,2.741835783829182,2.741835783829182,5.338338906682757,"{""kernel"": ""Matern"", ""length_scale"": 0.75, ""noise"": 0.3}"
DS01_29,Lidocaine,GPR,FS-E_Chemistry_Formulation,"tpsa, xlogp, rotatable_bonds, is_solid",-2.8542,-0.42466421617081807,2.429535783829182,2.429535783829182,5.338338906682757,"{""kernel"": ""Matern"", ""length_scale"": 0.75, ""noise"": 0.3}"
DS01_06,Naloxone,GPR,FS-E_Chemistry_Formulation,"tpsa, xlogp, rotatable_bonds, is_solid",-3.4232,-2.9488527035090204,0.4743472964909796,0.4743472964909796,5.387873006956975,"{""kernel"": ""Matern"", ""length_scale"": 0.75, ""noise"": 0.3}"
DS01_21,Naloxone,GPR,FS-E_Chemistry_Formulation,"tpsa, xlogp, rotatable_bonds, is_solid",-3.4447,-2.9488527035090204,0.4958472964909797,0.4958472964909797,5.387873006956975,"{""kernel"": ""Matern"", ""length_scale"": 0.75, ""noise"": 0.3}"
DS01_30,Naloxone,GPR,FS-E_Chemistry_Formulation,"tpsa, xlogp, rotatable_bonds, is_solid",-3.47,-2.9488527035090204,0.5211472964909798,0.5211472964909798,5.387873006956975,"{""kernel"": ""Matern"", ""length_scale"": 0.75, ""noise"": 0.3}"
DS01_07,Promethazine,GPR,FS-E_Chemistry_Formulation,"tpsa, xlogp, rotatable_bonds, is_solid",-2.8931,0.34310950489128356,3.2362095048912836,3.2362095048912836,5.192426396178498,"{""kernel"": ""Matern"", ""length_scale"": 1.5, ""noise"": 0.3}"
DS01_08,Promethazine,GPR,FS-E_Chemistry_Formulation,"tpsa, xlogp, rotatable_bonds, is_solid",-3.5853,-1.553614289826804,2.031685710173196,2.031685710173196,5.540918873564487,"{""kernel"": ""Matern"", ""length_scale"": 1.5, ""noise"": 0.3}"
DS01_10,Promethazine,GPR,FS-E_Chemistry_Formulation,"tpsa, xlogp, rotatable_bonds, is_solid",-3.7938,-1.553614289826804,2.240185710173196,2.240185710173196,5.540918873564487,"{""kernel"": ""Matern"", ""length_scale"": 1.5, ""noise"": 0.3}"
DS01_14,Promethazine,GPR,FS-E_Chemistry_Formulation,"tpsa, xlogp, rotatable_bonds, is_solid",-2.6185,0.34310950489128356,2.9616095048912836,2.9616095048912836,5.192426396178498,"{""kernel"": ""Matern"", ""length_scale"": 1.5, ""noise"": 0.3}"
DS01_22,Promethazine,GPR,FS-E_Chemistry_Formulation,"tpsa, xlogp, rotatable_bonds, is_solid",-3.1686,0.34310950489128356,3.5117095048912836,3.5117095048912836,5.192426396178498,"{""kernel"": ""Matern"", ""length_scale"": 1.5, ""noise"": 0.3}"
DS01_23,Promethazine,GPR,FS-E_Chemistry_Formulation,"tpsa, xlogp, rotatable_bonds, is_solid",-3.668,-1.553614289826804,2.114385710173196,2.114385710173196,5.540918873564487,"{""kernel"": ""Matern"", ""length_scale"": 1.5, ""noise"": 0.3}"
DS01_31,Promethazine,GPR,FS-E_Chemistry_Formulation,"tpsa, xlogp, rotatable_bonds, is_solid",-4.1719,0.34310950489128356,4.5150095048912835,4.5150095048912835,5.192426396178498,"{""kernel"": ""Matern"", ""length_scale"": 1.5, ""noise"": 0.3}"
DS01_32,Promethazine,GPR,FS-E_Chemistry_Formulation,"tpsa, xlogp, rotatable_bonds, is_solid",-4.1992,-1.553614289826804,2.6455857101731963,2.6455857101731963,5.540918873564487,"{""kernel"": ""Matern"", ""length_scale"": 1.5, ""noise"": 0.3}"
DS01_01,Caffeine,OLS,FS-F_Radiation_TPSA_Interaction,"tpsa, xlogp, rotatable_bonds, cumulative_dose_combined_mGy, radiation_x_tpsa",-5.2217,-9.15517282903596,3.93347282903596,-3.93347282903596,,"{""label"": ""ordinary_least_squares""}"
DS01_09,Caffeine,OLS,FS-F_Radiation_TPSA_Interaction,"tpsa, xlogp, rotatable_bonds, cumulative_dose_combined_mGy, radiation_x_tpsa",-6.4128,-8.396448473714463,1.9836484737144628,-1.9836484737144628,,"{""label"": ""ordinary_least_squares""}"
DS01_15,Caffeine,OLS,FS-F_Radiation_TPSA_Interaction,"tpsa, xlogp, rotatable_bonds, cumulative_dose_combined_mGy, radiation_x_tpsa",-6.1704,-9.493352248962328,3.322952248962328,-3.322952248962328,,"{""label"": ""ordinary_least_squares""}"
DS01_24,Caffeine,OLS,FS-F_Radiation_TPSA_Interaction,"tpsa, xlogp, rotatable_bonds, cumulative_dose_combined_mGy, radiation_x_tpsa",-6.5923,-8.07861199160437,1.4863119916043708,-1.4863119916043708,,"{""label"": ""ordinary_least_squares""}"
DS01_16,Diazepam,OLS,FS-F_Radiation_TPSA_Interaction,"tpsa, xlogp, rotatable_bonds, cumulative_dose_combined_mGy, radiation_x_tpsa",-0.4246,-2.282351416840727,1.8577514168407272,-1.8577514168407272,,"{""label"": ""ordinary_least_squares""}"
DS01_25,Diazepam,OLS,FS-F_Radiation_TPSA_Interaction,"tpsa, xlogp, rotatable_bonds, cumulative_dose_combined_mGy, radiation_x_tpsa",-1.7112,-3.336800533876972,1.6256005338769721,-1.6256005338769721,,"{""label"": ""ordinary_least_squares""}"
DS01_02,Diphenhydramine,OLS,FS-F_Radiation_TPSA_Interaction,"tpsa, xlogp, rotatable_bonds, cumulative_dose_combined_mGy, radiation_x_tpsa",-1.4463,-3.1551478896736462,1.7088478896736463,-1.7088478896736463,,"{""label"": ""ordinary_least_squares""}"
DS01_03,Diphenhydramine,OLS,FS-F_Radiation_TPSA_Interaction,"tpsa, xlogp, rotatable_bonds, cumulative_dose_combined_mGy, radiation_x_tpsa",7.2511,-3.1551478896736462,10.406247889673647,-10.406247889673647,,"{""label"": ""ordinary_least_squares""}"
DS01_12,Diphenhydramine,OLS,FS-F_Radiation_TPSA_Interaction,"tpsa, xlogp, rotatable_bonds, cumulative_dose_combined_mGy, radiation_x_tpsa",8.2707,-2.2890873738827424,10.559787373882742,-10.559787373882742,,"{""label"": ""ordinary_least_squares""}"
DS01_17,Diphenhydramine,OLS,FS-F_Radiation_TPSA_Interaction,"tpsa, xlogp, rotatable_bonds, cumulative_dose_combined_mGy, radiation_x_tpsa",-1.1555,-2.641243952819418,1.4857439528194178,-1.4857439528194178,,"{""label"": ""ordinary_least_squares""}"
DS01_18,Diphenhydramine,OLS,FS-F_Radiation_TPSA_Interaction,"tpsa, xlogp, rotatable_bonds, cumulative_dose_combined_mGy, radiation_x_tpsa",8.2789,-2.641243952819418,10.920143952819418,-10.920143952819418,,"{""label"": ""ordinary_least_squares""}"
DS01_26,Diphenhydramine,OLS,FS-F_Radiation_TPSA_Interaction,"tpsa, xlogp, rotatable_bonds, cumulative_dose_combined_mGy, radiation_x_tpsa",-0.8448,-3.3801711286916816,2.535371128691682,-2.535371128691682,,"{""label"": ""ordinary_least_squares""}"
DS01_27,Diphenhydramine,OLS,FS-F_Radiation_TPSA_Interaction,"tpsa, xlogp, rotatable_bonds, cumulative_dose_combined_mGy, radiation_x_tpsa",6.2433,-3.3801711286916816,9.623471128691682,-9.623471128691682,,"{""label"": ""ordinary_least_squares""}"
DS01_04,Epinephrine,OLS,FS-F_Radiation_TPSA_Interaction,"tpsa, xlogp, rotatable_bonds, cumulative_dose_combined_mGy, radiation_x_tpsa",-12.2931,-3.049977536298189,9.243122463701813,9.243122463701813,,"{""label"": ""ordinary_least_squares""}"
DS01_11,Epinephrine,OLS,FS-F_Radiation_TPSA_Interaction,"tpsa, xlogp, rotatable_bonds, cumulative_dose_combined_mGy, radiation_x_tpsa",-11.1498,-5.3344735870512,5.815326412948801,5.815326412948801,,"{""label"": ""ordinary_least_squares""}"
DS01_19,Ketamine,OLS,FS-F_Radiation_TPSA_Interaction,"tpsa, xlogp, rotatable_bonds, cumulative_dose_combined_mGy, radiation_x_tpsa",-1.845,-0.5589782960841667,1.2860217039158333,1.2860217039158333,,"{""label"": ""ordinary_least_squares""}"
DS01_28,Ketamine,OLS,FS-F_Radiation_TPSA_Interaction,"tpsa, xlogp, rotatable_bonds, cumulative_dose_combined_mGy, radiation_x_tpsa",-2.9666,-1.0206493692483694,1.9459506307516308,1.9459506307516308,,"{""label"": ""ordinary_least_squares""}"
DS01_05,Lidocaine,OLS,FS-F_Radiation_TPSA_Interaction,"tpsa, xlogp, rotatable_bonds, cumulative_dose_combined_mGy, radiation_x_tpsa",-3.4518,-0.7499877935217232,2.7018122064782766,2.7018122064782766,,"{""label"": ""ordinary_least_squares""}"
DS01_13,Lidocaine,OLS,FS-F_Radiation_TPSA_Interaction,"tpsa, xlogp, rotatable_bonds, cumulative_dose_combined_mGy, radiation_x_tpsa",-2.8226,-0.34415764871345633,2.4784423512865437,2.4784423512865437,,"{""label"": ""ordinary_least_squares""}"
DS01_20,Lidocaine,OLS,FS-F_Radiation_TPSA_Interaction,"tpsa, xlogp, rotatable_bonds, cumulative_dose_combined_mGy, radiation_x_tpsa",-3.1665,-0.5091758579716648,2.6573241420283353,2.6573241420283353,,"{""label"": ""ordinary_least_squares""}"
DS01_29,Lidocaine,OLS,FS-F_Radiation_TPSA_Interaction,"tpsa, xlogp, rotatable_bonds, cumulative_dose_combined_mGy, radiation_x_tpsa",-2.8542,-0.8554321729973522,1.9987678270026479,1.9987678270026479,,"{""label"": ""ordinary_least_squares""}"
DS01_06,Naloxone,OLS,FS-F_Radiation_TPSA_Interaction,"tpsa, xlogp, rotatable_bonds, cumulative_dose_combined_mGy, radiation_x_tpsa",-3.4232,-13.975797458770595,10.552597458770595,-10.552597458770595,,"{""label"": ""ordinary_least_squares""}"
DS01_21,Naloxone,OLS,FS-F_Radiation_TPSA_Interaction,"tpsa, xlogp, rotatable_bonds, cumulative_dose_combined_mGy, radiation_x_tpsa",-3.4447,-13.933692885015095,10.488992885015094,-10.488992885015094,,"{""label"": ""ordinary_least_squares""}"
DS01_30,Naloxone,OLS,FS-F_Radiation_TPSA_Interaction,"tpsa, xlogp, rotatable_bonds, cumulative_dose_combined_mGy, radiation_x_tpsa",-3.47,-14.016936213957878,10.546936213957878,-10.546936213957878,,"{""label"": ""ordinary_least_squares""}"
DS01_07,Promethazine,OLS,FS-F_Radiation_TPSA_Interaction,"tpsa, xlogp, rotatable_bonds, cumulative_dose_combined_mGy, radiation_x_tpsa",-2.8931,3.79388244981748,6.68698244981748,6.68698244981748,,"{""label"": ""ordinary_least_squares""}"
DS01_08,Promethazine,OLS,FS-F_Radiation_TPSA_Interaction,"tpsa, xlogp, rotatable_bonds, cumulative_dose_combined_mGy, radiation_x_tpsa",-3.5853,4.984853813006629,8.57015381300663,8.57015381300663,,"{""label"": ""ordinary_least_squares""}"
DS01_10,Promethazine,OLS,FS-F_Radiation_TPSA_Interaction,"tpsa, xlogp, rotatable_bonds, cumulative_dose_combined_mGy, radiation_x_tpsa",-3.7938,4.586958359834726,8.380758359834726,8.380758359834726,,"{""label"": ""ordinary_least_squares""}"
DS01_14,Promethazine,OLS,FS-F_Radiation_TPSA_Interaction,"tpsa, xlogp, rotatable_bonds, cumulative_dose_combined_mGy, radiation_x_tpsa",-2.6185,5.266159621526925,7.884659621526925,7.884659621526925,,"{""label"": ""ordinary_least_squares""}"
DS01_22,Promethazine,OLS,FS-F_Radiation_TPSA_Interaction,"tpsa, xlogp, rotatable_bonds, cumulative_dose_combined_mGy, radiation_x_tpsa",-3.1686,4.6675038895284695,7.83610388952847,7.83610388952847,,"{""label"": ""ordinary_least_squares""}"
DS01_23,Promethazine,OLS,FS-F_Radiation_TPSA_Interaction,"tpsa, xlogp, rotatable_bonds, cumulative_dose_combined_mGy, radiation_x_tpsa",-3.668,4.6675038895284695,8.33550388952847,8.33550388952847,,"{""label"": ""ordinary_least_squares""}"
DS01_31,Promethazine,OLS,FS-F_Radiation_TPSA_Interaction,"tpsa, xlogp, rotatable_bonds, cumulative_dose_combined_mGy, radiation_x_tpsa",-4.1719,3.411349622295808,7.583249622295808,7.583249622295808,,"{""label"": ""ordinary_least_squares""}"
DS01_32,Promethazine,OLS,FS-F_Radiation_TPSA_Interaction,"tpsa, xlogp, rotatable_bonds, cumulative_dose_combined_mGy, radiation_x_tpsa",-4.1992,4.420276362352029,8.619476362352028,8.619476362352028,,"{""label"": ""ordinary_least_squares""}"
DS01_01,Caffeine,Ridge,FS-F_Radiation_TPSA_Interaction,"tpsa, xlogp, rotatable_bonds, cumulative_dose_combined_mGy, radiation_x_tpsa",-5.2217,-7.2965018064060985,2.0748018064060982,-2.0748018064060982,,"{""alpha"": 10.0}"
DS01_09,Caffeine,Ridge,FS-F_Radiation_TPSA_Interaction,"tpsa, xlogp, rotatable_bonds, cumulative_dose_combined_mGy, radiation_x_tpsa",-6.4128,-7.361161122424429,0.948361122424429,-0.948361122424429,,"{""alpha"": 10.0}"
DS01_15,Caffeine,Ridge,FS-F_Radiation_TPSA_Interaction,"tpsa, xlogp, rotatable_bonds, cumulative_dose_combined_mGy, radiation_x_tpsa",-6.1704,-7.267681787870318,1.097281787870318,-1.097281787870318,,"{""alpha"": 10.0}"
DS01_24,Caffeine,Ridge,FS-F_Radiation_TPSA_Interaction,"tpsa, xlogp, rotatable_bonds, cumulative_dose_combined_mGy, radiation_x_tpsa",-6.5923,-7.388247493640497,0.7959474936404973,-0.7959474936404973,,"{""alpha"": 10.0}"
DS01_16,Diazepam,Ridge,FS-F_Radiation_TPSA_Interaction,"tpsa, xlogp, rotatable_bonds, cumulative_dose_combined_mGy, radiation_x_tpsa",-0.4246,-3.207925708590707,2.783325708590707,-2.783325708590707,,"{""alpha"": 10.0}"
DS01_25,Diazepam,Ridge,FS-F_Radiation_TPSA_Interaction,"tpsa, xlogp, rotatable_bonds, cumulative_dose_combined_mGy, radiation_x_tpsa",-1.7112,-3.821190822078183,2.109990822078183,-2.109990822078183,,"{""alpha"": 10.0}"
DS01_02,Diphenhydramine,Ridge,FS-F_Radiation_TPSA_Interaction,"tpsa, xlogp, rotatable_bonds, cumulative_dose_combined_mGy, radiation_x_tpsa",-1.4463,-2.691857377660329,1.245557377660329,-1.245557377660329,,"{""alpha"": 10.0}"
DS01_03,Diphenhydramine,Ridge,FS-F_Radiation_TPSA_Interaction,"tpsa, xlogp, rotatable_bonds, cumulative_dose_combined_mGy, radiation_x_tpsa",7.2511,-2.691857377660329,9.94295737766033,-9.94295737766033,,"{""alpha"": 10.0}"
DS01_12,Diphenhydramine,Ridge,FS-F_Radiation_TPSA_Interaction,"tpsa, xlogp, rotatable_bonds, cumulative_dose_combined_mGy, radiation_x_tpsa",8.2707,-3.0159151361346463,11.286615136134646,-11.286615136134646,,"{""alpha"": 10.0}"
DS01_17,Diphenhydramine,Ridge,FS-F_Radiation_TPSA_Interaction,"tpsa, xlogp, rotatable_bonds, cumulative_dose_combined_mGy, radiation_x_tpsa",-1.1555,-2.884147125099081,1.728647125099081,-1.728647125099081,,"{""alpha"": 10.0}"
DS01_18,Diphenhydramine,Ridge,FS-F_Radiation_TPSA_Interaction,"tpsa, xlogp, rotatable_bonds, cumulative_dose_combined_mGy, radiation_x_tpsa",8.2789,-2.884147125099081,11.16304712509908,-11.16304712509908,,"{""alpha"": 10.0}"
DS01_26,Diphenhydramine,Ridge,FS-F_Radiation_TPSA_Interaction,"tpsa, xlogp, rotatable_bonds, cumulative_dose_combined_mGy, radiation_x_tpsa",-0.8448,-2.607659420229811,1.762859420229811,-1.762859420229811,,"{""alpha"": 10.0}"
DS01_27,Diphenhydramine,Ridge,FS-F_Radiation_TPSA_Interaction,"tpsa, xlogp, rotatable_bonds, cumulative_dose_combined_mGy, radiation_x_tpsa",6.2433,-2.607659420229811,8.85095942022981,-8.85095942022981,,"{""alpha"": 10.0}"
DS01_04,Epinephrine,Ridge,FS-F_Radiation_TPSA_Interaction,"tpsa, xlogp, rotatable_bonds, cumulative_dose_combined_mGy, radiation_x_tpsa",-12.2931,-4.379379664987098,7.913720335012902,7.913720335012902,,"{""alpha"": 10.0}"
DS01_11,Epinephrine,Ridge,FS-F_Radiation_TPSA_Interaction,"tpsa, xlogp, rotatable_bonds, cumulative_dose_combined_mGy, radiation_x_tpsa",-11.1498,-4.206586251116542,6.943213748883458,6.943213748883458,,"{""alpha"": 10.0}"
DS01_19,Ketamine,Ridge,FS-F_Radiation_TPSA_Interaction,"tpsa, xlogp, rotatable_bonds, cumulative_dose_combined_mGy, radiation_x_tpsa",-1.845,-2.338608587457,0.4936085874570002,-0.4936085874570002,,"{""alpha"": 10.0}"
DS01_28,Ketamine,Ridge,FS-F_Radiation_TPSA_Interaction,"tpsa, xlogp, rotatable_bonds, cumulative_dose_combined_mGy, radiation_x_tpsa",-2.9666,-2.363812357938376,0.602787642061624,0.602787642061624,,"{""alpha"": 10.0}"
DS01_05,Lidocaine,Ridge,FS-F_Radiation_TPSA_Interaction,"tpsa, xlogp, rotatable_bonds, cumulative_dose_combined_mGy, radiation_x_tpsa",-3.4518,-0.8941911859918674,2.5576088140081326,2.5576088140081326,,"{""alpha"": 10.0}"
DS01_13,Lidocaine,Ridge,FS-F_Radiation_TPSA_Interaction,"tpsa, xlogp, rotatable_bonds, cumulative_dose_combined_mGy, radiation_x_tpsa",-2.8226,-0.7394356629136649,2.083164337086335,2.083164337086335,,"{""alpha"": 10.0}"
DS01_20,Lidocaine,Ridge,FS-F_Radiation_TPSA_Interaction,"tpsa, xlogp, rotatable_bonds, cumulative_dose_combined_mGy, radiation_x_tpsa",-3.1665,-0.8023621843115452,2.364137815688455,2.364137815688455,,"{""alpha"": 10.0}"
DS01_29,Lidocaine,Ridge,FS-F_Radiation_TPSA_Interaction,"tpsa, xlogp, rotatable_bonds, cumulative_dose_combined_mGy, radiation_x_tpsa",-2.8542,-0.9344003727912287,1.9197996272087714,1.9197996272087714,,"{""alpha"": 10.0}"
DS01_06,Naloxone,Ridge,FS-F_Radiation_TPSA_Interaction,"tpsa, xlogp, rotatable_bonds, cumulative_dose_combined_mGy, radiation_x_tpsa",-3.4232,-13.951085826631873,10.527885826631874,-10.527885826631874,,"{""alpha"": 0.1}"
DS01_21,Naloxone,Ridge,FS-F_Radiation_TPSA_Interaction,"tpsa, xlogp, rotatable_bonds, cumulative_dose_combined_mGy, radiation_x_tpsa",-3.4447,-13.588573645543507,10.143873645543508,-10.143873645543508,,"{""alpha"": 0.1}"
DS01_30,Naloxone,Ridge,FS-F_Radiation_TPSA_Interaction,"tpsa, xlogp, rotatable_bonds, cumulative_dose_combined_mGy, radiation_x_tpsa",-3.47,-14.305282497919967,10.835282497919966,-10.835282497919966,,"{""alpha"": 0.1}"
DS01_07,Promethazine,Ridge,FS-F_Radiation_TPSA_Interaction,"tpsa, xlogp, rotatable_bonds, cumulative_dose_combined_mGy, radiation_x_tpsa",-2.8931,1.8372604179786505,4.73036041797865,4.73036041797865,,"{""alpha"": 10.0}"
DS01_08,Promethazine,Ridge,FS-F_Radiation_TPSA_Interaction,"tpsa, xlogp, rotatable_bonds, cumulative_dose_combined_mGy, radiation_x_tpsa",-3.5853,2.4455050486519903,6.03080504865199,6.03080504865199,,"{""alpha"": 10.0}"
DS01_10,Promethazine,Ridge,FS-F_Radiation_TPSA_Interaction,"tpsa, xlogp, rotatable_bonds, cumulative_dose_combined_mGy, radiation_x_tpsa",-3.7938,2.242294643732533,6.0360946437325325,6.0360946437325325,,"{""alpha"": 10.0}"
DS01_14,Promethazine,Ridge,FS-F_Radiation_TPSA_Interaction,"tpsa, xlogp, rotatable_bonds, cumulative_dose_combined_mGy, radiation_x_tpsa",-2.6185,2.58917159924941,5.2076715992494105,5.2076715992494105,,"{""alpha"": 10.0}"
DS01_22,Promethazine,Ridge,FS-F_Radiation_TPSA_Interaction,"tpsa, xlogp, rotatable_bonds, cumulative_dose_combined_mGy, radiation_x_tpsa",-3.1686,2.2834302977668766,5.452030297766877,5.452030297766877,,"{""alpha"": 10.0}"
DS01_23,Promethazine,Ridge,FS-F_Radiation_TPSA_Interaction,"tpsa, xlogp, rotatable_bonds, cumulative_dose_combined_mGy, radiation_x_tpsa",-3.668,2.2834302977668766,5.951430297766876,5.951430297766876,,"{""alpha"": 10.0}"
DS01_31,Promethazine,Ridge,FS-F_Radiation_TPSA_Interaction,"tpsa, xlogp, rotatable_bonds, cumulative_dose_combined_mGy, radiation_x_tpsa",-4.1719,1.6418959066328016,5.8137959066328015,5.8137959066328015,,"{""alpha"": 10.0}"
DS01_32,Promethazine,Ridge,FS-F_Radiation_TPSA_Interaction,"tpsa, xlogp, rotatable_bonds, cumulative_dose_combined_mGy, radiation_x_tpsa",-4.1992,2.1571679705543665,6.356367970554366,6.356367970554366,,"{""alpha"": 10.0}"
DS01_01,Caffeine,ElasticNet,FS-F_Radiation_TPSA_Interaction,"tpsa, xlogp, rotatable_bonds, cumulative_dose_combined_mGy, radiation_x_tpsa",-5.2217,-7.727079501200493,2.505379501200493,-2.505379501200493,,"{""alpha"": 0.2, ""l1_ratio"": 0.2}"
DS01_09,Caffeine,ElasticNet,FS-F_Radiation_TPSA_Interaction,"tpsa, xlogp, rotatable_bonds, cumulative_dose_combined_mGy, radiation_x_tpsa",-6.4128,-7.702309284111768,1.2895092841117686,-1.2895092841117686,,"{""alpha"": 0.2, ""l1_ratio"": 0.2}"
DS01_15,Caffeine,ElasticNet,FS-F_Radiation_TPSA_Interaction,"tpsa, xlogp, rotatable_bonds, cumulative_dose_combined_mGy, radiation_x_tpsa",-6.1704,-7.738120108487926,1.5677201084879258,-1.5677201084879258,,"{""alpha"": 0.2, ""l1_ratio"": 0.2}"
DS01_24,Caffeine,ElasticNet,FS-F_Radiation_TPSA_Interaction,"tpsa, xlogp, rotatable_bonds, cumulative_dose_combined_mGy, radiation_x_tpsa",-6.5923,-7.691932816550967,1.099632816550967,-1.099632816550967,,"{""alpha"": 0.2, ""l1_ratio"": 0.2}"
DS01_16,Diazepam,ElasticNet,FS-F_Radiation_TPSA_Interaction,"tpsa, xlogp, rotatable_bonds, cumulative_dose_combined_mGy, radiation_x_tpsa",-0.4246,-3.207784084565908,2.783184084565908,-2.783184084565908,,"{""alpha"": 0.2, ""l1_ratio"": 0.2}"
DS01_25,Diazepam,ElasticNet,FS-F_Radiation_TPSA_Interaction,"tpsa, xlogp, rotatable_bonds, cumulative_dose_combined_mGy, radiation_x_tpsa",-1.7112,-3.813894221785609,2.102694221785609,-2.102694221785609,,"{""alpha"": 0.2, ""l1_ratio"": 0.2}"
DS01_02,Diphenhydramine,ElasticNet,FS-F_Radiation_TPSA_Interaction,"tpsa, xlogp, rotatable_bonds, cumulative_dose_combined_mGy, radiation_x_tpsa",-1.4463,-2.7571409648277094,1.3108409648277095,-1.3108409648277095,,"{""alpha"": 0.2, ""l1_ratio"": 0.2}"
DS01_03,Diphenhydramine,ElasticNet,FS-F_Radiation_TPSA_Interaction,"tpsa, xlogp, rotatable_bonds, cumulative_dose_combined_mGy, radiation_x_tpsa",7.2511,-2.7571409648277094,10.00824096482771,-10.00824096482771,,"{""alpha"": 0.2, ""l1_ratio"": 0.2}"
DS01_12,Diphenhydramine,ElasticNet,FS-F_Radiation_TPSA_Interaction,"tpsa, xlogp, rotatable_bonds, cumulative_dose_combined_mGy, radiation_x_tpsa",8.2707,-2.991974936402948,11.262674936402949,-11.262674936402949,,"{""alpha"": 0.2, ""l1_ratio"": 0.2}"
DS01_17,Diphenhydramine,ElasticNet,FS-F_Radiation_TPSA_Interaction,"tpsa, xlogp, rotatable_bonds, cumulative_dose_combined_mGy, radiation_x_tpsa",-1.1555,-2.896487003931478,1.7409870039314779,-1.7409870039314779,,"{""alpha"": 0.2, ""l1_ratio"": 0.2}"
DS01_18,Diphenhydramine,ElasticNet,FS-F_Radiation_TPSA_Interaction,"tpsa, xlogp, rotatable_bonds, cumulative_dose_combined_mGy, radiation_x_tpsa",8.2789,-2.896487003931478,11.175387003931478,-11.175387003931478,,"{""alpha"": 0.2, ""l1_ratio"": 0.2}"
DS01_26,Diphenhydramine,ElasticNet,FS-F_Radiation_TPSA_Interaction,"tpsa, xlogp, rotatable_bonds, cumulative_dose_combined_mGy, radiation_x_tpsa",-0.8448,-2.6961254815539197,1.8513254815539197,-1.8513254815539197,,"{""alpha"": 0.2, ""l1_ratio"": 0.2}"
DS01_27,Diphenhydramine,ElasticNet,FS-F_Radiation_TPSA_Interaction,"tpsa, xlogp, rotatable_bonds, cumulative_dose_combined_mGy, radiation_x_tpsa",6.2433,-2.6961254815539197,8.939425481553918,-8.939425481553918,,"{""alpha"": 0.2, ""l1_ratio"": 0.2}"
DS01_04,Epinephrine,ElasticNet,FS-F_Radiation_TPSA_Interaction,"tpsa, xlogp, rotatable_bonds, cumulative_dose_combined_mGy, radiation_x_tpsa",-12.2931,-4.215672353386526,8.077427646613476,8.077427646613476,,"{""alpha"": 0.2, ""l1_ratio"": 0.2}"
DS01_11,Epinephrine,ElasticNet,FS-F_Radiation_TPSA_Interaction,"tpsa, xlogp, rotatable_bonds, cumulative_dose_combined_mGy, radiation_x_tpsa",-11.1498,-4.215672353386526,6.934127646613475,6.934127646613475,,"{""alpha"": 0.2, ""l1_ratio"": 0.2}"
DS01_19,Ketamine,ElasticNet,FS-F_Radiation_TPSA_Interaction,"tpsa, xlogp, rotatable_bonds, cumulative_dose_combined_mGy, radiation_x_tpsa",-1.845,-2.1400271344183253,0.2950271344183253,-0.2950271344183253,,"{""alpha"": 0.2, ""l1_ratio"": 0.2}"
DS01_28,Ketamine,ElasticNet,FS-F_Radiation_TPSA_Interaction,"tpsa, xlogp, rotatable_bonds, cumulative_dose_combined_mGy, radiation_x_tpsa",-2.9666,-2.1784006693042812,0.7881993306957189,0.7881993306957189,,"{""alpha"": 0.2, ""l1_ratio"": 0.2}"
DS01_05,Lidocaine,ElasticNet,FS-F_Radiation_TPSA_Interaction,"tpsa, xlogp, rotatable_bonds, cumulative_dose_combined_mGy, radiation_x_tpsa",-3.4518,-0.7532132787111967,2.6985867212888035,2.6985867212888035,,"{""alpha"": 0.2, ""l1_ratio"": 0.2}"
DS01_13,Lidocaine,ElasticNet,FS-F_Radiation_TPSA_Interaction,"tpsa, xlogp, rotatable_bonds, cumulative_dose_combined_mGy, radiation_x_tpsa",-2.8226,-0.593816533581212,2.228783466418788,2.228783466418788,,"{""alpha"": 0.2, ""l1_ratio"": 0.2}"
DS01_20,Lidocaine,ElasticNet,FS-F_Radiation_TPSA_Interaction,"tpsa, xlogp, rotatable_bonds, cumulative_dose_combined_mGy, radiation_x_tpsa",-3.1665,-0.6586302636094827,2.5078697363905174,2.5078697363905174,,"{""alpha"": 0.2, ""l1_ratio"": 0.2}"
DS01_29,Lidocaine,ElasticNet,FS-F_Radiation_TPSA_Interaction,"tpsa, xlogp, rotatable_bonds, cumulative_dose_combined_mGy, radiation_x_tpsa",-2.8542,-0.7946283660221867,2.0595716339778134,2.0595716339778134,,"{""alpha"": 0.2, ""l1_ratio"": 0.2}"
DS01_06,Naloxone,ElasticNet,FS-F_Radiation_TPSA_Interaction,"tpsa, xlogp, rotatable_bonds, cumulative_dose_combined_mGy, radiation_x_tpsa",-3.4232,-13.457082036812135,10.033882036812136,-10.033882036812136,,"{""alpha"": 0.05, ""l1_ratio"": 0.8}"
DS01_21,Naloxone,ElasticNet,FS-F_Radiation_TPSA_Interaction,"tpsa, xlogp, rotatable_bonds, cumulative_dose_combined_mGy, radiation_x_tpsa",-3.4447,-12.420625294952515,8.975925294952514,-8.975925294952514,,"{""alpha"": 0.05, ""l1_ratio"": 0.8}"
DS01_30,Naloxone,ElasticNet,FS-F_Radiation_TPSA_Interaction,"tpsa, xlogp, rotatable_bonds, cumulative_dose_combined_mGy, radiation_x_tpsa",-3.47,-14.469763946696128,10.999763946696127,-10.999763946696127,,"{""alpha"": 0.05, ""l1_ratio"": 0.8}"
DS01_07,Promethazine,ElasticNet,FS-F_Radiation_TPSA_Interaction,"tpsa, xlogp, rotatable_bonds, cumulative_dose_combined_mGy, radiation_x_tpsa",-2.8931,2.816248647424915,5.709348647424915,5.709348647424915,,"{""alpha"": 0.2, ""l1_ratio"": 0.2}"
DS01_08,Promethazine,ElasticNet,FS-F_Radiation_TPSA_Interaction,"tpsa, xlogp, rotatable_bonds, cumulative_dose_combined_mGy, radiation_x_tpsa",-3.5853,3.5527032345096585,7.138003234509659,7.138003234509659,,"{""alpha"": 0.2, ""l1_ratio"": 0.2}"
DS01_10,Promethazine,ElasticNet,FS-F_Radiation_TPSA_Interaction,"tpsa, xlogp, rotatable_bonds, cumulative_dose_combined_mGy, radiation_x_tpsa",-3.7938,3.3066587528993376,7.100458752899337,7.100458752899337,,"{""alpha"": 0.2, ""l1_ratio"": 0.2}"
DS01_14,Promethazine,ElasticNet,FS-F_Radiation_TPSA_Interaction,"tpsa, xlogp, rotatable_bonds, cumulative_dose_combined_mGy, radiation_x_tpsa",-2.6185,3.7266528016122646,6.345152801612265,6.345152801612265,,"{""alpha"": 0.2, ""l1_ratio"": 0.2}"
DS01_22,Promethazine,ElasticNet,FS-F_Radiation_TPSA_Interaction,"tpsa, xlogp, rotatable_bonds, cumulative_dose_combined_mGy, radiation_x_tpsa",-3.1686,3.3564652609695975,6.525065260969598,6.525065260969598,,"{""alpha"": 0.2, ""l1_ratio"": 0.2}"
DS01_23,Promethazine,ElasticNet,FS-F_Radiation_TPSA_Interaction,"tpsa, xlogp, rotatable_bonds, cumulative_dose_combined_mGy, radiation_x_tpsa",-3.668,3.3564652609695975,7.024465260969597,7.024465260969597,,"{""alpha"": 0.2, ""l1_ratio"": 0.2}"
DS01_31,Promethazine,ElasticNet,FS-F_Radiation_TPSA_Interaction,"tpsa, xlogp, rotatable_bonds, cumulative_dose_combined_mGy, radiation_x_tpsa",-4.1719,2.5797038704082316,6.751603870408232,6.751603870408232,,"{""alpha"": 0.2, ""l1_ratio"": 0.2}"
DS01_32,Promethazine,ElasticNet,FS-F_Radiation_TPSA_Interaction,"tpsa, xlogp, rotatable_bonds, cumulative_dose_combined_mGy, radiation_x_tpsa",-4.1992,3.2035884982948333,7.402788498294834,7.402788498294834,,"{""alpha"": 0.2, ""l1_ratio"": 0.2}"
DS01_01,Caffeine,PLS,FS-F_Radiation_TPSA_Interaction,"tpsa, xlogp, rotatable_bonds, cumulative_dose_combined_mGy, radiation_x_tpsa",-5.2217,-6.874998888131406,1.6532988881314061,-1.6532988881314061,,"{""n_components"": 1}"
DS01_09,Caffeine,PLS,FS-F_Radiation_TPSA_Interaction,"tpsa, xlogp, rotatable_bonds, cumulative_dose_combined_mGy, radiation_x_tpsa",-6.4128,-7.3442274797628055,0.9314274797628057,-0.9314274797628057,,"{""n_components"": 1}"
DS01_15,Caffeine,PLS,FS-F_Radiation_TPSA_Interaction,"tpsa, xlogp, rotatable_bonds, cumulative_dose_combined_mGy, radiation_x_tpsa",-6.1704,-6.665853825345683,0.49545382534568283,-0.49545382534568283,,"{""n_components"": 1}"
DS01_24,Caffeine,PLS,FS-F_Radiation_TPSA_Interaction,"tpsa, xlogp, rotatable_bonds, cumulative_dose_combined_mGy, radiation_x_tpsa",-6.5923,-7.540791572932586,0.9484915729325865,-0.9484915729325865,,"{""n_components"": 1}"
DS01_16,Diazepam,PLS,FS-F_Radiation_TPSA_Interaction,"tpsa, xlogp, rotatable_bonds, cumulative_dose_combined_mGy, radiation_x_tpsa",-0.4246,-2.807957292061932,2.383357292061932,-2.383357292061932,,"{""n_components"": 1}"
DS01_25,Diazepam,PLS,FS-F_Radiation_TPSA_Interaction,"tpsa, xlogp, rotatable_bonds, cumulative_dose_combined_mGy, radiation_x_tpsa",-1.7112,-4.62907473226885,2.9178747322688503,-2.9178747322688503,,"{""n_components"": 1}"
DS01_02,Diphenhydramine,PLS,FS-F_Radiation_TPSA_Interaction,"tpsa, xlogp, rotatable_bonds, cumulative_dose_combined_mGy, radiation_x_tpsa",-1.4463,-1.5662763827444794,0.11997638274447953,-0.11997638274447953,,"{""n_components"": 1}"
DS01_03,Diphenhydramine,PLS,FS-F_Radiation_TPSA_Interaction,"tpsa, xlogp, rotatable_bonds, cumulative_dose_combined_mGy, radiation_x_tpsa",7.2511,-1.5662763827444794,8.817376382744479,-8.817376382744479,,"{""n_components"": 1}"
DS01_12,Diphenhydramine,PLS,FS-F_Radiation_TPSA_Interaction,"tpsa, xlogp, rotatable_bonds, cumulative_dose_combined_mGy, radiation_x_tpsa",8.2707,-1.583840765258402,9.854540765258403,-9.854540765258403,,"{""n_components"": 1}"
DS01_17,Diphenhydramine,PLS,FS-F_Radiation_TPSA_Interaction,"tpsa, xlogp, rotatable_bonds, cumulative_dose_combined_mGy, radiation_x_tpsa",-1.1555,-1.5766987552666527,0.42119875526665274,-0.42119875526665274,,"{""n_components"": 1}"
DS01_18,Diphenhydramine,PLS,FS-F_Radiation_TPSA_Interaction,"tpsa, xlogp, rotatable_bonds, cumulative_dose_combined_mGy, radiation_x_tpsa",8.2789,-1.5766987552666527,9.855598755266653,-9.855598755266653,,"{""n_components"": 1}"
DS01_26,Diphenhydramine,PLS,FS-F_Radiation_TPSA_Interaction,"tpsa, xlogp, rotatable_bonds, cumulative_dose_combined_mGy, radiation_x_tpsa",-0.8448,-1.5617127360101337,0.7169127360101337,-0.7169127360101337,,"{""n_components"": 1}"
DS01_27,Diphenhydramine,PLS,FS-F_Radiation_TPSA_Interaction,"tpsa, xlogp, rotatable_bonds, cumulative_dose_combined_mGy, radiation_x_tpsa",6.2433,-1.5617127360101337,7.805012736010133,-7.805012736010133,,"{""n_components"": 1}"
DS01_04,Epinephrine,PLS,FS-F_Radiation_TPSA_Interaction,"tpsa, xlogp, rotatable_bonds, cumulative_dose_combined_mGy, radiation_x_tpsa",-12.2931,-6.700354538249889,5.592745461750112,5.592745461750112,,"{""n_components"": 1}"
DS01_11,Epinephrine,PLS,FS-F_Radiation_TPSA_Interaction,"tpsa, xlogp, rotatable_bonds, cumulative_dose_combined_mGy, radiation_x_tpsa",-11.1498,-5.827931917692517,5.321868082307484,5.321868082307484,,"{""n_components"": 1}"
DS01_19,Ketamine,PLS,FS-F_Radiation_TPSA_Interaction,"tpsa, xlogp, rotatable_bonds, cumulative_dose_combined_mGy, radiation_x_tpsa",-1.845,-2.387791656657504,0.542791656657504,-0.542791656657504,,"{""n_components"": 1}"
DS01_28,Ketamine,PLS,FS-F_Radiation_TPSA_Interaction,"tpsa, xlogp, rotatable_bonds, cumulative_dose_combined_mGy, radiation_x_tpsa",-2.9666,-2.9484413607236224,0.01815863927637773,0.01815863927637773,,"{""n_components"": 1}"
DS01_05,Lidocaine,PLS,FS-F_Radiation_TPSA_Interaction,"tpsa, xlogp, rotatable_bonds, cumulative_dose_combined_mGy, radiation_x_tpsa",-3.4518,-1.1630891574792412,2.288710842520759,2.288710842520759,,"{""n_components"": 1}"
DS01_13,Lidocaine,PLS,FS-F_Radiation_TPSA_Interaction,"tpsa, xlogp, rotatable_bonds, cumulative_dose_combined_mGy, radiation_x_tpsa",-2.8226,-0.38298532787977324,2.4396146721202268,2.4396146721202268,,"{""n_components"": 1}"
DS01_20,Lidocaine,PLS,FS-F_Radiation_TPSA_Interaction,"tpsa, xlogp, rotatable_bonds, cumulative_dose_combined_mGy, radiation_x_tpsa",-3.1665,-0.7001902931659107,2.4663097068340893,2.4663097068340893,,"{""n_components"": 1}"
DS01_29,Lidocaine,PLS,FS-F_Radiation_TPSA_Interaction,"tpsa, xlogp, rotatable_bonds, cumulative_dose_combined_mGy, radiation_x_tpsa",-2.8542,-1.365778793256642,1.488421206743358,1.488421206743358,,"{""n_components"": 1}"
DS01_06,Naloxone,PLS,FS-F_Radiation_TPSA_Interaction,"tpsa, xlogp, rotatable_bonds, cumulative_dose_combined_mGy, radiation_x_tpsa",-3.4232,-9.506501720317662,6.083301720317662,-6.083301720317662,,"{""n_components"": 1}"
DS01_21,Naloxone,PLS,FS-F_Radiation_TPSA_Interaction,"tpsa, xlogp, rotatable_bonds, cumulative_dose_combined_mGy, radiation_x_tpsa",-3.4447,-7.632593290902847,4.187893290902847,-4.187893290902847,,"{""n_components"": 1}"
DS01_30,Naloxone,PLS,FS-F_Radiation_TPSA_Interaction,"tpsa, xlogp, rotatable_bonds, cumulative_dose_combined_mGy, radiation_x_tpsa",-3.47,-11.337425376468222,7.867425376468221,-7.867425376468221,,"{""n_components"": 1}"
DS01_07,Promethazine,PLS,FS-F_Radiation_TPSA_Interaction,"tpsa, xlogp, rotatable_bonds, cumulative_dose_combined_mGy, radiation_x_tpsa",-2.8931,0.9707174324960954,3.8638174324960954,3.8638174324960954,,"{""n_components"": 1}"
DS01_08,Promethazine,PLS,FS-F_Radiation_TPSA_Interaction,"tpsa, xlogp, rotatable_bonds, cumulative_dose_combined_mGy, radiation_x_tpsa",-3.5853,1.6489149282149556,5.234214928214955,5.234214928214955,,"{""n_components"": 1}"
DS01_10,Promethazine,PLS,FS-F_Radiation_TPSA_Interaction,"tpsa, xlogp, rotatable_bonds, cumulative_dose_combined_mGy, radiation_x_tpsa",-3.7938,1.4223337456275718,5.216133745627571,5.216133745627571,,"{""n_components"": 1}"
DS01_14,Promethazine,PLS,FS-F_Radiation_TPSA_Interaction,"tpsa, xlogp, rotatable_bonds, cumulative_dose_combined_mGy, radiation_x_tpsa",-2.6185,1.8091042499453835,4.427604249945384,4.427604249945384,,"{""n_components"": 1}"
DS01_22,Promethazine,PLS,FS-F_Radiation_TPSA_Interaction,"tpsa, xlogp, rotatable_bonds, cumulative_dose_combined_mGy, radiation_x_tpsa",-3.1686,1.4682003199366056,4.636800319936606,4.636800319936606,,"{""n_components"": 1}"
DS01_23,Promethazine,PLS,FS-F_Radiation_TPSA_Interaction,"tpsa, xlogp, rotatable_bonds, cumulative_dose_combined_mGy, radiation_x_tpsa",-3.668,1.4682003199366056,5.136200319936606,5.136200319936606,,"{""n_components"": 1}"
DS01_31,Promethazine,PLS,FS-F_Radiation_TPSA_Interaction,"tpsa, xlogp, rotatable_bonds, cumulative_dose_combined_mGy, radiation_x_tpsa",-4.1719,0.7528844822891729,4.924784482289173,4.924784482289173,,"{""n_components"": 1}"
DS01_32,Promethazine,PLS,FS-F_Radiation_TPSA_Interaction,"tpsa, xlogp, rotatable_bonds, cumulative_dose_combined_mGy, radiation_x_tpsa",-4.1992,1.327416842695936,5.526616842695937,5.526616842695937,,"{""n_components"": 1}"
DS01_01,Caffeine,RandomForest,FS-F_Radiation_TPSA_Interaction,"tpsa, xlogp, rotatable_bonds, cumulative_dose_combined_mGy, radiation_x_tpsa",-5.2217,-4.019596674199545,1.2021033258004552,1.2021033258004552,,"{""max_depth"": 1, ""max_features"": ""sqrt"", ""min_samples_leaf"": 5, ""n_estimators"": 50}"
DS01_09,Caffeine,RandomForest,FS-F_Radiation_TPSA_Interaction,"tpsa, xlogp, rotatable_bonds, cumulative_dose_combined_mGy, radiation_x_tpsa",-6.4128,-4.019596674199545,2.393203325800455,2.393203325800455,,"{""max_depth"": 1, ""max_features"": ""sqrt"", ""min_samples_leaf"": 5, ""n_estimators"": 50}"
DS01_15,Caffeine,RandomForest,FS-F_Radiation_TPSA_Interaction,"tpsa, xlogp, rotatable_bonds, cumulative_dose_combined_mGy, radiation_x_tpsa",-6.1704,-4.019596674199545,2.150803325800455,2.150803325800455,,"{""max_depth"": 1, ""max_features"": ""sqrt"", ""min_samples_leaf"": 5, ""n_estimators"": 50}"
DS01_24,Caffeine,RandomForest,FS-F_Radiation_TPSA_Interaction,"tpsa, xlogp, rotatable_bonds, cumulative_dose_combined_mGy, radiation_x_tpsa",-6.5923,-4.090176824199545,2.502123175800455,2.502123175800455,,"{""max_depth"": 1, ""max_features"": ""sqrt"", ""min_samples_leaf"": 5, ""n_estimators"": 50}"
DS01_16,Diazepam,RandomForest,FS-F_Radiation_TPSA_Interaction,"tpsa, xlogp, rotatable_bonds, cumulative_dose_combined_mGy, radiation_x_tpsa",-0.4246,-1.892623492296308,1.4680234922963082,-1.4680234922963082,,"{""max_depth"": 2, ""max_features"": ""sqrt"", ""min_samples_leaf"": 5, ""n_estimators"": 50}"
DS01_25,Diazepam,RandomForest,FS-F_Radiation_TPSA_Interaction,"tpsa, xlogp, rotatable_bonds, cumulative_dose_combined_mGy, radiation_x_tpsa",-1.7112,-3.7456069462534627,2.034406946253463,-2.034406946253463,,"{""max_depth"": 2, ""max_features"": ""sqrt"", ""min_samples_leaf"": 5, ""n_estimators"": 50}"
DS01_02,Diphenhydramine,RandomForest,FS-F_Radiation_TPSA_Interaction,"tpsa, xlogp, rotatable_bonds, cumulative_dose_combined_mGy, radiation_x_tpsa",-1.4463,-3.0261161308658666,1.5798161308658667,-1.5798161308658667,,"{""max_depth"": 2, ""max_features"": ""sqrt"", ""min_samples_leaf"": 5, ""n_estimators"": 50}"
DS01_03,Diphenhydramine,RandomForest,FS-F_Radiation_TPSA_Interaction,"tpsa, xlogp, rotatable_bonds, cumulative_dose_combined_mGy, radiation_x_tpsa",7.2511,-3.0261161308658666,10.277216130865867,-10.277216130865867,,"{""max_depth"": 2, ""max_features"": ""sqrt"", ""min_samples_leaf"": 5, ""n_estimators"": 50}"
DS01_12,Diphenhydramine,RandomForest,FS-F_Radiation_TPSA_Interaction,"tpsa, xlogp, rotatable_bonds, cumulative_dose_combined_mGy, radiation_x_tpsa",8.2707,-2.97614202463876,11.24684202463876,-11.24684202463876,,"{""max_depth"": 2, ""max_features"": ""sqrt"", ""min_samples_leaf"": 5, ""n_estimators"": 50}"
DS01_17,Diphenhydramine,RandomForest,FS-F_Radiation_TPSA_Interaction,"tpsa, xlogp, rotatable_bonds, cumulative_dose_combined_mGy, radiation_x_tpsa",-1.1555,-2.945195738924475,1.789695738924475,-1.789695738924475,,"{""max_depth"": 2, ""max_features"": ""sqrt"", ""min_samples_leaf"": 5, ""n_estimators"": 50}"
DS01_18,Diphenhydramine,RandomForest,FS-F_Radiation_TPSA_Interaction,"tpsa, xlogp, rotatable_bonds, cumulative_dose_combined_mGy, radiation_x_tpsa",8.2789,-2.945195738924475,11.224095738924476,-11.224095738924476,,"{""max_depth"": 2, ""max_features"": ""sqrt"", ""min_samples_leaf"": 5, ""n_estimators"": 50}"
DS01_26,Diphenhydramine,RandomForest,FS-F_Radiation_TPSA_Interaction,"tpsa, xlogp, rotatable_bonds, cumulative_dose_combined_mGy, radiation_x_tpsa",-0.8448,-3.015672827835564,2.170872827835564,-2.170872827835564,,"{""max_depth"": 2, ""max_features"": ""sqrt"", ""min_samples_leaf"": 5, ""n_estimators"": 50}"
DS01_27,Diphenhydramine,RandomForest,FS-F_Radiation_TPSA_Interaction,"tpsa, xlogp, rotatable_bonds, cumulative_dose_combined_mGy, radiation_x_tpsa",6.2433,-3.015672827835564,9.258972827835564,-9.258972827835564,,"{""max_depth"": 2, ""max_features"": ""sqrt"", ""min_samples_leaf"": 5, ""n_estimators"": 50}"
DS01_04,Epinephrine,RandomForest,FS-F_Radiation_TPSA_Interaction,"tpsa, xlogp, rotatable_bonds, cumulative_dose_combined_mGy, radiation_x_tpsa",-12.2931,-3.72258426649495,8.57051573350505,8.57051573350505,,"{""max_depth"": 1, ""max_features"": ""sqrt"", ""min_samples_leaf"": 5, ""n_estimators"": 50}"
DS01_11,Epinephrine,RandomForest,FS-F_Radiation_TPSA_Interaction,"tpsa, xlogp, rotatable_bonds, cumulative_dose_combined_mGy, radiation_x_tpsa",-11.1498,-3.72258426649495,7.427215733505051,7.427215733505051,,"{""max_depth"": 1, ""max_features"": ""sqrt"", ""min_samples_leaf"": 5, ""n_estimators"": 50}"
DS01_19,Ketamine,RandomForest,FS-F_Radiation_TPSA_Interaction,"tpsa, xlogp, rotatable_bonds, cumulative_dose_combined_mGy, radiation_x_tpsa",-1.845,-3.645075834491895,1.800075834491895,-1.800075834491895,,"{""max_depth"": 1, ""max_features"": ""sqrt"", ""min_samples_leaf"": 5, ""n_estimators"": 50}"
DS01_28,Ketamine,RandomForest,FS-F_Radiation_TPSA_Interaction,"tpsa, xlogp, rotatable_bonds, cumulative_dose_combined_mGy, radiation_x_tpsa",-2.9666,-3.815129276411087,0.848529276411087,-0.848529276411087,,"{""max_depth"": 1, ""max_features"": ""sqrt"", ""min_samples_leaf"": 5, ""n_estimators"": 50}"
DS01_05,Lidocaine,RandomForest,FS-F_Radiation_TPSA_Interaction,"tpsa, xlogp, rotatable_bonds, cumulative_dose_combined_mGy, radiation_x_tpsa",-3.4518,-2.2358705229437232,1.2159294770562767,1.2159294770562767,,"{""max_depth"": 2, ""max_features"": ""sqrt"", ""min_samples_leaf"": 5, ""n_estimators"": 50}"
DS01_13,Lidocaine,RandomForest,FS-F_Radiation_TPSA_Interaction,"tpsa, xlogp, rotatable_bonds, cumulative_dose_combined_mGy, radiation_x_tpsa",-2.8226,-0.27323643864468883,2.549363561355311,2.549363561355311,,"{""max_depth"": 2, ""max_features"": ""sqrt"", ""min_samples_leaf"": 5, ""n_estimators"": 50}"
DS01_20,Lidocaine,RandomForest,FS-F_Radiation_TPSA_Interaction,"tpsa, xlogp, rotatable_bonds, cumulative_dose_combined_mGy, radiation_x_tpsa",-3.1665,-2.2271125918081913,0.9393874081918088,0.9393874081918088,,"{""max_depth"": 2, ""max_features"": ""sqrt"", ""min_samples_leaf"": 5, ""n_estimators"": 50}"
DS01_29,Lidocaine,RandomForest,FS-F_Radiation_TPSA_Interaction,"tpsa, xlogp, rotatable_bonds, cumulative_dose_combined_mGy, radiation_x_tpsa",-2.8542,-2.3244121181818183,0.5297878818181818,0.5297878818181818,,"{""max_depth"": 2, ""max_features"": ""sqrt"", ""min_samples_leaf"": 5, ""n_estimators"": 50}"
DS01_06,Naloxone,RandomForest,FS-F_Radiation_TPSA_Interaction,"tpsa, xlogp, rotatable_bonds, cumulative_dose_combined_mGy, radiation_x_tpsa",-3.4232,-4.684859331706557,1.2616593317065568,-1.2616593317065568,,"{""max_depth"": 1, ""max_features"": ""sqrt"", ""min_samples_leaf"": 5, ""n_estimators"": 50}"
DS01_21,Naloxone,RandomForest,FS-F_Radiation_TPSA_Interaction,"tpsa, xlogp, rotatable_bonds, cumulative_dose_combined_mGy, radiation_x_tpsa",-3.4447,-4.546685155235968,1.101985155235968,-1.101985155235968,,"{""max_depth"": 1, ""max_features"": ""sqrt"", ""min_samples_leaf"": 5, ""n_estimators"": 50}"
DS01_30,Naloxone,RandomForest,FS-F_Radiation_TPSA_Interaction,"tpsa, xlogp, rotatable_bonds, cumulative_dose_combined_mGy, radiation_x_tpsa",-3.47,-4.684859331706557,1.2148593317065566,-1.2148593317065566,,"{""max_depth"": 1, ""max_features"": ""sqrt"", ""min_samples_leaf"": 5, ""n_estimators"": 50}"
DS01_07,Promethazine,RandomForest,FS-F_Radiation_TPSA_Interaction,"tpsa, xlogp, rotatable_bonds, cumulative_dose_combined_mGy, radiation_x_tpsa",-2.8931,-1.2978906443251192,1.5952093556748808,1.5952093556748808,,"{""max_depth"": 2, ""max_features"": ""sqrt"", ""min_samples_leaf"": 5, ""n_estimators"": 50}"
DS01_08,Promethazine,RandomForest,FS-F_Radiation_TPSA_Interaction,"tpsa, xlogp, rotatable_bonds, cumulative_dose_combined_mGy, radiation_x_tpsa",-3.5853,-0.19737375384892894,3.3879262461510713,3.3879262461510713,,"{""max_depth"": 2, ""max_features"": ""sqrt"", ""min_samples_leaf"": 5, ""n_estimators"": 50}"
DS01_10,Promethazine,RandomForest,FS-F_Radiation_TPSA_Interaction,"tpsa, xlogp, rotatable_bonds, cumulative_dose_combined_mGy, radiation_x_tpsa",-3.7938,-1.2115452776584525,2.5822547223415473,2.5822547223415473,,"{""max_depth"": 2, ""max_features"": ""sqrt"", ""min_samples_leaf"": 5, ""n_estimators"": 50}"
DS01_14,Promethazine,RandomForest,FS-F_Radiation_TPSA_Interaction,"tpsa, xlogp, rotatable_bonds, cumulative_dose_combined_mGy, radiation_x_tpsa",-2.6185,-0.04716558601676092,2.571334413983239,2.571334413983239,,"{""max_depth"": 2, ""max_features"": ""sqrt"", ""min_samples_leaf"": 5, ""n_estimators"": 50}"
DS01_22,Promethazine,RandomForest,FS-F_Radiation_TPSA_Interaction,"tpsa, xlogp, rotatable_bonds, cumulative_dose_combined_mGy, radiation_x_tpsa",-3.1686,-1.108407722102897,2.0601922778971034,2.0601922778971034,,"{""max_depth"": 2, ""max_features"": ""sqrt"", ""min_samples_leaf"": 5, ""n_estimators"": 50}"
DS01_23,Promethazine,RandomForest,FS-F_Radiation_TPSA_Interaction,"tpsa, xlogp, rotatable_bonds, cumulative_dose_combined_mGy, radiation_x_tpsa",-3.668,-1.108407722102897,2.559592277897103,2.559592277897103,,"{""max_depth"": 2, ""max_features"": ""sqrt"", ""min_samples_leaf"": 5, ""n_estimators"": 50}"
DS01_31,Promethazine,RandomForest,FS-F_Radiation_TPSA_Interaction,"tpsa, xlogp, rotatable_bonds, cumulative_dose_combined_mGy, radiation_x_tpsa",-4.1719,-1.2978906443251192,2.8740093556748807,2.8740093556748807,,"{""max_depth"": 2, ""max_features"": ""sqrt"", ""min_samples_leaf"": 5, ""n_estimators"": 50}"
DS01_32,Promethazine,RandomForest,FS-F_Radiation_TPSA_Interaction,"tpsa, xlogp, rotatable_bonds, cumulative_dose_combined_mGy, radiation_x_tpsa",-4.1992,-1.2115452776584525,2.9876547223415475,2.9876547223415475,,"{""max_depth"": 2, ""max_features"": ""sqrt"", ""min_samples_leaf"": 5, ""n_estimators"": 50}"
DS01_01,Caffeine,GradientBoosting,FS-F_Radiation_TPSA_Interaction,"tpsa, xlogp, rotatable_bonds, cumulative_dose_combined_mGy, radiation_x_tpsa",-5.2217,-4.034794355272102,1.186905644727898,1.186905644727898,,"{""learning_rate"": 0.05, ""max_depth"": 1, ""min_samples_leaf"": 5, ""n_estimators"": 20}"
DS01_09,Caffeine,GradientBoosting,FS-F_Radiation_TPSA_Interaction,"tpsa, xlogp, rotatable_bonds, cumulative_dose_combined_mGy, radiation_x_tpsa",-6.4128,-4.034794355272102,2.3780056447278977,2.3780056447278977,,"{""learning_rate"": 0.05, ""max_depth"": 1, ""min_samples_leaf"": 5, ""n_estimators"": 20}"
DS01_15,Caffeine,GradientBoosting,FS-F_Radiation_TPSA_Interaction,"tpsa, xlogp, rotatable_bonds, cumulative_dose_combined_mGy, radiation_x_tpsa",-6.1704,-4.034794355272102,2.1356056447278977,2.1356056447278977,,"{""learning_rate"": 0.05, ""max_depth"": 1, ""min_samples_leaf"": 5, ""n_estimators"": 20}"
DS01_24,Caffeine,GradientBoosting,FS-F_Radiation_TPSA_Interaction,"tpsa, xlogp, rotatable_bonds, cumulative_dose_combined_mGy, radiation_x_tpsa",-6.5923,-4.034794355272102,2.5575056447278977,2.5575056447278977,,"{""learning_rate"": 0.05, ""max_depth"": 1, ""min_samples_leaf"": 5, ""n_estimators"": 20}"
DS01_16,Diazepam,GradientBoosting,FS-F_Radiation_TPSA_Interaction,"tpsa, xlogp, rotatable_bonds, cumulative_dose_combined_mGy, radiation_x_tpsa",-0.4246,-3.416978093886527,2.992378093886527,-2.992378093886527,,"{""learning_rate"": 0.05, ""max_depth"": 1, ""min_samples_leaf"": 5, ""n_estimators"": 20}"
DS01_25,Diazepam,GradientBoosting,FS-F_Radiation_TPSA_Interaction,"tpsa, xlogp, rotatable_bonds, cumulative_dose_combined_mGy, radiation_x_tpsa",-1.7112,-3.416978093886527,1.7057780938865268,-1.7057780938865268,,"{""learning_rate"": 0.05, ""max_depth"": 1, ""min_samples_leaf"": 5, ""n_estimators"": 20}"
DS01_02,Diphenhydramine,GradientBoosting,FS-F_Radiation_TPSA_Interaction,"tpsa, xlogp, rotatable_bonds, cumulative_dose_combined_mGy, radiation_x_tpsa",-1.4463,-3.177288257829452,1.730988257829452,-1.730988257829452,,"{""learning_rate"": 0.05, ""max_depth"": 1, ""min_samples_leaf"": 5, ""n_estimators"": 40}"
DS01_03,Diphenhydramine,GradientBoosting,FS-F_Radiation_TPSA_Interaction,"tpsa, xlogp, rotatable_bonds, cumulative_dose_combined_mGy, radiation_x_tpsa",7.2511,-3.177288257829452,10.428388257829452,-10.428388257829452,,"{""learning_rate"": 0.05, ""max_depth"": 1, ""min_samples_leaf"": 5, ""n_estimators"": 40}"
DS01_12,Diphenhydramine,GradientBoosting,FS-F_Radiation_TPSA_Interaction,"tpsa, xlogp, rotatable_bonds, cumulative_dose_combined_mGy, radiation_x_tpsa",8.2707,-3.177288257829452,11.44798825782945,-11.44798825782945,,"{""learning_rate"": 0.05, ""max_depth"": 1, ""min_samples_leaf"": 5, ""n_estimators"": 40}"
DS01_17,Diphenhydramine,GradientBoosting,FS-F_Radiation_TPSA_Interaction,"tpsa, xlogp, rotatable_bonds, cumulative_dose_combined_mGy, radiation_x_tpsa",-1.1555,-3.177288257829452,2.021788257829452,-2.021788257829452,,"{""learning_rate"": 0.05, ""max_depth"": 1, ""min_samples_leaf"": 5, ""n_estimators"": 40}"
DS01_18,Diphenhydramine,GradientBoosting,FS-F_Radiation_TPSA_Interaction,"tpsa, xlogp, rotatable_bonds, cumulative_dose_combined_mGy, radiation_x_tpsa",8.2789,-3.177288257829452,11.456188257829453,-11.456188257829453,,"{""learning_rate"": 0.05, ""max_depth"": 1, ""min_samples_leaf"": 5, ""n_estimators"": 40}"
DS01_26,Diphenhydramine,GradientBoosting,FS-F_Radiation_TPSA_Interaction,"tpsa, xlogp, rotatable_bonds, cumulative_dose_combined_mGy, radiation_x_tpsa",-0.8448,-3.177288257829452,2.3324882578294517,-2.3324882578294517,,"{""learning_rate"": 0.05, ""max_depth"": 1, ""min_samples_leaf"": 5, ""n_estimators"": 40}"
DS01_27,Diphenhydramine,GradientBoosting,FS-F_Radiation_TPSA_Interaction,"tpsa, xlogp, rotatable_bonds, cumulative_dose_combined_mGy, radiation_x_tpsa",6.2433,-3.177288257829452,9.42058825782945,-9.42058825782945,,"{""learning_rate"": 0.05, ""max_depth"": 1, ""min_samples_leaf"": 5, ""n_estimators"": 40}"
DS01_04,Epinephrine,GradientBoosting,FS-F_Radiation_TPSA_Interaction,"tpsa, xlogp, rotatable_bonds, cumulative_dose_combined_mGy, radiation_x_tpsa",-12.2931,-3.526936013954885,8.766163986045116,8.766163986045116,,"{""learning_rate"": 0.05, ""max_depth"": 1, ""min_samples_leaf"": 5, ""n_estimators"": 20}"
DS01_11,Epinephrine,GradientBoosting,FS-F_Radiation_TPSA_Interaction,"tpsa, xlogp, rotatable_bonds, cumulative_dose_combined_mGy, radiation_x_tpsa",-11.1498,-3.526936013954885,7.622863986045116,7.622863986045116,,"{""learning_rate"": 0.05, ""max_depth"": 1, ""min_samples_leaf"": 5, ""n_estimators"": 20}"
DS01_19,Ketamine,GradientBoosting,FS-F_Radiation_TPSA_Interaction,"tpsa, xlogp, rotatable_bonds, cumulative_dose_combined_mGy, radiation_x_tpsa",-1.845,-3.33215414555865,1.48715414555865,-1.48715414555865,,"{""learning_rate"": 0.05, ""max_depth"": 1, ""min_samples_leaf"": 5, ""n_estimators"": 20}"
DS01_28,Ketamine,GradientBoosting,FS-F_Radiation_TPSA_Interaction,"tpsa, xlogp, rotatable_bonds, cumulative_dose_combined_mGy, radiation_x_tpsa",-2.9666,-3.33215414555865,0.36555414555864996,-0.36555414555864996,,"{""learning_rate"": 0.05, ""max_depth"": 1, ""min_samples_leaf"": 5, ""n_estimators"": 20}"
DS01_05,Lidocaine,GradientBoosting,FS-F_Radiation_TPSA_Interaction,"tpsa, xlogp, rotatable_bonds, cumulative_dose_combined_mGy, radiation_x_tpsa",-3.4518,-1.6771055915175497,1.7746944084824503,1.7746944084824503,,"{""learning_rate"": 0.05, ""max_depth"": 1, ""min_samples_leaf"": 5, ""n_estimators"": 20}"
DS01_13,Lidocaine,GradientBoosting,FS-F_Radiation_TPSA_Interaction,"tpsa, xlogp, rotatable_bonds, cumulative_dose_combined_mGy, radiation_x_tpsa",-2.8226,-1.2835170024095781,1.5390829975904219,1.5390829975904219,,"{""learning_rate"": 0.05, ""max_depth"": 1, ""min_samples_leaf"": 5, ""n_estimators"": 20}"
DS01_20,Lidocaine,GradientBoosting,FS-F_Radiation_TPSA_Interaction,"tpsa, xlogp, rotatable_bonds, cumulative_dose_combined_mGy, radiation_x_tpsa",-3.1665,-1.6771055915175497,1.4893944084824504,1.4893944084824504,,"{""learning_rate"": 0.05, ""max_depth"": 1, ""min_samples_leaf"": 5, ""n_estimators"": 20}"
DS01_29,Lidocaine,GradientBoosting,FS-F_Radiation_TPSA_Interaction,"tpsa, xlogp, rotatable_bonds, cumulative_dose_combined_mGy, radiation_x_tpsa",-2.8542,-1.6771055915175497,1.1770944084824504,1.1770944084824504,,"{""learning_rate"": 0.05, ""max_depth"": 1, ""min_samples_leaf"": 5, ""n_estimators"": 20}"
DS01_06,Naloxone,GradientBoosting,FS-F_Radiation_TPSA_Interaction,"tpsa, xlogp, rotatable_bonds, cumulative_dose_combined_mGy, radiation_x_tpsa",-3.4232,-3.8740051718511492,0.4508051718511492,-0.4508051718511492,,"{""learning_rate"": 0.05, ""max_depth"": 1, ""min_samples_leaf"": 5, ""n_estimators"": 20}"
DS01_21,Naloxone,GradientBoosting,FS-F_Radiation_TPSA_Interaction,"tpsa, xlogp, rotatable_bonds, cumulative_dose_combined_mGy, radiation_x_tpsa",-3.4447,-3.8740051718511492,0.42930517185114914,-0.42930517185114914,,"{""learning_rate"": 0.05, ""max_depth"": 1, ""min_samples_leaf"": 5, ""n_estimators"": 20}"
DS01_30,Naloxone,GradientBoosting,FS-F_Radiation_TPSA_Interaction,"tpsa, xlogp, rotatable_bonds, cumulative_dose_combined_mGy, radiation_x_tpsa",-3.47,-3.8740051718511492,0.40400517185114904,-0.40400517185114904,,"{""learning_rate"": 0.05, ""max_depth"": 1, ""min_samples_leaf"": 5, ""n_estimators"": 20}"
DS01_07,Promethazine,GradientBoosting,FS-F_Radiation_TPSA_Interaction,"tpsa, xlogp, rotatable_bonds, cumulative_dose_combined_mGy, radiation_x_tpsa",-2.8931,-1.7678984792249577,1.1252015207750423,1.1252015207750423,,"{""learning_rate"": 0.05, ""max_depth"": 1, ""min_samples_leaf"": 5, ""n_estimators"": 20}"
DS01_08,Promethazine,GradientBoosting,FS-F_Radiation_TPSA_Interaction,"tpsa, xlogp, rotatable_bonds, cumulative_dose_combined_mGy, radiation_x_tpsa",-3.5853,-1.5259951860320458,2.0593048139679544,2.0593048139679544,,"{""learning_rate"": 0.05, ""max_depth"": 1, ""min_samples_leaf"": 5, ""n_estimators"": 20}"
DS01_10,Promethazine,GradientBoosting,FS-F_Radiation_TPSA_Interaction,"tpsa, xlogp, rotatable_bonds, cumulative_dose_combined_mGy, radiation_x_tpsa",-3.7938,-1.7678984792249577,2.0259015207750424,2.0259015207750424,,"{""learning_rate"": 0.05, ""max_depth"": 1, ""min_samples_leaf"": 5, ""n_estimators"": 20}"
DS01_14,Promethazine,GradientBoosting,FS-F_Radiation_TPSA_Interaction,"tpsa, xlogp, rotatable_bonds, cumulative_dose_combined_mGy, radiation_x_tpsa",-2.6185,-1.5259951860320458,1.0925048139679543,1.0925048139679543,,"{""learning_rate"": 0.05, ""max_depth"": 1, ""min_samples_leaf"": 5, ""n_estimators"": 20}"
DS01_22,Promethazine,GradientBoosting,FS-F_Radiation_TPSA_Interaction,"tpsa, xlogp, rotatable_bonds, cumulative_dose_combined_mGy, radiation_x_tpsa",-3.1686,-1.7678984792249577,1.4007015207750424,1.4007015207750424,,"{""learning_rate"": 0.05, ""max_depth"": 1, ""min_samples_leaf"": 5, ""n_estimators"": 20}"
DS01_23,Promethazine,GradientBoosting,FS-F_Radiation_TPSA_Interaction,"tpsa, xlogp, rotatable_bonds, cumulative_dose_combined_mGy, radiation_x_tpsa",-3.668,-1.7678984792249577,1.9001015207750425,1.9001015207750425,,"{""learning_rate"": 0.05, ""max_depth"": 1, ""min_samples_leaf"": 5, ""n_estimators"": 20}"
DS01_31,Promethazine,GradientBoosting,FS-F_Radiation_TPSA_Interaction,"tpsa, xlogp, rotatable_bonds, cumulative_dose_combined_mGy, radiation_x_tpsa",-4.1719,-1.7678984792249577,2.4040015207750423,2.4040015207750423,,"{""learning_rate"": 0.05, ""max_depth"": 1, ""min_samples_leaf"": 5, ""n_estimators"": 20}"
DS01_32,Promethazine,GradientBoosting,FS-F_Radiation_TPSA_Interaction,"tpsa, xlogp, rotatable_bonds, cumulative_dose_combined_mGy, radiation_x_tpsa",-4.1992,-1.7678984792249577,2.4313015207750426,2.4313015207750426,,"{""learning_rate"": 0.05, ""max_depth"": 1, ""min_samples_leaf"": 5, ""n_estimators"": 20}"
DS01_01,Caffeine,GPR,FS-F_Radiation_TPSA_Interaction,"tpsa, xlogp, rotatable_bonds, cumulative_dose_combined_mGy, radiation_x_tpsa",-5.2217,-2.2349272924690426,2.9867727075309576,2.9867727075309576,5.236060166882435,"{""kernel"": ""Matern"", ""length_scale"": 0.75, ""noise"": 0.3}"
DS01_09,Caffeine,GPR,FS-F_Radiation_TPSA_Interaction,"tpsa, xlogp, rotatable_bonds, cumulative_dose_combined_mGy, radiation_x_tpsa",-6.4128,-2.377700232999017,4.0350997670009825,4.0350997670009825,5.232706014037346,"{""kernel"": ""Matern"", ""length_scale"": 0.75, ""noise"": 0.3}"
DS01_15,Caffeine,GPR,FS-F_Radiation_TPSA_Interaction,"tpsa, xlogp, rotatable_bonds, cumulative_dose_combined_mGy, radiation_x_tpsa",-6.1704,-2.162479905184236,4.0079200948157645,4.0079200948157645,5.237963661199894,"{""kernel"": ""Matern"", ""length_scale"": 0.75, ""noise"": 0.3}"
DS01_24,Caffeine,GPR,FS-F_Radiation_TPSA_Interaction,"tpsa, xlogp, rotatable_bonds, cumulative_dose_combined_mGy, radiation_x_tpsa",-6.5923,-2.4143765908193795,4.17792340918062,4.17792340918062,5.23270850302638,"{""kernel"": ""Matern"", ""length_scale"": 0.75, ""noise"": 0.3}"
DS01_16,Diazepam,GPR,FS-F_Radiation_TPSA_Interaction,"tpsa, xlogp, rotatable_bonds, cumulative_dose_combined_mGy, radiation_x_tpsa",-0.4246,-2.5858871791709195,2.1612871791709196,-2.1612871791709196,5.111200921809624,"{""kernel"": ""Matern"", ""length_scale"": 0.75, ""noise"": 0.3}"
DS01_25,Diazepam,GPR,FS-F_Radiation_TPSA_Interaction,"tpsa, xlogp, rotatable_bonds, cumulative_dose_combined_mGy, radiation_x_tpsa",-1.7112,-2.5774448501374163,0.8662448501374163,-0.8662448501374163,5.300215618030391,"{""kernel"": ""Matern"", ""length_scale"": 0.75, ""noise"": 0.3}"
DS01_02,Diphenhydramine,GPR,FS-F_Radiation_TPSA_Interaction,"tpsa, xlogp, rotatable_bonds, cumulative_dose_combined_mGy, radiation_x_tpsa",-1.4463,-4.08681846022173,2.64051846022173,-2.64051846022173,2.961455384238252,"{""kernel"": ""Matern"", ""length_scale"": 0.75, ""noise"": 0.3}"
DS01_03,Diphenhydramine,GPR,FS-F_Radiation_TPSA_Interaction,"tpsa, xlogp, rotatable_bonds, cumulative_dose_combined_mGy, radiation_x_tpsa",7.2511,-4.08681846022173,11.33791846022173,-11.33791846022173,2.961455384238252,"{""kernel"": ""Matern"", ""length_scale"": 0.75, ""noise"": 0.3}"
DS01_12,Diphenhydramine,GPR,FS-F_Radiation_TPSA_Interaction,"tpsa, xlogp, rotatable_bonds, cumulative_dose_combined_mGy, radiation_x_tpsa",8.2707,-4.0288018335988,12.2995018335988,-12.2995018335988,2.9527674018901653,"{""kernel"": ""Matern"", ""length_scale"": 0.75, ""noise"": 0.3}"
DS01_17,Diphenhydramine,GPR,FS-F_Radiation_TPSA_Interaction,"tpsa, xlogp, rotatable_bonds, cumulative_dose_combined_mGy, radiation_x_tpsa",-1.1555,-4.0310581821243305,2.8755581821243306,-2.8755581821243306,2.953249851725815,"{""kernel"": ""Matern"", ""length_scale"": 0.75, ""noise"": 0.3}"
DS01_18,Diphenhydramine,GPR,FS-F_Radiation_TPSA_Interaction,"tpsa, xlogp, rotatable_bonds, cumulative_dose_combined_mGy, radiation_x_tpsa",8.2789,-4.0310581821243305,12.30995818212433,-12.30995818212433,2.953249851725815,"{""kernel"": ""Matern"", ""length_scale"": 0.75, ""noise"": 0.3}"
DS01_26,Diphenhydramine,GPR,FS-F_Radiation_TPSA_Interaction,"tpsa, xlogp, rotatable_bonds, cumulative_dose_combined_mGy, radiation_x_tpsa",-0.8448,-4.10132657299094,3.25652657299094,-3.25652657299094,2.9635014681475456,"{""kernel"": ""Matern"", ""length_scale"": 0.75, ""noise"": 0.3}"
DS01_27,Diphenhydramine,GPR,FS-F_Radiation_TPSA_Interaction,"tpsa, xlogp, rotatable_bonds, cumulative_dose_combined_mGy, radiation_x_tpsa",6.2433,-4.10132657299094,10.34462657299094,-10.34462657299094,2.9635014681475456,"{""kernel"": ""Matern"", ""length_scale"": 0.75, ""noise"": 0.3}"
DS01_04,Epinephrine,GPR,FS-F_Radiation_TPSA_Interaction,"tpsa, xlogp, rotatable_bonds, cumulative_dose_combined_mGy, radiation_x_tpsa",-12.2931,-1.868255557087221,10.42484444291278,10.42484444291278,4.51270289927624,"{""kernel"": ""RBF"", ""length_scale"": 0.75, ""noise"": 0.3}"
DS01_11,Epinephrine,GPR,FS-F_Radiation_TPSA_Interaction,"tpsa, xlogp, rotatable_bonds, cumulative_dose_combined_mGy, radiation_x_tpsa",-11.1498,-2.028680219839202,9.121119780160798,9.121119780160798,4.510159856582904,"{""kernel"": ""RBF"", ""length_scale"": 0.75, ""noise"": 0.3}"
DS01_19,Ketamine,GPR,FS-F_Radiation_TPSA_Interaction,"tpsa, xlogp, rotatable_bonds, cumulative_dose_combined_mGy, radiation_x_tpsa",-1.845,-2.2735731986140997,0.4285731986140997,-0.4285731986140997,5.058829851751422,"{""kernel"": ""Matern"", ""length_scale"": 0.75, ""noise"": 0.3}"
DS01_28,Ketamine,GPR,FS-F_Radiation_TPSA_Interaction,"tpsa, xlogp, rotatable_bonds, cumulative_dose_combined_mGy, radiation_x_tpsa",-2.9666,-2.759718381062099,0.20688161893790102,0.20688161893790102,5.2471399097917235,"{""kernel"": ""Matern"", ""length_scale"": 0.75, ""noise"": 0.3}"
DS01_05,Lidocaine,GPR,FS-F_Radiation_TPSA_Interaction,"tpsa, xlogp, rotatable_bonds, cumulative_dose_combined_mGy, radiation_x_tpsa",-3.4518,-1.783571230295097,1.668228769704903,1.668228769704903,5.427993259980827,"{""kernel"": ""RBF"", ""length_scale"": 0.75, ""noise"": 0.3}"
DS01_13,Lidocaine,GPR,FS-F_Radiation_TPSA_Interaction,"tpsa, xlogp, rotatable_bonds, cumulative_dose_combined_mGy, radiation_x_tpsa",-2.8226,-0.23742350827491787,2.585176491725082,2.585176491725082,5.358453428085859,"{""kernel"": ""RBF"", ""length_scale"": 0.75, ""noise"": 0.3}"
DS01_20,Lidocaine,GPR,FS-F_Radiation_TPSA_Interaction,"tpsa, xlogp, rotatable_bonds, cumulative_dose_combined_mGy, radiation_x_tpsa",-3.1665,-1.267302881393253,1.8991971186067471,1.8991971186067471,5.366989365031474,"{""kernel"": ""RBF"", ""length_scale"": 0.75, ""noise"": 0.3}"
DS01_29,Lidocaine,GPR,FS-F_Radiation_TPSA_Interaction,"tpsa, xlogp, rotatable_bonds, cumulative_dose_combined_mGy, radiation_x_tpsa",-2.8542,-2.0687653757061293,0.7854346242938708,0.7854346242938708,5.441096670294718,"{""kernel"": ""RBF"", ""length_scale"": 0.75, ""noise"": 0.3}"
DS01_06,Naloxone,GPR,FS-F_Radiation_TPSA_Interaction,"tpsa, xlogp, rotatable_bonds, cumulative_dose_combined_mGy, radiation_x_tpsa",-3.4232,-2.658128100689503,0.765071899310497,0.765071899310497,5.3964902000226855,"{""kernel"": ""RBF"", ""length_scale"": 0.75, ""noise"": 0.3}"
DS01_21,Naloxone,GPR,FS-F_Radiation_TPSA_Interaction,"tpsa, xlogp, rotatable_bonds, cumulative_dose_combined_mGy, radiation_x_tpsa",-3.4447,-2.8927158757248206,0.5519841242751795,0.5519841242751795,5.384986405795037,"{""kernel"": ""RBF"", ""length_scale"": 0.75, ""noise"": 0.3}"
DS01_30,Naloxone,GPR,FS-F_Radiation_TPSA_Interaction,"tpsa, xlogp, rotatable_bonds, cumulative_dose_combined_mGy, radiation_x_tpsa",-3.47,-2.376821348014643,1.0931786519853572,1.0931786519853572,5.398703632680519,"{""kernel"": ""RBF"", ""length_scale"": 0.75, ""noise"": 0.3}"
DS01_07,Promethazine,GPR,FS-F_Radiation_TPSA_Interaction,"tpsa, xlogp, rotatable_bonds, cumulative_dose_combined_mGy, radiation_x_tpsa",-2.8931,-0.9188618442667491,1.974238155733251,1.974238155733251,5.3799476870626055,"{""kernel"": ""Matern"", ""length_scale"": 1.5, ""noise"": 0.3}"
DS01_08,Promethazine,GPR,FS-F_Radiation_TPSA_Interaction,"tpsa, xlogp, rotatable_bonds, cumulative_dose_combined_mGy, radiation_x_tpsa",-3.5853,0.1367591584750989,3.722059158475099,3.722059158475099,5.2359662695902225,"{""kernel"": ""Matern"", ""length_scale"": 1.5, ""noise"": 0.3}"
DS01_10,Promethazine,GPR,FS-F_Radiation_TPSA_Interaction,"tpsa, xlogp, rotatable_bonds, cumulative_dose_combined_mGy, radiation_x_tpsa",-3.7938,-0.19442419303460445,3.5993758069653956,3.5993758069653956,5.284404631897871,"{""kernel"": ""Matern"", ""length_scale"": 1.5, ""noise"": 0.3}"
DS01_14,Promethazine,GPR,FS-F_Radiation_TPSA_Interaction,"tpsa, xlogp, rotatable_bonds, cumulative_dose_combined_mGy, radiation_x_tpsa",-2.6185,0.26455471325822666,2.8830547132582267,2.8830547132582267,5.250592845086683,"{""kernel"": ""Matern"", ""length_scale"": 1.5, ""noise"": 0.3}"
DS01_22,Promethazine,GPR,FS-F_Radiation_TPSA_Interaction,"tpsa, xlogp, rotatable_bonds, cumulative_dose_combined_mGy, radiation_x_tpsa",-3.1686,-0.11939713301079125,3.0492028669892086,3.0492028669892086,5.271266187877854,"{""kernel"": ""Matern"", ""length_scale"": 1.5, ""noise"": 0.3}"
DS01_23,Promethazine,GPR,FS-F_Radiation_TPSA_Interaction,"tpsa, xlogp, rotatable_bonds, cumulative_dose_combined_mGy, radiation_x_tpsa",-3.668,-0.11939713301079125,3.548602866989209,3.548602866989209,5.271266187877854,"{""kernel"": ""Matern"", ""length_scale"": 1.5, ""noise"": 0.3}"
DS01_31,Promethazine,GPR,FS-F_Radiation_TPSA_Interaction,"tpsa, xlogp, rotatable_bonds, cumulative_dose_combined_mGy, radiation_x_tpsa",-4.1719,-1.1978117705736477,2.974088229426352,2.974088229426352,5.407686622876383,"{""kernel"": ""Matern"", ""length_scale"": 1.5, ""noise"": 0.3}"
DS01_32,Promethazine,GPR,FS-F_Radiation_TPSA_Interaction,"tpsa, xlogp, rotatable_bonds, cumulative_dose_combined_mGy, radiation_x_tpsa",-4.1992,-0.35407457452188673,3.8451254254781135,3.8451254254781135,5.312018044513283,"{""kernel"": ""Matern"", ""length_scale"": 1.5, ""noise"": 0.3}"
DS01_01,Caffeine,OLS,FS-G_Radiation_XLogP_Interaction,"tpsa, xlogp, rotatable_bonds, cumulative_dose_combined_mGy, radiation_x_xlogp",-5.2217,-7.819933606739677,2.5982336067396767,-2.5982336067396767,,"{""label"": ""ordinary_least_squares""}"
DS01_09,Caffeine,OLS,FS-G_Radiation_XLogP_Interaction,"tpsa, xlogp, rotatable_bonds, cumulative_dose_combined_mGy, radiation_x_xlogp",-6.4128,-7.759056485002948,1.3462564850029484,-1.3462564850029484,,"{""label"": ""ordinary_least_squares""}"
DS01_15,Caffeine,OLS,FS-G_Radiation_XLogP_Interaction,"tpsa, xlogp, rotatable_bonds, cumulative_dose_combined_mGy, radiation_x_xlogp",-6.1704,-7.847067821650954,1.6766678216509545,-1.6766678216509545,,"{""label"": ""ordinary_least_squares""}"
DS01_24,Caffeine,OLS,FS-G_Radiation_XLogP_Interaction,"tpsa, xlogp, rotatable_bonds, cumulative_dose_combined_mGy, radiation_x_xlogp",-6.5923,-7.7335545091166065,1.1412545091166066,-1.1412545091166066,,"{""label"": ""ordinary_least_squares""}"
DS01_16,Diazepam,OLS,FS-G_Radiation_XLogP_Interaction,"tpsa, xlogp, rotatable_bonds, cumulative_dose_combined_mGy, radiation_x_xlogp",-0.4246,-3.109352075281055,2.684752075281055,-2.684752075281055,,"{""label"": ""ordinary_least_squares""}"
DS01_25,Diazepam,OLS,FS-G_Radiation_XLogP_Interaction,"tpsa, xlogp, rotatable_bonds, cumulative_dose_combined_mGy, radiation_x_xlogp",-1.7112,-3.4586535299753054,1.7474535299753053,-1.7474535299753053,,"{""label"": ""ordinary_least_squares""}"
DS01_02,Diphenhydramine,OLS,FS-G_Radiation_XLogP_Interaction,"tpsa, xlogp, rotatable_bonds, cumulative_dose_combined_mGy, radiation_x_xlogp",-1.4463,-2.813299173020452,1.366999173020452,-1.366999173020452,,"{""label"": ""ordinary_least_squares""}"
DS01_03,Diphenhydramine,OLS,FS-G_Radiation_XLogP_Interaction,"tpsa, xlogp, rotatable_bonds, cumulative_dose_combined_mGy, radiation_x_xlogp",7.2511,-2.813299173020452,10.064399173020451,-10.064399173020451,,"{""label"": ""ordinary_least_squares""}"
DS01_12,Diphenhydramine,OLS,FS-G_Radiation_XLogP_Interaction,"tpsa, xlogp, rotatable_bonds, cumulative_dose_combined_mGy, radiation_x_xlogp",8.2707,-3.240031417192284,11.510731417192284,-11.510731417192284,,"{""label"": ""ordinary_least_squares""}"
DS01_17,Diphenhydramine,OLS,FS-G_Radiation_XLogP_Interaction,"tpsa, xlogp, rotatable_bonds, cumulative_dose_combined_mGy, radiation_x_xlogp",-1.1555,-3.066514019170407,1.9110140191704068,-1.9110140191704068,,"{""label"": ""ordinary_least_squares""}"
DS01_18,Diphenhydramine,OLS,FS-G_Radiation_XLogP_Interaction,"tpsa, xlogp, rotatable_bonds, cumulative_dose_combined_mGy, radiation_x_xlogp",8.2789,-3.066514019170407,11.345414019170407,-11.345414019170407,,"{""label"": ""ordinary_least_squares""}"
DS01_26,Diphenhydramine,OLS,FS-G_Radiation_XLogP_Interaction,"tpsa, xlogp, rotatable_bonds, cumulative_dose_combined_mGy, radiation_x_xlogp",-0.8448,-2.702423928131486,1.857623928131486,-1.857623928131486,,"{""label"": ""ordinary_least_squares""}"
DS01_27,Diphenhydramine,OLS,FS-G_Radiation_XLogP_Interaction,"tpsa, xlogp, rotatable_bonds, cumulative_dose_combined_mGy, radiation_x_xlogp",6.2433,-2.702423928131486,8.945723928131486,-8.945723928131486,,"{""label"": ""ordinary_least_squares""}"
DS01_04,Epinephrine,OLS,FS-G_Radiation_XLogP_Interaction,"tpsa, xlogp, rotatable_bonds, cumulative_dose_combined_mGy, radiation_x_xlogp",-12.2931,-2.908016817886809,9.385083182113192,9.385083182113192,,"{""label"": ""ordinary_least_squares""}"
DS01_11,Epinephrine,OLS,FS-G_Radiation_XLogP_Interaction,"tpsa, xlogp, rotatable_bonds, cumulative_dose_combined_mGy, radiation_x_xlogp",-11.1498,-4.260373149353728,6.889426850646273,6.889426850646273,,"{""label"": ""ordinary_least_squares""}"
DS01_19,Ketamine,OLS,FS-G_Radiation_XLogP_Interaction,"tpsa, xlogp, rotatable_bonds, cumulative_dose_combined_mGy, radiation_x_xlogp",-1.845,-1.490748384399276,0.35425161560072405,0.35425161560072405,,"{""label"": ""ordinary_least_squares""}"
DS01_28,Ketamine,OLS,FS-G_Radiation_XLogP_Interaction,"tpsa, xlogp, rotatable_bonds, cumulative_dose_combined_mGy, radiation_x_xlogp",-2.9666,-1.5374477956249355,1.4291522043750646,1.4291522043750646,,"{""label"": ""ordinary_least_squares""}"
DS01_05,Lidocaine,OLS,FS-G_Radiation_XLogP_Interaction,"tpsa, xlogp, rotatable_bonds, cumulative_dose_combined_mGy, radiation_x_xlogp",-3.4518,-0.6585168709715787,2.7932831290284215,2.7932831290284215,,"{""label"": ""ordinary_least_squares""}"
DS01_13,Lidocaine,OLS,FS-G_Radiation_XLogP_Interaction,"tpsa, xlogp, rotatable_bonds, cumulative_dose_combined_mGy, radiation_x_xlogp",-2.8226,-0.3809627374627069,2.4416372625372933,2.4416372625372933,,"{""label"": ""ordinary_least_squares""}"
DS01_20,Lidocaine,OLS,FS-G_Radiation_XLogP_Interaction,"tpsa, xlogp, rotatable_bonds, cumulative_dose_combined_mGy, radiation_x_xlogp",-3.1665,-0.49382149541792586,2.6726785045820742,2.6726785045820742,,"{""label"": ""ordinary_least_squares""}"
DS01_29,Lidocaine,OLS,FS-G_Radiation_XLogP_Interaction,"tpsa, xlogp, rotatable_bonds, cumulative_dose_combined_mGy, radiation_x_xlogp",-2.8542,-0.7306320742238301,2.12356792577617,2.12356792577617,,"{""label"": ""ordinary_least_squares""}"
DS01_06,Naloxone,OLS,FS-G_Radiation_XLogP_Interaction,"tpsa, xlogp, rotatable_bonds, cumulative_dose_combined_mGy, radiation_x_xlogp",-3.4232,-14.326748537537378,10.903548537537379,-10.903548537537379,,"{""label"": ""ordinary_least_squares""}"
DS01_21,Naloxone,OLS,FS-G_Radiation_XLogP_Interaction,"tpsa, xlogp, rotatable_bonds, cumulative_dose_combined_mGy, radiation_x_xlogp",-3.4447,-13.499593548133962,10.054893548133961,-10.054893548133961,,"{""label"": ""ordinary_least_squares""}"
DS01_30,Naloxone,OLS,FS-G_Radiation_XLogP_Interaction,"tpsa, xlogp, rotatable_bonds, cumulative_dose_combined_mGy, radiation_x_xlogp",-3.47,-15.134929777148225,11.664929777148224,-11.664929777148224,,"{""label"": ""ordinary_least_squares""}"
DS01_07,Promethazine,OLS,FS-G_Radiation_XLogP_Interaction,"tpsa, xlogp, rotatable_bonds, cumulative_dose_combined_mGy, radiation_x_xlogp",-2.8931,4.395951808181863,7.289051808181863,7.289051808181863,,"{""label"": ""ordinary_least_squares""}"
DS01_08,Promethazine,OLS,FS-G_Radiation_XLogP_Interaction,"tpsa, xlogp, rotatable_bonds, cumulative_dose_combined_mGy, radiation_x_xlogp",-3.5853,4.915210232177671,8.500510232177671,8.500510232177671,,"{""label"": ""ordinary_least_squares""}"
DS01_10,Promethazine,OLS,FS-G_Radiation_XLogP_Interaction,"tpsa, xlogp, rotatable_bonds, cumulative_dose_combined_mGy, radiation_x_xlogp",-3.7938,4.741729515247682,8.535529515247681,8.535529515247681,,"{""label"": ""ordinary_least_squares""}"
DS01_14,Promethazine,OLS,FS-G_Radiation_XLogP_Interaction,"tpsa, xlogp, rotatable_bonds, cumulative_dose_combined_mGy, radiation_x_xlogp",-2.6185,5.037858362357705,7.656358362357705,7.656358362357705,,"{""label"": ""ordinary_least_squares""}"
DS01_22,Promethazine,OLS,FS-G_Radiation_XLogP_Interaction,"tpsa, xlogp, rotatable_bonds, cumulative_dose_combined_mGy, radiation_x_xlogp",-3.1686,4.776847021932886,7.945447021932885,7.945447021932885,,"{""label"": ""ordinary_least_squares""}"
DS01_23,Promethazine,OLS,FS-G_Radiation_XLogP_Interaction,"tpsa, xlogp, rotatable_bonds, cumulative_dose_combined_mGy, radiation_x_xlogp",-3.668,4.776847021932886,8.444847021932887,8.444847021932887,,"{""label"": ""ordinary_least_squares""}"
DS01_31,Promethazine,OLS,FS-G_Radiation_XLogP_Interaction,"tpsa, xlogp, rotatable_bonds, cumulative_dose_combined_mGy, radiation_x_xlogp",-4.1719,4.229169130373668,8.401069130373667,8.401069130373667,,"{""label"": ""ordinary_least_squares""}"
DS01_32,Promethazine,OLS,FS-G_Radiation_XLogP_Interaction,"tpsa, xlogp, rotatable_bonds, cumulative_dose_combined_mGy, radiation_x_xlogp",-4.1992,4.669056876764104,8.868256876764104,8.868256876764104,,"{""label"": ""ordinary_least_squares""}"
DS01_01,Caffeine,Ridge,FS-G_Radiation_XLogP_Interaction,"tpsa, xlogp, rotatable_bonds, cumulative_dose_combined_mGy, radiation_x_xlogp",-5.2217,-7.5972236290309505,2.3755236290309503,-2.3755236290309503,,"{""alpha"": 10.0}"
DS01_09,Caffeine,Ridge,FS-G_Radiation_XLogP_Interaction,"tpsa, xlogp, rotatable_bonds, cumulative_dose_combined_mGy, radiation_x_xlogp",-6.4128,-7.6442531959007205,1.2314531959007207,-1.2314531959007207,,"{""alpha"": 10.0}"
DS01_15,Caffeine,Ridge,FS-G_Radiation_XLogP_Interaction,"tpsa, xlogp, rotatable_bonds, cumulative_dose_combined_mGy, radiation_x_xlogp",-6.1704,-7.576261560880829,1.4058615608808287,-1.4058615608808287,,"{""alpha"": 10.0}"
DS01_24,Caffeine,Ridge,FS-G_Radiation_XLogP_Interaction,"tpsa, xlogp, rotatable_bonds, cumulative_dose_combined_mGy, radiation_x_xlogp",-6.5923,-7.66395430603935,1.07165430603935,-1.07165430603935,,"{""alpha"": 10.0}"
DS01_16,Diazepam,Ridge,FS-G_Radiation_XLogP_Interaction,"tpsa, xlogp, rotatable_bonds, cumulative_dose_combined_mGy, radiation_x_xlogp",-0.4246,-3.3932948581925744,2.9686948581925745,-2.9686948581925745,,"{""alpha"": 10.0}"
DS01_25,Diazepam,Ridge,FS-G_Radiation_XLogP_Interaction,"tpsa, xlogp, rotatable_bonds, cumulative_dose_combined_mGy, radiation_x_xlogp",-1.7112,-3.55311014127652,1.84191014127652,-1.84191014127652,,"{""alpha"": 10.0}"
DS01_02,Diphenhydramine,Ridge,FS-G_Radiation_XLogP_Interaction,"tpsa, xlogp, rotatable_bonds, cumulative_dose_combined_mGy, radiation_x_xlogp",-1.4463,-2.7531146714928147,1.3068146714928148,-1.3068146714928148,,"{""alpha"": 10.0}"
DS01_03,Diphenhydramine,Ridge,FS-G_Radiation_XLogP_Interaction,"tpsa, xlogp, rotatable_bonds, cumulative_dose_combined_mGy, radiation_x_xlogp",7.2511,-2.7531146714928147,10.004214671492814,-10.004214671492814,,"{""alpha"": 10.0}"
DS01_12,Diphenhydramine,Ridge,FS-G_Radiation_XLogP_Interaction,"tpsa, xlogp, rotatable_bonds, cumulative_dose_combined_mGy, radiation_x_xlogp",8.2707,-3.254565630998685,11.525265630998685,-11.525265630998685,,"{""alpha"": 10.0}"
DS01_17,Diphenhydramine,Ridge,FS-G_Radiation_XLogP_Interaction,"tpsa, xlogp, rotatable_bonds, cumulative_dose_combined_mGy, radiation_x_xlogp",-1.1555,-3.050666190735165,1.8951661907351651,-1.8951661907351651,,"{""alpha"": 10.0}"
DS01_18,Diphenhydramine,Ridge,FS-G_Radiation_XLogP_Interaction,"tpsa, xlogp, rotatable_bonds, cumulative_dose_combined_mGy, radiation_x_xlogp",8.2789,-3.050666190735165,11.329566190735164,-11.329566190735164,,"{""alpha"": 10.0}"
DS01_26,Diphenhydramine,Ridge,FS-G_Radiation_XLogP_Interaction,"tpsa, xlogp, rotatable_bonds, cumulative_dose_combined_mGy, radiation_x_xlogp",-0.8448,-2.622825717015232,1.7780257170152318,-1.7780257170152318,,"{""alpha"": 10.0}"
DS01_27,Diphenhydramine,Ridge,FS-G_Radiation_XLogP_Interaction,"tpsa, xlogp, rotatable_bonds, cumulative_dose_combined_mGy, radiation_x_xlogp",6.2433,-2.622825717015232,8.866125717015231,-8.866125717015231,,"{""alpha"": 10.0}"
DS01_04,Epinephrine,Ridge,FS-G_Radiation_XLogP_Interaction,"tpsa, xlogp, rotatable_bonds, cumulative_dose_combined_mGy, radiation_x_xlogp",-12.2931,-4.0174111722709505,8.27568882772905,8.27568882772905,,"{""alpha"": 10.0}"
DS01_11,Epinephrine,Ridge,FS-G_Radiation_XLogP_Interaction,"tpsa, xlogp, rotatable_bonds, cumulative_dose_combined_mGy, radiation_x_xlogp",-11.1498,-4.175015864574022,6.9747841354259785,6.9747841354259785,,"{""alpha"": 10.0}"
DS01_19,Ketamine,Ridge,FS-G_Radiation_XLogP_Interaction,"tpsa, xlogp, rotatable_bonds, cumulative_dose_combined_mGy, radiation_x_xlogp",-1.845,-2.502656611498358,0.6576566114983582,-0.6576566114983582,,"{""alpha"": 10.0}"
DS01_28,Ketamine,Ridge,FS-G_Radiation_XLogP_Interaction,"tpsa, xlogp, rotatable_bonds, cumulative_dose_combined_mGy, radiation_x_xlogp",-2.9666,-2.4999244584556135,0.4666755415443866,0.4666755415443866,,"{""alpha"": 10.0}"
DS01_05,Lidocaine,Ridge,FS-G_Radiation_XLogP_Interaction,"tpsa, xlogp, rotatable_bonds, cumulative_dose_combined_mGy, radiation_x_xlogp",-3.4518,-0.8861213656275946,2.5656786343724054,2.5656786343724054,,"{""alpha"": 10.0}"
DS01_13,Lidocaine,Ridge,FS-G_Radiation_XLogP_Interaction,"tpsa, xlogp, rotatable_bonds, cumulative_dose_combined_mGy, radiation_x_xlogp",-2.8226,-0.8390425751399695,1.9835574248600305,1.9835574248600305,,"{""alpha"": 10.0}"
DS01_20,Lidocaine,Ridge,FS-G_Radiation_XLogP_Interaction,"tpsa, xlogp, rotatable_bonds, cumulative_dose_combined_mGy, radiation_x_xlogp",-3.1665,-0.8581857013953653,2.3083142986046346,2.3083142986046346,,"{""alpha"": 10.0}"
DS01_29,Lidocaine,Ridge,FS-G_Radiation_XLogP_Interaction,"tpsa, xlogp, rotatable_bonds, cumulative_dose_combined_mGy, radiation_x_xlogp",-2.8542,-0.8983535615670462,1.955846438432954,1.955846438432954,,"{""alpha"": 10.0}"
DS01_06,Naloxone,Ridge,FS-G_Radiation_XLogP_Interaction,"tpsa, xlogp, rotatable_bonds, cumulative_dose_combined_mGy, radiation_x_xlogp",-3.4232,-14.129773458047092,10.706573458047092,-10.706573458047092,,"{""alpha"": 0.1}"
DS01_21,Naloxone,Ridge,FS-G_Radiation_XLogP_Interaction,"tpsa, xlogp, rotatable_bonds, cumulative_dose_combined_mGy, radiation_x_xlogp",-3.4447,-13.336788454765172,9.892088454765172,-9.892088454765172,,"{""alpha"": 0.1}"
DS01_30,Naloxone,Ridge,FS-G_Radiation_XLogP_Interaction,"tpsa, xlogp, rotatable_bonds, cumulative_dose_combined_mGy, radiation_x_xlogp",-3.47,-14.90456852203797,11.434568522037969,-11.434568522037969,,"{""alpha"": 0.1}"
DS01_07,Promethazine,Ridge,FS-G_Radiation_XLogP_Interaction,"tpsa, xlogp, rotatable_bonds, cumulative_dose_combined_mGy, radiation_x_xlogp",-2.8931,2.547343128939056,5.440443128939056,5.440443128939056,,"{""alpha"": 10.0}"
DS01_08,Promethazine,Ridge,FS-G_Radiation_XLogP_Interaction,"tpsa, xlogp, rotatable_bonds, cumulative_dose_combined_mGy, radiation_x_xlogp",-3.5853,2.3553798440597045,5.940679844059705,5.940679844059705,,"{""alpha"": 10.0}"
DS01_10,Promethazine,Ridge,FS-G_Radiation_XLogP_Interaction,"tpsa, xlogp, rotatable_bonds, cumulative_dose_combined_mGy, radiation_x_xlogp",-3.7938,2.4195134753041247,6.213313475304124,6.213313475304124,,"{""alpha"": 10.0}"
DS01_14,Promethazine,Ridge,FS-G_Radiation_XLogP_Interaction,"tpsa, xlogp, rotatable_bonds, cumulative_dose_combined_mGy, radiation_x_xlogp",-2.6185,2.3100383784894514,4.928538378489451,4.928538378489451,,"{""alpha"": 10.0}"
DS01_22,Promethazine,Ridge,FS-G_Radiation_XLogP_Interaction,"tpsa, xlogp, rotatable_bonds, cumulative_dose_combined_mGy, radiation_x_xlogp",-3.1686,2.40653097636229,5.57513097636229,5.57513097636229,,"{""alpha"": 10.0}"
DS01_23,Promethazine,Ridge,FS-G_Radiation_XLogP_Interaction,"tpsa, xlogp, rotatable_bonds, cumulative_dose_combined_mGy, radiation_x_xlogp",-3.668,2.40653097636229,6.07453097636229,6.07453097636229,,"{""alpha"": 10.0}"
DS01_31,Promethazine,Ridge,FS-G_Radiation_XLogP_Interaction,"tpsa, xlogp, rotatable_bonds, cumulative_dose_combined_mGy, radiation_x_xlogp",-4.1719,2.6090005796678555,6.780900579667856,6.780900579667856,,"{""alpha"": 10.0}"
DS01_32,Promethazine,Ridge,FS-G_Radiation_XLogP_Interaction,"tpsa, xlogp, rotatable_bonds, cumulative_dose_combined_mGy, radiation_x_xlogp",-4.1992,2.446379632422588,6.645579632422589,6.645579632422589,,"{""alpha"": 10.0}"
DS01_01,Caffeine,ElasticNet,FS-G_Radiation_XLogP_Interaction,"tpsa, xlogp, rotatable_bonds, cumulative_dose_combined_mGy, radiation_x_xlogp",-5.2217,-7.766585330013151,2.544885330013151,-2.544885330013151,,"{""alpha"": 0.2, ""l1_ratio"": 0.2}"
DS01_09,Caffeine,ElasticNet,FS-G_Radiation_XLogP_Interaction,"tpsa, xlogp, rotatable_bonds, cumulative_dose_combined_mGy, radiation_x_xlogp",-6.4128,-7.768658961870711,1.3558589618707115,-1.3558589618707115,,"{""alpha"": 0.2, ""l1_ratio"": 0.2}"
DS01_15,Caffeine,ElasticNet,FS-G_Radiation_XLogP_Interaction,"tpsa, xlogp, rotatable_bonds, cumulative_dose_combined_mGy, radiation_x_xlogp",-6.1704,-7.765661068634414,1.5952610686344144,-1.5952610686344144,,"{""alpha"": 0.2, ""l1_ratio"": 0.2}"
DS01_24,Caffeine,ElasticNet,FS-G_Radiation_XLogP_Interaction,"tpsa, xlogp, rotatable_bonds, cumulative_dose_combined_mGy, radiation_x_xlogp",-6.5923,-7.769527624976325,1.1772276249763252,-1.1772276249763252,,"{""alpha"": 0.2, ""l1_ratio"": 0.2}"
DS01_16,Diazepam,ElasticNet,FS-G_Radiation_XLogP_Interaction,"tpsa, xlogp, rotatable_bonds, cumulative_dose_combined_mGy, radiation_x_xlogp",-0.4246,-3.330676236022928,2.906076236022928,-2.906076236022928,,"{""alpha"": 0.2, ""l1_ratio"": 0.2}"
DS01_25,Diazepam,ElasticNet,FS-G_Radiation_XLogP_Interaction,"tpsa, xlogp, rotatable_bonds, cumulative_dose_combined_mGy, radiation_x_xlogp",-1.7112,-3.52850144134551,1.8173014413455097,-1.8173014413455097,,"{""alpha"": 0.2, ""l1_ratio"": 0.2}"
DS01_02,Diphenhydramine,ElasticNet,FS-G_Radiation_XLogP_Interaction,"tpsa, xlogp, rotatable_bonds, cumulative_dose_combined_mGy, radiation_x_xlogp",-1.4463,-2.6912694819223337,1.2449694819223338,-1.2449694819223338,,"{""alpha"": 0.2, ""l1_ratio"": 0.2}"
DS01_03,Diphenhydramine,ElasticNet,FS-G_Radiation_XLogP_Interaction,"tpsa, xlogp, rotatable_bonds, cumulative_dose_combined_mGy, radiation_x_xlogp",7.2511,-2.6912694819223337,9.942369481922334,-9.942369481922334,,"{""alpha"": 0.2, ""l1_ratio"": 0.2}"
DS01_12,Diphenhydramine,ElasticNet,FS-G_Radiation_XLogP_Interaction,"tpsa, xlogp, rotatable_bonds, cumulative_dose_combined_mGy, radiation_x_xlogp",8.2707,-3.207547269672017,11.478247269672018,-11.478247269672018,,"{""alpha"": 0.2, ""l1_ratio"": 0.2}"
DS01_17,Diphenhydramine,ElasticNet,FS-G_Radiation_XLogP_Interaction,"tpsa, xlogp, rotatable_bonds, cumulative_dose_combined_mGy, radiation_x_xlogp",-1.1555,-2.997618960737519,1.842118960737519,-1.842118960737519,,"{""alpha"": 0.2, ""l1_ratio"": 0.2}"
DS01_18,Diphenhydramine,ElasticNet,FS-G_Radiation_XLogP_Interaction,"tpsa, xlogp, rotatable_bonds, cumulative_dose_combined_mGy, radiation_x_xlogp",8.2789,-2.997618960737519,11.27651896073752,-11.27651896073752,,"{""alpha"": 0.2, ""l1_ratio"": 0.2}"
DS01_26,Diphenhydramine,ElasticNet,FS-G_Radiation_XLogP_Interaction,"tpsa, xlogp, rotatable_bonds, cumulative_dose_combined_mGy, radiation_x_xlogp",-0.8448,-2.5571281627947586,1.7123281627947586,-1.7123281627947586,,"{""alpha"": 0.2, ""l1_ratio"": 0.2}"
DS01_27,Diphenhydramine,ElasticNet,FS-G_Radiation_XLogP_Interaction,"tpsa, xlogp, rotatable_bonds, cumulative_dose_combined_mGy, radiation_x_xlogp",6.2433,-2.5571281627947586,8.80042816279476,-8.80042816279476,,"{""alpha"": 0.2, ""l1_ratio"": 0.2}"
DS01_04,Epinephrine,ElasticNet,FS-G_Radiation_XLogP_Interaction,"tpsa, xlogp, rotatable_bonds, cumulative_dose_combined_mGy, radiation_x_xlogp",-12.2931,-4.090476006917439,8.202623993082561,8.202623993082561,,"{""alpha"": 0.2, ""l1_ratio"": 0.2}"
DS01_11,Epinephrine,ElasticNet,FS-G_Radiation_XLogP_Interaction,"tpsa, xlogp, rotatable_bonds, cumulative_dose_combined_mGy, radiation_x_xlogp",-11.1498,-4.194433748170436,6.955366251829565,6.955366251829565,,"{""alpha"": 0.2, ""l1_ratio"": 0.2}"
DS01_19,Ketamine,ElasticNet,FS-G_Radiation_XLogP_Interaction,"tpsa, xlogp, rotatable_bonds, cumulative_dose_combined_mGy, radiation_x_xlogp",-1.845,-2.2193872734022166,0.37438727340221667,-0.37438727340221667,,"{""alpha"": 0.2, ""l1_ratio"": 0.2}"
DS01_28,Ketamine,ElasticNet,FS-G_Radiation_XLogP_Interaction,"tpsa, xlogp, rotatable_bonds, cumulative_dose_combined_mGy, radiation_x_xlogp",-2.9666,-2.1812277195472687,0.7853722804527314,0.7853722804527314,,"{""alpha"": 0.2, ""l1_ratio"": 0.2}"
DS01_05,Lidocaine,ElasticNet,FS-G_Radiation_XLogP_Interaction,"tpsa, xlogp, rotatable_bonds, cumulative_dose_combined_mGy, radiation_x_xlogp",-3.4518,-0.7288656612069708,2.722934338793029,2.722934338793029,,"{""alpha"": 0.2, ""l1_ratio"": 0.2}"
DS01_13,Lidocaine,ElasticNet,FS-G_Radiation_XLogP_Interaction,"tpsa, xlogp, rotatable_bonds, cumulative_dose_combined_mGy, radiation_x_xlogp",-2.8226,-0.6897958919013993,2.1328041080986004,2.1328041080986004,,"{""alpha"": 0.2, ""l1_ratio"": 0.2}"
DS01_20,Lidocaine,ElasticNet,FS-G_Radiation_XLogP_Interaction,"tpsa, xlogp, rotatable_bonds, cumulative_dose_combined_mGy, radiation_x_xlogp",-3.1665,-0.7056823987304637,2.4608176012695364,2.4608176012695364,,"{""alpha"": 0.2, ""l1_ratio"": 0.2}"
DS01_29,Lidocaine,ElasticNet,FS-G_Radiation_XLogP_Interaction,"tpsa, xlogp, rotatable_bonds, cumulative_dose_combined_mGy, radiation_x_xlogp",-2.8542,-0.739016921859696,2.115183078140304,2.115183078140304,,"{""alpha"": 0.2, ""l1_ratio"": 0.2}"
DS01_06,Naloxone,ElasticNet,FS-G_Radiation_XLogP_Interaction,"tpsa, xlogp, rotatable_bonds, cumulative_dose_combined_mGy, radiation_x_xlogp",-3.4232,-13.187334314383506,9.764134314383506,-9.764134314383506,,"{""alpha"": 0.05, ""l1_ratio"": 0.8}"
DS01_21,Naloxone,ElasticNet,FS-G_Radiation_XLogP_Interaction,"tpsa, xlogp, rotatable_bonds, cumulative_dose_combined_mGy, radiation_x_xlogp",-3.4447,-12.59573208512904,9.151032085129039,-9.151032085129039,,"{""alpha"": 0.05, ""l1_ratio"": 0.8}"
DS01_30,Naloxone,ElasticNet,FS-G_Radiation_XLogP_Interaction,"tpsa, xlogp, rotatable_bonds, cumulative_dose_combined_mGy, radiation_x_xlogp",-3.47,-13.765366036516088,10.295366036516088,-10.295366036516088,,"{""alpha"": 0.05, ""l1_ratio"": 0.8}"
DS01_07,Promethazine,ElasticNet,FS-G_Radiation_XLogP_Interaction,"tpsa, xlogp, rotatable_bonds, cumulative_dose_combined_mGy, radiation_x_xlogp",-2.8931,3.2746831646427705,6.1677831646427705,6.1677831646427705,,"{""alpha"": 0.2, ""l1_ratio"": 0.2}"
DS01_08,Promethazine,ElasticNet,FS-G_Radiation_XLogP_Interaction,"tpsa, xlogp, rotatable_bonds, cumulative_dose_combined_mGy, radiation_x_xlogp",-3.5853,3.398214969909779,6.983514969909779,6.983514969909779,,"{""alpha"": 0.2, ""l1_ratio"": 0.2}"
DS01_10,Promethazine,ElasticNet,FS-G_Radiation_XLogP_Interaction,"tpsa, xlogp, rotatable_bonds, cumulative_dose_combined_mGy, radiation_x_xlogp",-3.7938,3.356943831780782,7.150743831780781,7.150743831780781,,"{""alpha"": 0.2, ""l1_ratio"": 0.2}"
DS01_14,Promethazine,ElasticNet,FS-G_Radiation_XLogP_Interaction,"tpsa, xlogp, rotatable_bonds, cumulative_dose_combined_mGy, radiation_x_xlogp",-2.6185,3.427393013507363,6.045893013507364,6.045893013507364,,"{""alpha"": 0.2, ""l1_ratio"": 0.2}"
DS01_22,Promethazine,ElasticNet,FS-G_Radiation_XLogP_Interaction,"tpsa, xlogp, rotatable_bonds, cumulative_dose_combined_mGy, radiation_x_xlogp",-3.1686,3.3652983019190157,6.533898301919016,6.533898301919016,,"{""alpha"": 0.2, ""l1_ratio"": 0.2}"
DS01_23,Promethazine,ElasticNet,FS-G_Radiation_XLogP_Interaction,"tpsa, xlogp, rotatable_bonds, cumulative_dose_combined_mGy, radiation_x_xlogp",-3.668,3.3652983019190157,7.033298301919016,7.033298301919016,,"{""alpha"": 0.2, ""l1_ratio"": 0.2}"
DS01_31,Promethazine,ElasticNet,FS-G_Radiation_XLogP_Interaction,"tpsa, xlogp, rotatable_bonds, cumulative_dose_combined_mGy, radiation_x_xlogp",-4.1719,3.2350054929386354,7.406905492938636,7.406905492938636,,"{""alpha"": 0.2, ""l1_ratio"": 0.2}"
DS01_32,Promethazine,ElasticNet,FS-G_Radiation_XLogP_Interaction,"tpsa, xlogp, rotatable_bonds, cumulative_dose_combined_mGy, radiation_x_xlogp",-4.1992,3.339654979428017,7.538854979428017,7.538854979428017,,"{""alpha"": 0.2, ""l1_ratio"": 0.2}"
DS01_01,Caffeine,PLS,FS-G_Radiation_XLogP_Interaction,"tpsa, xlogp, rotatable_bonds, cumulative_dose_combined_mGy, radiation_x_xlogp",-5.2217,-9.058845407429013,3.8371454074290128,-3.8371454074290128,,"{""n_components"": 1}"
DS01_09,Caffeine,PLS,FS-G_Radiation_XLogP_Interaction,"tpsa, xlogp, rotatable_bonds, cumulative_dose_combined_mGy, radiation_x_xlogp",-6.4128,-9.118635621341218,2.705835621341218,-2.705835621341218,,"{""n_components"": 1}"
DS01_15,Caffeine,PLS,FS-G_Radiation_XLogP_Interaction,"tpsa, xlogp, rotatable_bonds, cumulative_dose_combined_mGy, radiation_x_xlogp",-6.1704,-9.032195650219709,2.861795650219709,-2.861795650219709,,"{""n_components"": 1}"
DS01_24,Caffeine,PLS,FS-G_Radiation_XLogP_Interaction,"tpsa, xlogp, rotatable_bonds, cumulative_dose_combined_mGy, radiation_x_xlogp",-6.5923,-9.143682281727404,2.5513822817274043,-2.5513822817274043,,"{""n_components"": 1}"
DS01_16,Diazepam,PLS,FS-G_Radiation_XLogP_Interaction,"tpsa, xlogp, rotatable_bonds, cumulative_dose_combined_mGy, radiation_x_xlogp",-0.4246,-3.9012830299712897,3.47668302997129,-3.47668302997129,,"{""n_components"": 1}"
DS01_25,Diazepam,PLS,FS-G_Radiation_XLogP_Interaction,"tpsa, xlogp, rotatable_bonds, cumulative_dose_combined_mGy, radiation_x_xlogp",-1.7112,-1.5370542035998391,0.17414579640016092,0.17414579640016092,,"{""n_components"": 1}"
DS01_02,Diphenhydramine,PLS,FS-G_Radiation_XLogP_Interaction,"tpsa, xlogp, rotatable_bonds, cumulative_dose_combined_mGy, radiation_x_xlogp",-1.4463,-1.8072062682400105,0.3609062682400106,-0.3609062682400106,,"{""n_components"": 1}"
DS01_03,Diphenhydramine,PLS,FS-G_Radiation_XLogP_Interaction,"tpsa, xlogp, rotatable_bonds, cumulative_dose_combined_mGy, radiation_x_xlogp",7.2511,-1.8072062682400105,9.05830626824001,-9.05830626824001,,"{""n_components"": 1}"
DS01_12,Diphenhydramine,PLS,FS-G_Radiation_XLogP_Interaction,"tpsa, xlogp, rotatable_bonds, cumulative_dose_combined_mGy, radiation_x_xlogp",8.2707,-2.719298288539891,10.98999828853989,-10.98999828853989,,"{""n_components"": 1}"
DS01_17,Diphenhydramine,PLS,FS-G_Radiation_XLogP_Interaction,"tpsa, xlogp, rotatable_bonds, cumulative_dose_combined_mGy, radiation_x_xlogp",-1.1555,-2.3484244296260925,1.1929244296260926,-1.1929244296260926,,"{""n_components"": 1}"
DS01_18,Diphenhydramine,PLS,FS-G_Radiation_XLogP_Interaction,"tpsa, xlogp, rotatable_bonds, cumulative_dose_combined_mGy, radiation_x_xlogp",8.2789,-2.3484244296260925,10.627324429626093,-10.627324429626093,,"{""n_components"": 1}"
DS01_26,Diphenhydramine,PLS,FS-G_Radiation_XLogP_Interaction,"tpsa, xlogp, rotatable_bonds, cumulative_dose_combined_mGy, radiation_x_xlogp",-0.8448,-1.5702229432318813,0.7254229432318813,-0.7254229432318813,,"{""n_components"": 1}"
DS01_27,Diphenhydramine,PLS,FS-G_Radiation_XLogP_Interaction,"tpsa, xlogp, rotatable_bonds, cumulative_dose_combined_mGy, radiation_x_xlogp",6.2433,-1.5702229432318813,7.813522943231881,-7.813522943231881,,"{""n_components"": 1}"
DS01_04,Epinephrine,PLS,FS-G_Radiation_XLogP_Interaction,"tpsa, xlogp, rotatable_bonds, cumulative_dose_combined_mGy, radiation_x_xlogp",-12.2931,-6.398118368195089,5.894981631804912,5.894981631804912,,"{""n_components"": 1}"
DS01_11,Epinephrine,PLS,FS-G_Radiation_XLogP_Interaction,"tpsa, xlogp, rotatable_bonds, cumulative_dose_combined_mGy, radiation_x_xlogp",-11.1498,-6.351733108169376,4.798066891830625,4.798066891830625,,"{""n_components"": 1}"
DS01_19,Ketamine,PLS,FS-G_Radiation_XLogP_Interaction,"tpsa, xlogp, rotatable_bonds, cumulative_dose_combined_mGy, radiation_x_xlogp",-1.845,-3.1786613765536025,1.3336613765536025,-1.3336613765536025,,"{""n_components"": 1}"
DS01_28,Ketamine,PLS,FS-G_Radiation_XLogP_Interaction,"tpsa, xlogp, rotatable_bonds, cumulative_dose_combined_mGy, radiation_x_xlogp",-2.9666,-2.566732529005391,0.39986747099460906,0.39986747099460906,,"{""n_components"": 1}"
DS01_05,Lidocaine,PLS,FS-G_Radiation_XLogP_Interaction,"tpsa, xlogp, rotatable_bonds, cumulative_dose_combined_mGy, radiation_x_xlogp",-3.4518,-0.968573666145655,2.483226333854345,2.483226333854345,,"{""n_components"": 1}"
DS01_13,Lidocaine,PLS,FS-G_Radiation_XLogP_Interaction,"tpsa, xlogp, rotatable_bonds, cumulative_dose_combined_mGy, radiation_x_xlogp",-2.8226,-1.7028045357942525,1.1197954642057475,1.1197954642057475,,"{""n_components"": 1}"
DS01_20,Lidocaine,PLS,FS-G_Radiation_XLogP_Interaction,"tpsa, xlogp, rotatable_bonds, cumulative_dose_combined_mGy, radiation_x_xlogp",-3.1665,-1.4042523832705638,1.7622476167294363,1.7622476167294363,,"{""n_components"": 1}"
DS01_29,Lidocaine,PLS,FS-G_Radiation_XLogP_Interaction,"tpsa, xlogp, rotatable_bonds, cumulative_dose_combined_mGy, radiation_x_xlogp",-2.8542,-0.7778029226896095,2.0763970773103906,2.0763970773103906,,"{""n_components"": 1}"
DS01_06,Naloxone,PLS,FS-G_Radiation_XLogP_Interaction,"tpsa, xlogp, rotatable_bonds, cumulative_dose_combined_mGy, radiation_x_xlogp",-3.4232,-6.356713155516232,2.933513155516232,-2.933513155516232,,"{""n_components"": 1}"
DS01_21,Naloxone,PLS,FS-G_Radiation_XLogP_Interaction,"tpsa, xlogp, rotatable_bonds, cumulative_dose_combined_mGy, radiation_x_xlogp",-3.4447,-6.778756502389712,3.3340565023897115,-3.3340565023897115,,"{""n_components"": 1}"
DS01_30,Naloxone,PLS,FS-G_Radiation_XLogP_Interaction,"tpsa, xlogp, rotatable_bonds, cumulative_dose_combined_mGy, radiation_x_xlogp",-3.47,-5.944350878052696,2.474350878052696,-2.474350878052696,,"{""n_components"": 1}"
DS01_07,Promethazine,PLS,FS-G_Radiation_XLogP_Interaction,"tpsa, xlogp, rotatable_bonds, cumulative_dose_combined_mGy, radiation_x_xlogp",-2.8931,2.5408032717954954,5.433903271795495,5.433903271795495,,"{""n_components"": 2}"
DS01_08,Promethazine,PLS,FS-G_Radiation_XLogP_Interaction,"tpsa, xlogp, rotatable_bonds, cumulative_dose_combined_mGy, radiation_x_xlogp",-3.5853,3.0210436552525874,6.606343655252587,6.606343655252587,,"{""n_components"": 2}"
DS01_10,Promethazine,PLS,FS-G_Radiation_XLogP_Interaction,"tpsa, xlogp, rotatable_bonds, cumulative_dose_combined_mGy, radiation_x_xlogp",-3.7938,2.8605986009773736,6.654398600977373,6.654398600977373,,"{""n_components"": 2}"
DS01_14,Promethazine,PLS,FS-G_Radiation_XLogP_Interaction,"tpsa, xlogp, rotatable_bonds, cumulative_dose_combined_mGy, radiation_x_xlogp",-2.6185,3.1344757775756142,5.752975777575614,5.752975777575614,,"{""n_components"": 2}"
DS01_22,Promethazine,PLS,FS-G_Radiation_XLogP_Interaction,"tpsa, xlogp, rotatable_bonds, cumulative_dose_combined_mGy, radiation_x_xlogp",-3.1686,2.8930773131122307,6.061677313112231,6.061677313112231,,"{""n_components"": 2}"
DS01_23,Promethazine,PLS,FS-G_Radiation_XLogP_Interaction,"tpsa, xlogp, rotatable_bonds, cumulative_dose_combined_mGy, radiation_x_xlogp",-3.668,2.8930773131122307,6.56107731311223,6.56107731311223,,"{""n_components"": 2}"
DS01_31,Promethazine,PLS,FS-G_Radiation_XLogP_Interaction,"tpsa, xlogp, rotatable_bonds, cumulative_dose_combined_mGy, radiation_x_xlogp",-4.1719,2.386552953566176,6.558452953566176,6.558452953566176,,"{""n_components"": 2}"
DS01_32,Promethazine,PLS,FS-G_Radiation_XLogP_Interaction,"tpsa, xlogp, rotatable_bonds, cumulative_dose_combined_mGy, radiation_x_xlogp",-4.1992,2.7933867192641686,6.992586719264169,6.992586719264169,,"{""n_components"": 2}"
DS01_01,Caffeine,RandomForest,FS-G_Radiation_XLogP_Interaction,"tpsa, xlogp, rotatable_bonds, cumulative_dose_combined_mGy, radiation_x_xlogp",-5.2217,-3.895889818787499,1.3258101812125012,1.3258101812125012,,"{""max_depth"": 1, ""max_features"": ""sqrt"", ""min_samples_leaf"": 5, ""n_estimators"": 50}"
DS01_09,Caffeine,RandomForest,FS-G_Radiation_XLogP_Interaction,"tpsa, xlogp, rotatable_bonds, cumulative_dose_combined_mGy, radiation_x_xlogp",-6.4128,-3.895889818787499,2.5169101812125008,2.5169101812125008,,"{""max_depth"": 1, ""max_features"": ""sqrt"", ""min_samples_leaf"": 5, ""n_estimators"": 50}"
DS01_15,Caffeine,RandomForest,FS-G_Radiation_XLogP_Interaction,"tpsa, xlogp, rotatable_bonds, cumulative_dose_combined_mGy, radiation_x_xlogp",-6.1704,-3.895889818787499,2.274510181212501,2.274510181212501,,"{""max_depth"": 1, ""max_features"": ""sqrt"", ""min_samples_leaf"": 5, ""n_estimators"": 50}"
DS01_24,Caffeine,RandomForest,FS-G_Radiation_XLogP_Interaction,"tpsa, xlogp, rotatable_bonds, cumulative_dose_combined_mGy, radiation_x_xlogp",-6.5923,-3.895889818787499,2.6964101812125008,2.6964101812125008,,"{""max_depth"": 1, ""max_features"": ""sqrt"", ""min_samples_leaf"": 5, ""n_estimators"": 50}"
DS01_16,Diazepam,RandomForest,FS-G_Radiation_XLogP_Interaction,"tpsa, xlogp, rotatable_bonds, cumulative_dose_combined_mGy, radiation_x_xlogp",-0.4246,-3.4637585326614992,3.0391585326614994,-3.0391585326614994,,"{""max_depth"": 2, ""max_features"": ""sqrt"", ""min_samples_leaf"": 5, ""n_estimators"": 50}"
DS01_25,Diazepam,RandomForest,FS-G_Radiation_XLogP_Interaction,"tpsa, xlogp, rotatable_bonds, cumulative_dose_combined_mGy, radiation_x_xlogp",-1.7112,-2.760723551242917,1.049523551242917,-1.049523551242917,,"{""max_depth"": 2, ""max_features"": ""sqrt"", ""min_samples_leaf"": 5, ""n_estimators"": 50}"
DS01_02,Diphenhydramine,RandomForest,FS-G_Radiation_XLogP_Interaction,"tpsa, xlogp, rotatable_bonds, cumulative_dose_combined_mGy, radiation_x_xlogp",-1.4463,-3.0666946323924615,1.6203946323924616,-1.6203946323924616,,"{""max_depth"": 2, ""max_features"": ""sqrt"", ""min_samples_leaf"": 5, ""n_estimators"": 50}"
DS01_03,Diphenhydramine,RandomForest,FS-G_Radiation_XLogP_Interaction,"tpsa, xlogp, rotatable_bonds, cumulative_dose_combined_mGy, radiation_x_xlogp",7.2511,-3.0666946323924615,10.317794632392461,-10.317794632392461,,"{""max_depth"": 2, ""max_features"": ""sqrt"", ""min_samples_leaf"": 5, ""n_estimators"": 50}"
DS01_12,Diphenhydramine,RandomForest,FS-G_Radiation_XLogP_Interaction,"tpsa, xlogp, rotatable_bonds, cumulative_dose_combined_mGy, radiation_x_xlogp",8.2707,-3.2426080349372848,11.513308034937285,-11.513308034937285,,"{""max_depth"": 2, ""max_features"": ""sqrt"", ""min_samples_leaf"": 5, ""n_estimators"": 50}"
DS01_17,Diphenhydramine,RandomForest,FS-G_Radiation_XLogP_Interaction,"tpsa, xlogp, rotatable_bonds, cumulative_dose_combined_mGy, radiation_x_xlogp",-1.1555,-2.99968998092726,1.84418998092726,-1.84418998092726,,"{""max_depth"": 2, ""max_features"": ""sqrt"", ""min_samples_leaf"": 5, ""n_estimators"": 50}"
DS01_18,Diphenhydramine,RandomForest,FS-G_Radiation_XLogP_Interaction,"tpsa, xlogp, rotatable_bonds, cumulative_dose_combined_mGy, radiation_x_xlogp",8.2789,-2.99968998092726,11.27858998092726,-11.27858998092726,,"{""max_depth"": 2, ""max_features"": ""sqrt"", ""min_samples_leaf"": 5, ""n_estimators"": 50}"
DS01_26,Diphenhydramine,RandomForest,FS-G_Radiation_XLogP_Interaction,"tpsa, xlogp, rotatable_bonds, cumulative_dose_combined_mGy, radiation_x_xlogp",-0.8448,-3.0666946323924615,2.2218946323924618,-2.2218946323924618,,"{""max_depth"": 2, ""max_features"": ""sqrt"", ""min_samples_leaf"": 5, ""n_estimators"": 50}"
DS01_27,Diphenhydramine,RandomForest,FS-G_Radiation_XLogP_Interaction,"tpsa, xlogp, rotatable_bonds, cumulative_dose_combined_mGy, radiation_x_xlogp",6.2433,-3.0666946323924615,9.309994632392462,-9.309994632392462,,"{""max_depth"": 2, ""max_features"": ""sqrt"", ""min_samples_leaf"": 5, ""n_estimators"": 50}"
DS01_04,Epinephrine,RandomForest,FS-G_Radiation_XLogP_Interaction,"tpsa, xlogp, rotatable_bonds, cumulative_dose_combined_mGy, radiation_x_xlogp",-12.2931,-3.661843562325692,8.63125643767431,8.63125643767431,,"{""max_depth"": 1, ""max_features"": ""sqrt"", ""min_samples_leaf"": 5, ""n_estimators"": 50}"
DS01_11,Epinephrine,RandomForest,FS-G_Radiation_XLogP_Interaction,"tpsa, xlogp, rotatable_bonds, cumulative_dose_combined_mGy, radiation_x_xlogp",-11.1498,-3.661843562325692,7.487956437674309,7.487956437674309,,"{""max_depth"": 1, ""max_features"": ""sqrt"", ""min_samples_leaf"": 5, ""n_estimators"": 50}"
DS01_19,Ketamine,RandomForest,FS-G_Radiation_XLogP_Interaction,"tpsa, xlogp, rotatable_bonds, cumulative_dose_combined_mGy, radiation_x_xlogp",-1.845,-3.2066911529309876,1.3616911529309876,-1.3616911529309876,,"{""max_depth"": 2, ""max_features"": ""sqrt"", ""min_samples_leaf"": 5, ""n_estimators"": 50}"
DS01_28,Ketamine,RandomForest,FS-G_Radiation_XLogP_Interaction,"tpsa, xlogp, rotatable_bonds, cumulative_dose_combined_mGy, radiation_x_xlogp",-2.9666,-2.941730749861834,0.024869250138165988,0.024869250138165988,,"{""max_depth"": 2, ""max_features"": ""sqrt"", ""min_samples_leaf"": 5, ""n_estimators"": 50}"
DS01_05,Lidocaine,RandomForest,FS-G_Radiation_XLogP_Interaction,"tpsa, xlogp, rotatable_bonds, cumulative_dose_combined_mGy, radiation_x_xlogp",-3.4518,-2.1010891936729936,1.3507108063270064,1.3507108063270064,,"{""max_depth"": 2, ""max_features"": ""sqrt"", ""min_samples_leaf"": 5, ""n_estimators"": 50}"
DS01_13,Lidocaine,RandomForest,FS-G_Radiation_XLogP_Interaction,"tpsa, xlogp, rotatable_bonds, cumulative_dose_combined_mGy, radiation_x_xlogp",-2.8226,-2.5361679826617824,0.28643201733821755,0.28643201733821755,,"{""max_depth"": 2, ""max_features"": ""sqrt"", ""min_samples_leaf"": 5, ""n_estimators"": 50}"
DS01_20,Lidocaine,RandomForest,FS-G_Radiation_XLogP_Interaction,"tpsa, xlogp, rotatable_bonds, cumulative_dose_combined_mGy, radiation_x_xlogp",-3.1665,-2.2600593260683755,0.9064406739316246,0.9064406739316246,,"{""max_depth"": 2, ""max_features"": ""sqrt"", ""min_samples_leaf"": 5, ""n_estimators"": 50}"
DS01_29,Lidocaine,RandomForest,FS-G_Radiation_XLogP_Interaction,"tpsa, xlogp, rotatable_bonds, cumulative_dose_combined_mGy, radiation_x_xlogp",-2.8542,-2.062144905211455,0.792055094788545,0.792055094788545,,"{""max_depth"": 2, ""max_features"": ""sqrt"", ""min_samples_leaf"": 5, ""n_estimators"": 50}"
DS01_06,Naloxone,RandomForest,FS-G_Radiation_XLogP_Interaction,"tpsa, xlogp, rotatable_bonds, cumulative_dose_combined_mGy, radiation_x_xlogp",-3.4232,-4.266295881109688,0.8430958811096878,-0.8430958811096878,,"{""max_depth"": 2, ""max_features"": ""sqrt"", ""min_samples_leaf"": 5, ""n_estimators"": 50}"
DS01_21,Naloxone,RandomForest,FS-G_Radiation_XLogP_Interaction,"tpsa, xlogp, rotatable_bonds, cumulative_dose_combined_mGy, radiation_x_xlogp",-3.4447,-3.862047993143406,0.4173479931434061,-0.4173479931434061,,"{""max_depth"": 2, ""max_features"": ""sqrt"", ""min_samples_leaf"": 5, ""n_estimators"": 50}"
DS01_30,Naloxone,RandomForest,FS-G_Radiation_XLogP_Interaction,"tpsa, xlogp, rotatable_bonds, cumulative_dose_combined_mGy, radiation_x_xlogp",-3.47,-4.252936452538259,0.7829364525382592,-0.7829364525382592,,"{""max_depth"": 2, ""max_features"": ""sqrt"", ""min_samples_leaf"": 5, ""n_estimators"": 50}"
DS01_07,Promethazine,RandomForest,FS-G_Radiation_XLogP_Interaction,"tpsa, xlogp, rotatable_bonds, cumulative_dose_combined_mGy, radiation_x_xlogp",-2.8931,-0.7391867717862205,2.1539132282137796,2.1539132282137796,,"{""max_depth"": 2, ""max_features"": ""sqrt"", ""min_samples_leaf"": 5, ""n_estimators"": 50}"
DS01_08,Promethazine,RandomForest,FS-G_Radiation_XLogP_Interaction,"tpsa, xlogp, rotatable_bonds, cumulative_dose_combined_mGy, radiation_x_xlogp",-3.5853,-0.8563571695995182,2.7289428304004817,2.7289428304004817,,"{""max_depth"": 2, ""max_features"": ""sqrt"", ""min_samples_leaf"": 5, ""n_estimators"": 50}"
DS01_10,Promethazine,RandomForest,FS-G_Radiation_XLogP_Interaction,"tpsa, xlogp, rotatable_bonds, cumulative_dose_combined_mGy, radiation_x_xlogp",-3.7938,-0.7889717886471372,3.004828211352863,3.004828211352863,,"{""max_depth"": 2, ""max_features"": ""sqrt"", ""min_samples_leaf"": 5, ""n_estimators"": 50}"
DS01_14,Promethazine,RandomForest,FS-G_Radiation_XLogP_Interaction,"tpsa, xlogp, rotatable_bonds, cumulative_dose_combined_mGy, radiation_x_xlogp",-2.6185,-0.8229594195995182,1.7955405804004818,1.7955405804004818,,"{""max_depth"": 2, ""max_features"": ""sqrt"", ""min_samples_leaf"": 5, ""n_estimators"": 50}"
DS01_22,Promethazine,RandomForest,FS-G_Radiation_XLogP_Interaction,"tpsa, xlogp, rotatable_bonds, cumulative_dose_combined_mGy, radiation_x_xlogp",-3.1686,-0.7889717886471372,2.3796282113528626,2.3796282113528626,,"{""max_depth"": 2, ""max_features"": ""sqrt"", ""min_samples_leaf"": 5, ""n_estimators"": 50}"
DS01_23,Promethazine,RandomForest,FS-G_Radiation_XLogP_Interaction,"tpsa, xlogp, rotatable_bonds, cumulative_dose_combined_mGy, radiation_x_xlogp",-3.668,-0.7889717886471372,2.879028211352863,2.879028211352863,,"{""max_depth"": 2, ""max_features"": ""sqrt"", ""min_samples_leaf"": 5, ""n_estimators"": 50}"
DS01_31,Promethazine,RandomForest,FS-G_Radiation_XLogP_Interaction,"tpsa, xlogp, rotatable_bonds, cumulative_dose_combined_mGy, radiation_x_xlogp",-4.1719,-0.7650534384528872,3.4068465615471126,3.4068465615471126,,"{""max_depth"": 2, ""max_features"": ""sqrt"", ""min_samples_leaf"": 5, ""n_estimators"": 50}"
DS01_32,Promethazine,RandomForest,FS-G_Radiation_XLogP_Interaction,"tpsa, xlogp, rotatable_bonds, cumulative_dose_combined_mGy, radiation_x_xlogp",-4.1992,-0.7889717886471372,3.4102282113528632,3.4102282113528632,,"{""max_depth"": 2, ""max_features"": ""sqrt"", ""min_samples_leaf"": 5, ""n_estimators"": 50}"
DS01_01,Caffeine,GradientBoosting,FS-G_Radiation_XLogP_Interaction,"tpsa, xlogp, rotatable_bonds, cumulative_dose_combined_mGy, radiation_x_xlogp",-5.2217,-4.011285985889649,1.2104140141103512,1.2104140141103512,,"{""learning_rate"": 0.05, ""max_depth"": 1, ""min_samples_leaf"": 5, ""n_estimators"": 20}"
DS01_09,Caffeine,GradientBoosting,FS-G_Radiation_XLogP_Interaction,"tpsa, xlogp, rotatable_bonds, cumulative_dose_combined_mGy, radiation_x_xlogp",-6.4128,-4.011285985889649,2.401514014110351,2.401514014110351,,"{""learning_rate"": 0.05, ""max_depth"": 1, ""min_samples_leaf"": 5, ""n_estimators"": 20}"
DS01_15,Caffeine,GradientBoosting,FS-G_Radiation_XLogP_Interaction,"tpsa, xlogp, rotatable_bonds, cumulative_dose_combined_mGy, radiation_x_xlogp",-6.1704,-4.011285985889649,2.159114014110351,2.159114014110351,,"{""learning_rate"": 0.05, ""max_depth"": 1, ""min_samples_leaf"": 5, ""n_estimators"": 20}"
DS01_24,Caffeine,GradientBoosting,FS-G_Radiation_XLogP_Interaction,"tpsa, xlogp, rotatable_bonds, cumulative_dose_combined_mGy, radiation_x_xlogp",-6.5923,-4.011285985889649,2.581014014110351,2.581014014110351,,"{""learning_rate"": 0.05, ""max_depth"": 1, ""min_samples_leaf"": 5, ""n_estimators"": 20}"
DS01_16,Diazepam,GradientBoosting,FS-G_Radiation_XLogP_Interaction,"tpsa, xlogp, rotatable_bonds, cumulative_dose_combined_mGy, radiation_x_xlogp",-0.4246,-3.266450702650032,2.841850702650032,-2.841850702650032,,"{""learning_rate"": 0.05, ""max_depth"": 1, ""min_samples_leaf"": 5, ""n_estimators"": 40}"
DS01_25,Diazepam,GradientBoosting,FS-G_Radiation_XLogP_Interaction,"tpsa, xlogp, rotatable_bonds, cumulative_dose_combined_mGy, radiation_x_xlogp",-1.7112,-3.266450702650032,1.5552507026500317,-1.5552507026500317,,"{""learning_rate"": 0.05, ""max_depth"": 1, ""min_samples_leaf"": 5, ""n_estimators"": 40}"
DS01_02,Diphenhydramine,GradientBoosting,FS-G_Radiation_XLogP_Interaction,"tpsa, xlogp, rotatable_bonds, cumulative_dose_combined_mGy, radiation_x_xlogp",-1.4463,-3.2253898776847962,1.7790898776847963,-1.7790898776847963,,"{""learning_rate"": 0.05, ""max_depth"": 1, ""min_samples_leaf"": 5, ""n_estimators"": 40}"
DS01_03,Diphenhydramine,GradientBoosting,FS-G_Radiation_XLogP_Interaction,"tpsa, xlogp, rotatable_bonds, cumulative_dose_combined_mGy, radiation_x_xlogp",7.2511,-3.2253898776847962,10.476489877684797,-10.476489877684797,,"{""learning_rate"": 0.05, ""max_depth"": 1, ""min_samples_leaf"": 5, ""n_estimators"": 40}"
DS01_12,Diphenhydramine,GradientBoosting,FS-G_Radiation_XLogP_Interaction,"tpsa, xlogp, rotatable_bonds, cumulative_dose_combined_mGy, radiation_x_xlogp",8.2707,-3.2253898776847962,11.496089877684796,-11.496089877684796,,"{""learning_rate"": 0.05, ""max_depth"": 1, ""min_samples_leaf"": 5, ""n_estimators"": 40}"
DS01_17,Diphenhydramine,GradientBoosting,FS-G_Radiation_XLogP_Interaction,"tpsa, xlogp, rotatable_bonds, cumulative_dose_combined_mGy, radiation_x_xlogp",-1.1555,-3.2253898776847962,2.0698898776847963,-2.0698898776847963,,"{""learning_rate"": 0.05, ""max_depth"": 1, ""min_samples_leaf"": 5, ""n_estimators"": 40}"
DS01_18,Diphenhydramine,GradientBoosting,FS-G_Radiation_XLogP_Interaction,"tpsa, xlogp, rotatable_bonds, cumulative_dose_combined_mGy, radiation_x_xlogp",8.2789,-3.2253898776847962,11.504289877684796,-11.504289877684796,,"{""learning_rate"": 0.05, ""max_depth"": 1, ""min_samples_leaf"": 5, ""n_estimators"": 40}"
DS01_26,Diphenhydramine,GradientBoosting,FS-G_Radiation_XLogP_Interaction,"tpsa, xlogp, rotatable_bonds, cumulative_dose_combined_mGy, radiation_x_xlogp",-0.8448,-3.2253898776847962,2.3805898776847965,-2.3805898776847965,,"{""learning_rate"": 0.05, ""max_depth"": 1, ""min_samples_leaf"": 5, ""n_estimators"": 40}"
DS01_27,Diphenhydramine,GradientBoosting,FS-G_Radiation_XLogP_Interaction,"tpsa, xlogp, rotatable_bonds, cumulative_dose_combined_mGy, radiation_x_xlogp",6.2433,-3.2253898776847962,9.468689877684795,-9.468689877684795,,"{""learning_rate"": 0.05, ""max_depth"": 1, ""min_samples_leaf"": 5, ""n_estimators"": 40}"
DS01_04,Epinephrine,GradientBoosting,FS-G_Radiation_XLogP_Interaction,"tpsa, xlogp, rotatable_bonds, cumulative_dose_combined_mGy, radiation_x_xlogp",-12.2931,-3.702752271515079,8.590347728484922,8.590347728484922,,"{""learning_rate"": 0.05, ""max_depth"": 1, ""min_samples_leaf"": 5, ""n_estimators"": 20}"
DS01_11,Epinephrine,GradientBoosting,FS-G_Radiation_XLogP_Interaction,"tpsa, xlogp, rotatable_bonds, cumulative_dose_combined_mGy, radiation_x_xlogp",-11.1498,-3.702752271515079,7.447047728484922,7.447047728484922,,"{""learning_rate"": 0.05, ""max_depth"": 1, ""min_samples_leaf"": 5, ""n_estimators"": 20}"
DS01_19,Ketamine,GradientBoosting,FS-G_Radiation_XLogP_Interaction,"tpsa, xlogp, rotatable_bonds, cumulative_dose_combined_mGy, radiation_x_xlogp",-1.845,-3.33215414555865,1.48715414555865,-1.48715414555865,,"{""learning_rate"": 0.05, ""max_depth"": 1, ""min_samples_leaf"": 5, ""n_estimators"": 20}"
DS01_28,Ketamine,GradientBoosting,FS-G_Radiation_XLogP_Interaction,"tpsa, xlogp, rotatable_bonds, cumulative_dose_combined_mGy, radiation_x_xlogp",-2.9666,-3.33215414555865,0.36555414555864996,-0.36555414555864996,,"{""learning_rate"": 0.05, ""max_depth"": 1, ""min_samples_leaf"": 5, ""n_estimators"": 20}"
DS01_05,Lidocaine,GradientBoosting,FS-G_Radiation_XLogP_Interaction,"tpsa, xlogp, rotatable_bonds, cumulative_dose_combined_mGy, radiation_x_xlogp",-3.4518,-0.7938260426229324,2.6579739573770675,2.6579739573770675,,"{""learning_rate"": 0.05, ""max_depth"": 1, ""min_samples_leaf"": 5, ""n_estimators"": 20}"
DS01_13,Lidocaine,GradientBoosting,FS-G_Radiation_XLogP_Interaction,"tpsa, xlogp, rotatable_bonds, cumulative_dose_combined_mGy, radiation_x_xlogp",-2.8226,-0.7938260426229324,2.0287739573770676,2.0287739573770676,,"{""learning_rate"": 0.05, ""max_depth"": 1, ""min_samples_leaf"": 5, ""n_estimators"": 20}"
DS01_20,Lidocaine,GradientBoosting,FS-G_Radiation_XLogP_Interaction,"tpsa, xlogp, rotatable_bonds, cumulative_dose_combined_mGy, radiation_x_xlogp",-3.1665,-0.7938260426229324,2.3726739573770677,2.3726739573770677,,"{""learning_rate"": 0.05, ""max_depth"": 1, ""min_samples_leaf"": 5, ""n_estimators"": 20}"
DS01_29,Lidocaine,GradientBoosting,FS-G_Radiation_XLogP_Interaction,"tpsa, xlogp, rotatable_bonds, cumulative_dose_combined_mGy, radiation_x_xlogp",-2.8542,-0.7938260426229324,2.0603739573770676,2.0603739573770676,,"{""learning_rate"": 0.05, ""max_depth"": 1, ""min_samples_leaf"": 5, ""n_estimators"": 20}"
DS01_06,Naloxone,GradientBoosting,FS-G_Radiation_XLogP_Interaction,"tpsa, xlogp, rotatable_bonds, cumulative_dose_combined_mGy, radiation_x_xlogp",-3.4232,-3.605351436461412,0.18215143646141208,-0.18215143646141208,,"{""learning_rate"": 0.05, ""max_depth"": 1, ""min_samples_leaf"": 5, ""n_estimators"": 20}"
DS01_21,Naloxone,GradientBoosting,FS-G_Radiation_XLogP_Interaction,"tpsa, xlogp, rotatable_bonds, cumulative_dose_combined_mGy, radiation_x_xlogp",-3.4447,-3.605351436461412,0.160651436461412,-0.160651436461412,,"{""learning_rate"": 0.05, ""max_depth"": 1, ""min_samples_leaf"": 5, ""n_estimators"": 20}"
DS01_30,Naloxone,GradientBoosting,FS-G_Radiation_XLogP_Interaction,"tpsa, xlogp, rotatable_bonds, cumulative_dose_combined_mGy, radiation_x_xlogp",-3.47,-3.605351436461412,0.1353514364614119,-0.1353514364614119,,"{""learning_rate"": 0.05, ""max_depth"": 1, ""min_samples_leaf"": 5, ""n_estimators"": 20}"
DS01_07,Promethazine,GradientBoosting,FS-G_Radiation_XLogP_Interaction,"tpsa, xlogp, rotatable_bonds, cumulative_dose_combined_mGy, radiation_x_xlogp",-2.8931,-0.9545753061192901,1.93852469388071,1.93852469388071,,"{""learning_rate"": 0.05, ""max_depth"": 1, ""min_samples_leaf"": 5, ""n_estimators"": 40}"
DS01_08,Promethazine,GradientBoosting,FS-G_Radiation_XLogP_Interaction,"tpsa, xlogp, rotatable_bonds, cumulative_dose_combined_mGy, radiation_x_xlogp",-3.5853,-0.9545753061192901,2.63072469388071,2.63072469388071,,"{""learning_rate"": 0.05, ""max_depth"": 1, ""min_samples_leaf"": 5, ""n_estimators"": 40}"
DS01_10,Promethazine,GradientBoosting,FS-G_Radiation_XLogP_Interaction,"tpsa, xlogp, rotatable_bonds, cumulative_dose_combined_mGy, radiation_x_xlogp",-3.7938,-0.9545753061192901,2.83922469388071,2.83922469388071,,"{""learning_rate"": 0.05, ""max_depth"": 1, ""min_samples_leaf"": 5, ""n_estimators"": 40}"
DS01_14,Promethazine,GradientBoosting,FS-G_Radiation_XLogP_Interaction,"tpsa, xlogp, rotatable_bonds, cumulative_dose_combined_mGy, radiation_x_xlogp",-2.6185,-0.9545753061192901,1.66392469388071,1.66392469388071,,"{""learning_rate"": 0.05, ""max_depth"": 1, ""min_samples_leaf"": 5, ""n_estimators"": 40}"
DS01_22,Promethazine,GradientBoosting,FS-G_Radiation_XLogP_Interaction,"tpsa, xlogp, rotatable_bonds, cumulative_dose_combined_mGy, radiation_x_xlogp",-3.1686,-0.9545753061192901,2.21402469388071,2.21402469388071,,"{""learning_rate"": 0.05, ""max_depth"": 1, ""min_samples_leaf"": 5, ""n_estimators"": 40}"
DS01_23,Promethazine,GradientBoosting,FS-G_Radiation_XLogP_Interaction,"tpsa, xlogp, rotatable_bonds, cumulative_dose_combined_mGy, radiation_x_xlogp",-3.668,-0.9545753061192901,2.71342469388071,2.71342469388071,,"{""learning_rate"": 0.05, ""max_depth"": 1, ""min_samples_leaf"": 5, ""n_estimators"": 40}"
DS01_31,Promethazine,GradientBoosting,FS-G_Radiation_XLogP_Interaction,"tpsa, xlogp, rotatable_bonds, cumulative_dose_combined_mGy, radiation_x_xlogp",-4.1719,-0.9545753061192901,3.21732469388071,3.21732469388071,,"{""learning_rate"": 0.05, ""max_depth"": 1, ""min_samples_leaf"": 5, ""n_estimators"": 40}"
DS01_32,Promethazine,GradientBoosting,FS-G_Radiation_XLogP_Interaction,"tpsa, xlogp, rotatable_bonds, cumulative_dose_combined_mGy, radiation_x_xlogp",-4.1992,-0.9545753061192901,3.24462469388071,3.24462469388071,,"{""learning_rate"": 0.05, ""max_depth"": 1, ""min_samples_leaf"": 5, ""n_estimators"": 40}"
DS01_01,Caffeine,GPR,FS-G_Radiation_XLogP_Interaction,"tpsa, xlogp, rotatable_bonds, cumulative_dose_combined_mGy, radiation_x_xlogp",-5.2217,-2.0506062231312456,3.1710937768687546,3.1710937768687546,5.241450672586719,"{""kernel"": ""RBF"", ""length_scale"": 0.75, ""noise"": 0.3}"
DS01_09,Caffeine,GPR,FS-G_Radiation_XLogP_Interaction,"tpsa, xlogp, rotatable_bonds, cumulative_dose_combined_mGy, radiation_x_xlogp",-6.4128,-2.0813966805259008,4.331403319474099,4.331403319474099,5.241292973497892,"{""kernel"": ""RBF"", ""length_scale"": 0.75, ""noise"": 0.3}"
DS01_15,Caffeine,GPR,FS-G_Radiation_XLogP_Interaction,"tpsa, xlogp, rotatable_bonds, cumulative_dose_combined_mGy, radiation_x_xlogp",-6.1704,-2.0298149892082935,4.140585010791707,4.140585010791707,5.241691265331857,"{""kernel"": ""RBF"", ""length_scale"": 0.75, ""noise"": 0.3}"
DS01_24,Caffeine,GPR,FS-G_Radiation_XLogP_Interaction,"tpsa, xlogp, rotatable_bonds, cumulative_dose_combined_mGy, radiation_x_xlogp",-6.5923,-2.084945444404904,4.5073545555950965,4.5073545555950965,5.241435626856029,"{""kernel"": ""RBF"", ""length_scale"": 0.75, ""noise"": 0.3}"
DS01_16,Diazepam,GPR,FS-G_Radiation_XLogP_Interaction,"tpsa, xlogp, rotatable_bonds, cumulative_dose_combined_mGy, radiation_x_xlogp",-0.4246,-2.553853446608344,2.129253446608344,-2.129253446608344,5.106596183120431,"{""kernel"": ""Matern"", ""length_scale"": 0.75, ""noise"": 0.3}"
DS01_25,Diazepam,GPR,FS-G_Radiation_XLogP_Interaction,"tpsa, xlogp, rotatable_bonds, cumulative_dose_combined_mGy, radiation_x_xlogp",-1.7112,-2.576039950637654,0.8648399506376541,-0.8648399506376541,5.300207592719257,"{""kernel"": ""Matern"", ""length_scale"": 0.75, ""noise"": 0.3}"
DS01_02,Diphenhydramine,GPR,FS-G_Radiation_XLogP_Interaction,"tpsa, xlogp, rotatable_bonds, cumulative_dose_combined_mGy, radiation_x_xlogp",-1.4463,-3.688652103604122,2.242352103604122,-2.242352103604122,2.713357335463731,"{""kernel"": ""Matern"", ""length_scale"": 1.5, ""noise"": 0.3}"
DS01_03,Diphenhydramine,GPR,FS-G_Radiation_XLogP_Interaction,"tpsa, xlogp, rotatable_bonds, cumulative_dose_combined_mGy, radiation_x_xlogp",7.2511,-3.688652103604122,10.939752103604121,-10.939752103604121,2.713357335463731,"{""kernel"": ""Matern"", ""length_scale"": 1.5, ""noise"": 0.3}"
DS01_12,Diphenhydramine,GPR,FS-G_Radiation_XLogP_Interaction,"tpsa, xlogp, rotatable_bonds, cumulative_dose_combined_mGy, radiation_x_xlogp",8.2707,-3.5765287533539007,11.8472287533539,-11.8472287533539,2.7045203598322565,"{""kernel"": ""Matern"", ""length_scale"": 1.5, ""noise"": 0.3}"
DS01_17,Diphenhydramine,GPR,FS-G_Radiation_XLogP_Interaction,"tpsa, xlogp, rotatable_bonds, cumulative_dose_combined_mGy, radiation_x_xlogp",-1.1555,-3.6225384830278142,2.4670384830278143,-2.4670384830278143,2.693671758383399,"{""kernel"": ""Matern"", ""length_scale"": 1.5, ""noise"": 0.3}"
DS01_18,Diphenhydramine,GPR,FS-G_Radiation_XLogP_Interaction,"tpsa, xlogp, rotatable_bonds, cumulative_dose_combined_mGy, radiation_x_xlogp",8.2789,-3.6225384830278147,11.901438483027814,-11.901438483027814,2.693671758383399,"{""kernel"": ""Matern"", ""length_scale"": 1.5, ""noise"": 0.3}"
DS01_26,Diphenhydramine,GPR,FS-G_Radiation_XLogP_Interaction,"tpsa, xlogp, rotatable_bonds, cumulative_dose_combined_mGy, radiation_x_xlogp",-0.8448,-3.7198969882994612,2.875096988299461,-2.875096988299461,2.753154518463766,"{""kernel"": ""Matern"", ""length_scale"": 1.5, ""noise"": 0.3}"
DS01_27,Diphenhydramine,GPR,FS-G_Radiation_XLogP_Interaction,"tpsa, xlogp, rotatable_bonds, cumulative_dose_combined_mGy, radiation_x_xlogp",6.2433,-3.7198969882994612,9.963196988299462,-9.963196988299462,2.753154518463766,"{""kernel"": ""Matern"", ""length_scale"": 1.5, ""noise"": 0.3}"
DS01_04,Epinephrine,GPR,FS-G_Radiation_XLogP_Interaction,"tpsa, xlogp, rotatable_bonds, cumulative_dose_combined_mGy, radiation_x_xlogp",-12.2931,-1.8935400160413862,10.399559983958614,10.399559983958614,4.512533631524342,"{""kernel"": ""RBF"", ""length_scale"": 0.75, ""noise"": 0.3}"
DS01_11,Epinephrine,GPR,FS-G_Radiation_XLogP_Interaction,"tpsa, xlogp, rotatable_bonds, cumulative_dose_combined_mGy, radiation_x_xlogp",-11.1498,-2.001166409854771,9.14863359014523,9.14863359014523,4.510795683694208,"{""kernel"": ""RBF"", ""length_scale"": 0.75, ""noise"": 0.3}"
DS01_19,Ketamine,GPR,FS-G_Radiation_XLogP_Interaction,"tpsa, xlogp, rotatable_bonds, cumulative_dose_combined_mGy, radiation_x_xlogp",-1.845,-2.205756439407473,0.36075643940747315,-0.36075643940747315,5.052580888640043,"{""kernel"": ""Matern"", ""length_scale"": 0.75, ""noise"": 0.3}"
DS01_28,Ketamine,GPR,FS-G_Radiation_XLogP_Interaction,"tpsa, xlogp, rotatable_bonds, cumulative_dose_combined_mGy, radiation_x_xlogp",-2.9666,-2.6529983162084814,0.31360168379151876,0.31360168379151876,5.2691909449982575,"{""kernel"": ""Matern"", ""length_scale"": 0.75, ""noise"": 0.3}"
DS01_05,Lidocaine,GPR,FS-G_Radiation_XLogP_Interaction,"tpsa, xlogp, rotatable_bonds, cumulative_dose_combined_mGy, radiation_x_xlogp",-3.4518,-1.2861803518943662,2.1656196481056336,2.1656196481056336,5.385538152733643,"{""kernel"": ""Matern"", ""length_scale"": 0.75, ""noise"": 0.3}"
DS01_13,Lidocaine,GPR,FS-G_Radiation_XLogP_Interaction,"tpsa, xlogp, rotatable_bonds, cumulative_dose_combined_mGy, radiation_x_xlogp",-2.8226,-0.40364764324491165,2.4189523567550886,2.4189523567550886,5.378759906438647,"{""kernel"": ""Matern"", ""length_scale"": 0.75, ""noise"": 0.3}"
DS01_20,Lidocaine,GPR,FS-G_Radiation_XLogP_Interaction,"tpsa, xlogp, rotatable_bonds, cumulative_dose_combined_mGy, radiation_x_xlogp",-3.1665,-0.6558433457629789,2.510656654237021,2.510656654237021,5.35342277102256,"{""kernel"": ""Matern"", ""length_scale"": 0.75, ""noise"": 0.3}"
DS01_29,Lidocaine,GPR,FS-G_Radiation_XLogP_Interaction,"tpsa, xlogp, rotatable_bonds, cumulative_dose_combined_mGy, radiation_x_xlogp",-2.8542,-1.3754463720179242,1.4787536279820759,1.4787536279820759,5.3827822025757195,"{""kernel"": ""Matern"", ""length_scale"": 0.75, ""noise"": 0.3}"
DS01_06,Naloxone,GPR,FS-G_Radiation_XLogP_Interaction,"tpsa, xlogp, rotatable_bonds, cumulative_dose_combined_mGy, radiation_x_xlogp",-3.4232,-2.418705081075651,1.0044949189243488,1.0044949189243488,5.398359399192891,"{""kernel"": ""RBF"", ""length_scale"": 0.75, ""noise"": 0.3}"
DS01_21,Naloxone,GPR,FS-G_Radiation_XLogP_Interaction,"tpsa, xlogp, rotatable_bonds, cumulative_dose_combined_mGy, radiation_x_xlogp",-3.4447,-2.61083760060644,0.8338623993935599,0.8338623993935599,5.393288333488847,"{""kernel"": ""RBF"", ""length_scale"": 0.75, ""noise"": 0.3}"
DS01_30,Naloxone,GPR,FS-G_Radiation_XLogP_Interaction,"tpsa, xlogp, rotatable_bonds, cumulative_dose_combined_mGy, radiation_x_xlogp",-3.47,-2.3691330810425746,1.1008669189574256,1.1008669189574256,5.398666002230942,"{""kernel"": ""RBF"", ""length_scale"": 0.75, ""noise"": 0.3}"
DS01_07,Promethazine,GPR,FS-G_Radiation_XLogP_Interaction,"tpsa, xlogp, rotatable_bonds, cumulative_dose_combined_mGy, radiation_x_xlogp",-2.8931,-0.7005342604520681,2.192565739547932,2.192565739547932,5.547956142209312,"{""kernel"": ""Matern"", ""length_scale"": 1.5, ""noise"": 0.3}"
DS01_08,Promethazine,GPR,FS-G_Radiation_XLogP_Interaction,"tpsa, xlogp, rotatable_bonds, cumulative_dose_combined_mGy, radiation_x_xlogp",-3.5853,0.21414288093078726,3.7994428809307874,3.7994428809307874,5.302780829979627,"{""kernel"": ""Matern"", ""length_scale"": 1.5, ""noise"": 0.3}"
DS01_10,Promethazine,GPR,FS-G_Radiation_XLogP_Interaction,"tpsa, xlogp, rotatable_bonds, cumulative_dose_combined_mGy, radiation_x_xlogp",-3.7938,-0.1380433498384792,3.655756650161521,3.655756650161521,5.41284850343923,"{""kernel"": ""Matern"", ""length_scale"": 1.5, ""noise"": 0.3}"
DS01_14,Promethazine,GPR,FS-G_Radiation_XLogP_Interaction,"tpsa, xlogp, rotatable_bonds, cumulative_dose_combined_mGy, radiation_x_xlogp",-2.6185,0.34721654643272615,2.965716546432726,2.965716546432726,5.261463699187235,"{""kernel"": ""Matern"", ""length_scale"": 1.5, ""noise"": 0.3}"
DS01_22,Promethazine,GPR,FS-G_Radiation_XLogP_Interaction,"tpsa, xlogp, rotatable_bonds, cumulative_dose_combined_mGy, radiation_x_xlogp",-3.1686,-0.06583119067099963,3.1027688093290005,3.1027688093290005,5.391878415451458,"{""kernel"": ""Matern"", ""length_scale"": 1.5, ""noise"": 0.3}"
DS01_23,Promethazine,GPR,FS-G_Radiation_XLogP_Interaction,"tpsa, xlogp, rotatable_bonds, cumulative_dose_combined_mGy, radiation_x_xlogp",-3.668,-0.06583119067099963,3.6021688093290005,3.6021688093290005,5.391878415451458,"{""kernel"": ""Matern"", ""length_scale"": 1.5, ""noise"": 0.3}"
DS01_31,Promethazine,GPR,FS-G_Radiation_XLogP_Interaction,"tpsa, xlogp, rotatable_bonds, cumulative_dose_combined_mGy, radiation_x_xlogp",-4.1719,-0.9916326622099116,3.180267337790088,3.180267337790088,5.604901492715584,"{""kernel"": ""Matern"", ""length_scale"": 1.5, ""noise"": 0.3}"
DS01_32,Promethazine,GPR,FS-G_Radiation_XLogP_Interaction,"tpsa, xlogp, rotatable_bonds, cumulative_dose_combined_mGy, radiation_x_xlogp",-4.1992,-0.27626813628173164,3.9229318637182686,3.9229318637182686,5.449973584231991,"{""kernel"": ""Matern"", ""length_scale"": 1.5, ""noise"": 0.3}"
DS01_01,Caffeine,OLS,FS-H_MeanRate_Duration,"tpsa, xlogp, rotatable_bonds, mean_dose_rate_uGy_h, days_in_space",-5.2217,-11.905511088251682,6.683811088251682,-6.683811088251682,,"{""label"": ""ordinary_least_squares""}"
DS01_09,Caffeine,OLS,FS-H_MeanRate_Duration,"tpsa, xlogp, rotatable_bonds, mean_dose_rate_uGy_h, days_in_space",-6.4128,-9.201074144567174,2.7882741445671746,-2.7882741445671746,,"{""label"": ""ordinary_least_squares""}"
DS01_15,Caffeine,OLS,FS-H_MeanRate_Duration,"tpsa, xlogp, rotatable_bonds, mean_dose_rate_uGy_h, days_in_space",-6.1704,-7.8068125484787645,1.6364125484787646,-1.6364125484787646,,"{""label"": ""ordinary_least_squares""}"
DS01_24,Caffeine,OLS,FS-H_MeanRate_Duration,"tpsa, xlogp, rotatable_bonds, mean_dose_rate_uGy_h, days_in_space",-6.5923,-11.791962087080421,5.199662087080421,-5.199662087080421,,"{""label"": ""ordinary_least_squares""}"
DS01_16,Diazepam,OLS,FS-H_MeanRate_Duration,"tpsa, xlogp, rotatable_bonds, mean_dose_rate_uGy_h, days_in_space",-0.4246,-2.3886210008875617,1.9640210008875618,-1.9640210008875618,,"{""label"": ""ordinary_least_squares""}"
DS01_25,Diazepam,OLS,FS-H_MeanRate_Duration,"tpsa, xlogp, rotatable_bonds, mean_dose_rate_uGy_h, days_in_space",-1.7112,-2.7607179907257433,1.0495179907257433,-1.0495179907257433,,"{""label"": ""ordinary_least_squares""}"
DS01_02,Diphenhydramine,OLS,FS-H_MeanRate_Duration,"tpsa, xlogp, rotatable_bonds, mean_dose_rate_uGy_h, days_in_space",-1.4463,-3.1343610870669636,1.6880610870669637,-1.6880610870669637,,"{""label"": ""ordinary_least_squares""}"
DS01_03,Diphenhydramine,OLS,FS-H_MeanRate_Duration,"tpsa, xlogp, rotatable_bonds, mean_dose_rate_uGy_h, days_in_space",7.2511,-3.1343610870669636,10.385461087066965,-10.385461087066965,,"{""label"": ""ordinary_least_squares""}"
DS01_12,Diphenhydramine,OLS,FS-H_MeanRate_Duration,"tpsa, xlogp, rotatable_bonds, mean_dose_rate_uGy_h, days_in_space",8.2707,-2.943786677065649,11.214486677065649,-11.214486677065649,,"{""label"": ""ordinary_least_squares""}"
DS01_17,Diphenhydramine,OLS,FS-H_MeanRate_Duration,"tpsa, xlogp, rotatable_bonds, mean_dose_rate_uGy_h, days_in_space",-1.1555,-3.1019291465608214,1.9464291465608214,-1.9464291465608214,,"{""label"": ""ordinary_least_squares""}"
DS01_18,Diphenhydramine,OLS,FS-H_MeanRate_Duration,"tpsa, xlogp, rotatable_bonds, mean_dose_rate_uGy_h, days_in_space",8.2789,-3.1019291465608214,11.38082914656082,-11.38082914656082,,"{""label"": ""ordinary_least_squares""}"
DS01_26,Diphenhydramine,OLS,FS-H_MeanRate_Duration,"tpsa, xlogp, rotatable_bonds, mean_dose_rate_uGy_h, days_in_space",-0.8448,-3.0134777653425275,2.1686777653425278,-2.1686777653425278,,"{""label"": ""ordinary_least_squares""}"
DS01_27,Diphenhydramine,OLS,FS-H_MeanRate_Duration,"tpsa, xlogp, rotatable_bonds, mean_dose_rate_uGy_h, days_in_space",6.2433,-3.0134777653425275,9.256777765342527,-9.256777765342527,,"{""label"": ""ordinary_least_squares""}"
DS01_04,Epinephrine,OLS,FS-H_MeanRate_Duration,"tpsa, xlogp, rotatable_bonds, mean_dose_rate_uGy_h, days_in_space",-12.2931,-3.949490546918546,8.343609453081456,8.343609453081456,,"{""label"": ""ordinary_least_squares""}"
DS01_11,Epinephrine,OLS,FS-H_MeanRate_Duration,"tpsa, xlogp, rotatable_bonds, mean_dose_rate_uGy_h, days_in_space",-11.1498,-2.869359255814847,8.280440744185153,8.280440744185153,,"{""label"": ""ordinary_least_squares""}"
DS01_19,Ketamine,OLS,FS-H_MeanRate_Duration,"tpsa, xlogp, rotatable_bonds, mean_dose_rate_uGy_h, days_in_space",-1.845,-1.3418330080189582,0.5031669919810418,0.5031669919810418,,"{""label"": ""ordinary_least_squares""}"
DS01_28,Ketamine,OLS,FS-H_MeanRate_Duration,"tpsa, xlogp, rotatable_bonds, mean_dose_rate_uGy_h, days_in_space",-2.9666,-1.45931366505771,1.50728633494229,1.50728633494229,,"{""label"": ""ordinary_least_squares""}"
DS01_05,Lidocaine,OLS,FS-H_MeanRate_Duration,"tpsa, xlogp, rotatable_bonds, mean_dose_rate_uGy_h, days_in_space",-3.4518,-0.7917455661972137,2.6600544338027863,2.6600544338027863,,"{""label"": ""ordinary_least_squares""}"
DS01_13,Lidocaine,OLS,FS-H_MeanRate_Duration,"tpsa, xlogp, rotatable_bonds, mean_dose_rate_uGy_h, days_in_space",-2.8226,-0.11710800988139969,2.7054919901186003,2.7054919901186003,,"{""label"": ""ordinary_least_squares""}"
DS01_20,Lidocaine,OLS,FS-H_MeanRate_Duration,"tpsa, xlogp, rotatable_bonds, mean_dose_rate_uGy_h, days_in_space",-3.1665,-0.5023792558501985,2.664120744149802,2.664120744149802,,"{""label"": ""ordinary_least_squares""}"
DS01_29,Lidocaine,OLS,FS-H_MeanRate_Duration,"tpsa, xlogp, rotatable_bonds, mean_dose_rate_uGy_h, days_in_space",-2.8542,-0.7376357923291901,2.1165642076708098,2.1165642076708098,,"{""label"": ""ordinary_least_squares""}"
DS01_06,Naloxone,OLS,FS-H_MeanRate_Duration,"tpsa, xlogp, rotatable_bonds, mean_dose_rate_uGy_h, days_in_space",-3.4232,-14.170942287221832,10.747742287221833,-10.747742287221833,,"{""label"": ""ordinary_least_squares""}"
DS01_21,Naloxone,OLS,FS-H_MeanRate_Duration,"tpsa, xlogp, rotatable_bonds, mean_dose_rate_uGy_h, days_in_space",-3.4447,-13.519448452243415,10.074748452243416,-10.074748452243416,,"{""label"": ""ordinary_least_squares""}"
DS01_30,Naloxone,OLS,FS-H_MeanRate_Duration,"tpsa, xlogp, rotatable_bonds, mean_dose_rate_uGy_h, days_in_space",-3.47,-14.530839662340933,11.060839662340932,-11.060839662340932,,"{""label"": ""ordinary_least_squares""}"
DS01_07,Promethazine,OLS,FS-H_MeanRate_Duration,"tpsa, xlogp, rotatable_bonds, mean_dose_rate_uGy_h, days_in_space",-2.8931,4.43921353513295,7.3323135351329505,7.3323135351329505,,"{""label"": ""ordinary_least_squares""}"
DS01_08,Promethazine,OLS,FS-H_MeanRate_Duration,"tpsa, xlogp, rotatable_bonds, mean_dose_rate_uGy_h, days_in_space",-3.5853,5.9279431678606205,9.51324316786062,9.51324316786062,,"{""label"": ""ordinary_least_squares""}"
DS01_10,Promethazine,OLS,FS-H_MeanRate_Duration,"tpsa, xlogp, rotatable_bonds, mean_dose_rate_uGy_h, days_in_space",-3.7938,5.029688753925305,8.823488753925304,8.823488753925304,,"{""label"": ""ordinary_least_squares""}"
DS01_14,Promethazine,OLS,FS-H_MeanRate_Duration,"tpsa, xlogp, rotatable_bonds, mean_dose_rate_uGy_h, days_in_space",-2.6185,5.4134112409336055,8.031911240933606,8.031911240933606,,"{""label"": ""ordinary_least_squares""}"
DS01_22,Promethazine,OLS,FS-H_MeanRate_Duration,"tpsa, xlogp, rotatable_bonds, mean_dose_rate_uGy_h, days_in_space",-3.1686,5.053439391054894,8.222039391054894,8.222039391054894,,"{""label"": ""ordinary_least_squares""}"
DS01_23,Promethazine,OLS,FS-H_MeanRate_Duration,"tpsa, xlogp, rotatable_bonds, mean_dose_rate_uGy_h, days_in_space",-3.668,5.053439391054894,8.721439391054894,8.721439391054894,,"{""label"": ""ordinary_least_squares""}"
DS01_31,Promethazine,OLS,FS-H_MeanRate_Duration,"tpsa, xlogp, rotatable_bonds, mean_dose_rate_uGy_h, days_in_space",-4.1719,4.096811523833372,8.268711523833371,8.268711523833371,,"{""label"": ""ordinary_least_squares""}"
DS01_32,Promethazine,OLS,FS-H_MeanRate_Duration,"tpsa, xlogp, rotatable_bonds, mean_dose_rate_uGy_h, days_in_space",-4.1992,5.426617186222055,9.625817186222054,9.625817186222054,,"{""label"": ""ordinary_least_squares""}"
DS01_01,Caffeine,Ridge,FS-H_MeanRate_Duration,"tpsa, xlogp, rotatable_bonds, mean_dose_rate_uGy_h, days_in_space",-5.2217,-9.373562690831045,4.151862690831045,-4.151862690831045,,"{""alpha"": 10.0}"
DS01_09,Caffeine,Ridge,FS-H_MeanRate_Duration,"tpsa, xlogp, rotatable_bonds, mean_dose_rate_uGy_h, days_in_space",-6.4128,-7.864013472559355,1.4512134725593553,-1.4512134725593553,,"{""alpha"": 10.0}"
DS01_15,Caffeine,Ridge,FS-H_MeanRate_Duration,"tpsa, xlogp, rotatable_bonds, mean_dose_rate_uGy_h, days_in_space",-6.1704,-7.017583156241441,0.8471831562414414,-0.8471831562414414,,"{""alpha"": 10.0}"
DS01_24,Caffeine,Ridge,FS-H_MeanRate_Duration,"tpsa, xlogp, rotatable_bonds, mean_dose_rate_uGy_h, days_in_space",-6.5923,-9.367197691824478,2.774897691824478,-2.774897691824478,,"{""alpha"": 10.0}"
DS01_16,Diazepam,Ridge,FS-H_MeanRate_Duration,"tpsa, xlogp, rotatable_bonds, mean_dose_rate_uGy_h, days_in_space",-0.4246,-2.9923987461828907,2.567798746182891,-2.567798746182891,,"{""alpha"": 10.0}"
DS01_25,Diazepam,Ridge,FS-H_MeanRate_Duration,"tpsa, xlogp, rotatable_bonds, mean_dose_rate_uGy_h, days_in_space",-1.7112,-3.61665843794204,1.90545843794204,-1.90545843794204,,"{""alpha"": 10.0}"
DS01_02,Diphenhydramine,Ridge,FS-H_MeanRate_Duration,"tpsa, xlogp, rotatable_bonds, mean_dose_rate_uGy_h, days_in_space",-1.4463,-2.876341127290451,1.4300411272904512,-1.4300411272904512,,"{""alpha"": 10.0}"
DS01_03,Diphenhydramine,Ridge,FS-H_MeanRate_Duration,"tpsa, xlogp, rotatable_bonds, mean_dose_rate_uGy_h, days_in_space",7.2511,-2.876341127290451,10.127441127290451,-10.127441127290451,,"{""alpha"": 10.0}"
DS01_12,Diphenhydramine,Ridge,FS-H_MeanRate_Duration,"tpsa, xlogp, rotatable_bonds, mean_dose_rate_uGy_h, days_in_space",8.2707,-2.810271543837043,11.080971543837043,-11.080971543837043,,"{""alpha"": 10.0}"
DS01_17,Diphenhydramine,Ridge,FS-H_MeanRate_Duration,"tpsa, xlogp, rotatable_bonds, mean_dose_rate_uGy_h, days_in_space",-1.1555,-2.8821763662781414,1.7266763662781415,-1.7266763662781415,,"{""alpha"": 10.0}"
DS01_18,Diphenhydramine,Ridge,FS-H_MeanRate_Duration,"tpsa, xlogp, rotatable_bonds, mean_dose_rate_uGy_h, days_in_space",8.2789,-2.8821763662781414,11.161076366278142,-11.161076366278142,,"{""alpha"": 10.0}"
DS01_26,Diphenhydramine,Ridge,FS-H_MeanRate_Duration,"tpsa, xlogp, rotatable_bonds, mean_dose_rate_uGy_h, days_in_space",-0.8448,-2.7978572371059993,1.9530572371059993,-1.9530572371059993,,"{""alpha"": 10.0}"
DS01_27,Diphenhydramine,Ridge,FS-H_MeanRate_Duration,"tpsa, xlogp, rotatable_bonds, mean_dose_rate_uGy_h, days_in_space",6.2433,-2.7978572371059993,9.041157237105999,-9.041157237105999,,"{""alpha"": 10.0}"
DS01_04,Epinephrine,Ridge,FS-H_MeanRate_Duration,"tpsa, xlogp, rotatable_bonds, mean_dose_rate_uGy_h, days_in_space",-12.2931,-4.28276502983507,8.01033497016493,8.01033497016493,,"{""alpha"": 10.0}"
DS01_11,Epinephrine,Ridge,FS-H_MeanRate_Duration,"tpsa, xlogp, rotatable_bonds, mean_dose_rate_uGy_h, days_in_space",-11.1498,-3.405430905202005,7.744369094797996,7.744369094797996,,"{""alpha"": 10.0}"
DS01_19,Ketamine,Ridge,FS-H_MeanRate_Duration,"tpsa, xlogp, rotatable_bonds, mean_dose_rate_uGy_h, days_in_space",-1.845,-2.350860654543118,0.5058606545431179,-0.5058606545431179,,"{""alpha"": 10.0}"
DS01_28,Ketamine,Ridge,FS-H_MeanRate_Duration,"tpsa, xlogp, rotatable_bonds, mean_dose_rate_uGy_h, days_in_space",-2.9666,-2.477190403042825,0.489409596957175,0.489409596957175,,"{""alpha"": 10.0}"
DS01_05,Lidocaine,Ridge,FS-H_MeanRate_Duration,"tpsa, xlogp, rotatable_bonds, mean_dose_rate_uGy_h, days_in_space",-3.4518,-0.9850580212094371,2.466741978790563,2.466741978790563,,"{""alpha"": 10.0}"
DS01_13,Lidocaine,Ridge,FS-H_MeanRate_Duration,"tpsa, xlogp, rotatable_bonds, mean_dose_rate_uGy_h, days_in_space",-2.8226,-0.43315921340426966,2.3894407865957303,2.3894407865957303,,"{""alpha"": 10.0}"
DS01_20,Lidocaine,Ridge,FS-H_MeanRate_Duration,"tpsa, xlogp, rotatable_bonds, mean_dose_rate_uGy_h, days_in_space",-3.1665,-0.7449668217259056,2.4215331782740943,2.4215331782740943,,"{""alpha"": 10.0}"
DS01_29,Lidocaine,Ridge,FS-H_MeanRate_Duration,"tpsa, xlogp, rotatable_bonds, mean_dose_rate_uGy_h, days_in_space",-2.8542,-0.9480098691537298,1.9061901308462703,1.9061901308462703,,"{""alpha"": 10.0}"
DS01_06,Naloxone,Ridge,FS-H_MeanRate_Duration,"tpsa, xlogp, rotatable_bonds, mean_dose_rate_uGy_h, days_in_space",-3.4232,-13.980851565579513,10.557651565579514,-10.557651565579514,,"{""alpha"": 0.1}"
DS01_21,Naloxone,Ridge,FS-H_MeanRate_Duration,"tpsa, xlogp, rotatable_bonds, mean_dose_rate_uGy_h, days_in_space",-3.4447,-13.337890033872375,9.893190033872376,-9.893190033872376,,"{""alpha"": 0.1}"
DS01_30,Naloxone,Ridge,FS-H_MeanRate_Duration,"tpsa, xlogp, rotatable_bonds, mean_dose_rate_uGy_h, days_in_space",-3.47,-14.327384427038423,10.857384427038422,-10.857384427038422,,"{""alpha"": 0.1}"
DS01_07,Promethazine,Ridge,FS-H_MeanRate_Duration,"tpsa, xlogp, rotatable_bonds, mean_dose_rate_uGy_h, days_in_space",-2.8931,1.9144587097360737,4.807558709736074,4.807558709736074,,"{""alpha"": 10.0}"
DS01_08,Promethazine,Ridge,FS-H_MeanRate_Duration,"tpsa, xlogp, rotatable_bonds, mean_dose_rate_uGy_h, days_in_space",-3.5853,2.340004638601816,5.9253046386018156,5.9253046386018156,,"{""alpha"": 10.0}"
DS01_10,Promethazine,Ridge,FS-H_MeanRate_Duration,"tpsa, xlogp, rotatable_bonds, mean_dose_rate_uGy_h, days_in_space",-3.7938,2.2362446968707093,6.030044696870709,6.030044696870709,,"{""alpha"": 10.0}"
DS01_14,Promethazine,Ridge,FS-H_MeanRate_Duration,"tpsa, xlogp, rotatable_bonds, mean_dose_rate_uGy_h, days_in_space",-2.6185,2.5104412824213242,5.128941282421325,5.128941282421325,,"{""alpha"": 10.0}"
DS01_22,Promethazine,Ridge,FS-H_MeanRate_Duration,"tpsa, xlogp, rotatable_bonds, mean_dose_rate_uGy_h, days_in_space",-3.1686,2.2527071628904527,5.421307162890453,5.421307162890453,,"{""alpha"": 10.0}"
DS01_23,Promethazine,Ridge,FS-H_MeanRate_Duration,"tpsa, xlogp, rotatable_bonds, mean_dose_rate_uGy_h, days_in_space",-3.668,2.2527071628904527,5.920707162890453,5.920707162890453,,"{""alpha"": 10.0}"
DS01_31,Promethazine,Ridge,FS-H_MeanRate_Duration,"tpsa, xlogp, rotatable_bonds, mean_dose_rate_uGy_h, days_in_space",-4.1719,1.7853281614603387,5.957228161460339,5.957228161460339,,"{""alpha"": 10.0}"
DS01_32,Promethazine,Ridge,FS-H_MeanRate_Duration,"tpsa, xlogp, rotatable_bonds, mean_dose_rate_uGy_h, days_in_space",-4.1992,2.112848754138368,6.3120487541383685,6.3120487541383685,,"{""alpha"": 10.0}"
DS01_01,Caffeine,ElasticNet,FS-H_MeanRate_Duration,"tpsa, xlogp, rotatable_bonds, mean_dose_rate_uGy_h, days_in_space",-5.2217,-10.058195549935387,4.836495549935387,-4.836495549935387,,"{""alpha"": 0.2, ""l1_ratio"": 0.2}"
DS01_09,Caffeine,ElasticNet,FS-H_MeanRate_Duration,"tpsa, xlogp, rotatable_bonds, mean_dose_rate_uGy_h, days_in_space",-6.4128,-8.260323199285958,1.8475231992859582,-1.8475231992859582,,"{""alpha"": 0.2, ""l1_ratio"": 0.2}"
DS01_15,Caffeine,ElasticNet,FS-H_MeanRate_Duration,"tpsa, xlogp, rotatable_bonds, mean_dose_rate_uGy_h, days_in_space",-6.1704,-7.269655735305352,1.099255735305352,-1.099255735305352,,"{""alpha"": 0.2, ""l1_ratio"": 0.2}"
DS01_24,Caffeine,ElasticNet,FS-H_MeanRate_Duration,"tpsa, xlogp, rotatable_bonds, mean_dose_rate_uGy_h, days_in_space",-6.5923,-10.036040338974852,3.4437403389748518,-3.4437403389748518,,"{""alpha"": 0.2, ""l1_ratio"": 0.2}"
DS01_16,Diazepam,ElasticNet,FS-H_MeanRate_Duration,"tpsa, xlogp, rotatable_bonds, mean_dose_rate_uGy_h, days_in_space",-0.4246,-2.9446753413698197,2.52007534136982,-2.52007534136982,,"{""alpha"": 0.2, ""l1_ratio"": 0.2}"
DS01_25,Diazepam,ElasticNet,FS-H_MeanRate_Duration,"tpsa, xlogp, rotatable_bonds, mean_dose_rate_uGy_h, days_in_space",-1.7112,-3.376293147527163,1.6650931475271629,-1.6650931475271629,,"{""alpha"": 0.2, ""l1_ratio"": 0.2}"
DS01_02,Diphenhydramine,ElasticNet,FS-H_MeanRate_Duration,"tpsa, xlogp, rotatable_bonds, mean_dose_rate_uGy_h, days_in_space",-1.4463,-2.8954108029207637,1.4491108029207638,-1.4491108029207638,,"{""alpha"": 0.2, ""l1_ratio"": 0.2}"
DS01_03,Diphenhydramine,ElasticNet,FS-H_MeanRate_Duration,"tpsa, xlogp, rotatable_bonds, mean_dose_rate_uGy_h, days_in_space",7.2511,-2.8954108029207637,10.146510802920764,-10.146510802920764,,"{""alpha"": 0.2, ""l1_ratio"": 0.2}"
DS01_12,Diphenhydramine,ElasticNet,FS-H_MeanRate_Duration,"tpsa, xlogp, rotatable_bonds, mean_dose_rate_uGy_h, days_in_space",8.2707,-2.7887859574782334,11.059485957478234,-11.059485957478234,,"{""alpha"": 0.2, ""l1_ratio"": 0.2}"
DS01_17,Diphenhydramine,ElasticNet,FS-H_MeanRate_Duration,"tpsa, xlogp, rotatable_bonds, mean_dose_rate_uGy_h, days_in_space",-1.1555,-2.8837082977276083,1.7282082977276083,-1.7282082977276083,,"{""alpha"": 0.2, ""l1_ratio"": 0.2}"
DS01_18,Diphenhydramine,ElasticNet,FS-H_MeanRate_Duration,"tpsa, xlogp, rotatable_bonds, mean_dose_rate_uGy_h, days_in_space",8.2789,-2.8837082977276083,11.162608297727608,-11.162608297727608,,"{""alpha"": 0.2, ""l1_ratio"": 0.2}"
DS01_26,Diphenhydramine,ElasticNet,FS-H_MeanRate_Duration,"tpsa, xlogp, rotatable_bonds, mean_dose_rate_uGy_h, days_in_space",-0.8448,-2.8139798223656083,1.9691798223656083,-1.9691798223656083,,"{""alpha"": 0.2, ""l1_ratio"": 0.2}"
DS01_27,Diphenhydramine,ElasticNet,FS-H_MeanRate_Duration,"tpsa, xlogp, rotatable_bonds, mean_dose_rate_uGy_h, days_in_space",6.2433,-2.8139798223656083,9.057279822365608,-9.057279822365608,,"{""alpha"": 0.2, ""l1_ratio"": 0.2}"
DS01_04,Epinephrine,ElasticNet,FS-H_MeanRate_Duration,"tpsa, xlogp, rotatable_bonds, mean_dose_rate_uGy_h, days_in_space",-12.2931,-4.286203804965865,8.006896195034136,8.006896195034136,,"{""alpha"": 0.2, ""l1_ratio"": 0.2}"
DS01_11,Epinephrine,ElasticNet,FS-H_MeanRate_Duration,"tpsa, xlogp, rotatable_bonds, mean_dose_rate_uGy_h, days_in_space",-11.1498,-3.3542549365224437,7.795545063477557,7.795545063477557,,"{""alpha"": 0.2, ""l1_ratio"": 0.2}"
DS01_19,Ketamine,ElasticNet,FS-H_MeanRate_Duration,"tpsa, xlogp, rotatable_bonds, mean_dose_rate_uGy_h, days_in_space",-1.845,-2.0753871739737355,0.23038717397373554,-0.23038717397373554,,"{""alpha"": 0.2, ""l1_ratio"": 0.2}"
DS01_28,Ketamine,ElasticNet,FS-H_MeanRate_Duration,"tpsa, xlogp, rotatable_bonds, mean_dose_rate_uGy_h, days_in_space",-2.9666,-2.2300503358701627,0.7365496641298375,0.7365496641298375,,"{""alpha"": 0.2, ""l1_ratio"": 0.2}"
DS01_05,Lidocaine,ElasticNet,FS-H_MeanRate_Duration,"tpsa, xlogp, rotatable_bonds, mean_dose_rate_uGy_h, days_in_space",-3.4518,-0.8776884571590415,2.5741115428409582,2.5741115428409582,,"{""alpha"": 0.2, ""l1_ratio"": 0.2}"
DS01_13,Lidocaine,ElasticNet,FS-H_MeanRate_Duration,"tpsa, xlogp, rotatable_bonds, mean_dose_rate_uGy_h, days_in_space",-2.8226,-0.2642630728789439,2.558336927121056,2.558336927121056,,"{""alpha"": 0.2, ""l1_ratio"": 0.2}"
DS01_20,Lidocaine,ElasticNet,FS-H_MeanRate_Duration,"tpsa, xlogp, rotatable_bonds, mean_dose_rate_uGy_h, days_in_space",-3.1665,-0.6041642118021944,2.5623357881978057,2.5623357881978057,,"{""alpha"": 0.2, ""l1_ratio"": 0.2}"
DS01_29,Lidocaine,ElasticNet,FS-H_MeanRate_Duration,"tpsa, xlogp, rotatable_bonds, mean_dose_rate_uGy_h, days_in_space",-2.8542,-0.8507883824556666,2.0034116175443337,2.0034116175443337,,"{""alpha"": 0.2, ""l1_ratio"": 0.2}"
DS01_06,Naloxone,ElasticNet,FS-H_MeanRate_Duration,"tpsa, xlogp, rotatable_bonds, mean_dose_rate_uGy_h, days_in_space",-3.4232,-13.041192130224218,9.617992130224218,-9.617992130224218,,"{""alpha"": 0.05, ""l1_ratio"": 0.8}"
DS01_21,Naloxone,ElasticNet,FS-H_MeanRate_Duration,"tpsa, xlogp, rotatable_bonds, mean_dose_rate_uGy_h, days_in_space",-3.4447,-12.486898824975121,9.04219882497512,-9.04219882497512,,"{""alpha"": 0.05, ""l1_ratio"": 0.8}"
DS01_30,Naloxone,ElasticNet,FS-H_MeanRate_Duration,"tpsa, xlogp, rotatable_bonds, mean_dose_rate_uGy_h, days_in_space",-3.47,-13.311328033785866,9.841328033785866,-9.841328033785866,,"{""alpha"": 0.05, ""l1_ratio"": 0.8}"
DS01_07,Promethazine,ElasticNet,FS-H_MeanRate_Duration,"tpsa, xlogp, rotatable_bonds, mean_dose_rate_uGy_h, days_in_space",-2.8931,2.883610425346745,5.776710425346745,5.776710425346745,,"{""alpha"": 0.2, ""l1_ratio"": 0.2}"
DS01_08,Promethazine,ElasticNet,FS-H_MeanRate_Duration,"tpsa, xlogp, rotatable_bonds, mean_dose_rate_uGy_h, days_in_space",-3.5853,3.5617099339884937,7.147009933988494,7.147009933988494,,"{""alpha"": 0.2, ""l1_ratio"": 0.2}"
DS01_10,Promethazine,ElasticNet,FS-H_MeanRate_Duration,"tpsa, xlogp, rotatable_bonds, mean_dose_rate_uGy_h, days_in_space",-3.7938,3.3152644081728853,7.109064408172886,7.109064408172886,,"{""alpha"": 0.2, ""l1_ratio"": 0.2}"
DS01_14,Promethazine,ElasticNet,FS-H_MeanRate_Duration,"tpsa, xlogp, rotatable_bonds, mean_dose_rate_uGy_h, days_in_space",-2.6185,3.664984214848132,6.283484214848132,6.283484214848132,,"{""alpha"": 0.2, ""l1_ratio"": 0.2}"
DS01_22,Promethazine,ElasticNet,FS-H_MeanRate_Duration,"tpsa, xlogp, rotatable_bonds, mean_dose_rate_uGy_h, days_in_space",-3.1686,3.336369146942826,6.504969146942826,6.504969146942826,,"{""alpha"": 0.2, ""l1_ratio"": 0.2}"
DS01_23,Promethazine,ElasticNet,FS-H_MeanRate_Duration,"tpsa, xlogp, rotatable_bonds, mean_dose_rate_uGy_h, days_in_space",-3.668,3.336369146942826,7.004369146942826,7.004369146942826,,"{""alpha"": 0.2, ""l1_ratio"": 0.2}"
DS01_31,Promethazine,ElasticNet,FS-H_MeanRate_Duration,"tpsa, xlogp, rotatable_bonds, mean_dose_rate_uGy_h, days_in_space",-4.1719,2.6944124181379974,6.866312418137998,6.866312418137998,,"{""alpha"": 0.2, ""l1_ratio"": 0.2}"
DS01_32,Promethazine,ElasticNet,FS-H_MeanRate_Duration,"tpsa, xlogp, rotatable_bonds, mean_dose_rate_uGy_h, days_in_space",-4.1992,3.2441923749014765,7.443392374901476,7.443392374901476,,"{""alpha"": 0.2, ""l1_ratio"": 0.2}"
DS01_01,Caffeine,PLS,FS-H_MeanRate_Duration,"tpsa, xlogp, rotatable_bonds, mean_dose_rate_uGy_h, days_in_space",-5.2217,-9.352003863167011,4.130303863167011,-4.130303863167011,,"{""n_components"": 1}"
DS01_09,Caffeine,PLS,FS-H_MeanRate_Duration,"tpsa, xlogp, rotatable_bonds, mean_dose_rate_uGy_h, days_in_space",-6.4128,-8.939226369062382,2.5264263690623823,-2.5264263690623823,,"{""n_components"": 1}"
DS01_15,Caffeine,PLS,FS-H_MeanRate_Duration,"tpsa, xlogp, rotatable_bonds, mean_dose_rate_uGy_h, days_in_space",-6.1704,-8.537843556430131,2.367443556430131,-2.367443556430131,,"{""n_components"": 1}"
DS01_24,Caffeine,PLS,FS-H_MeanRate_Duration,"tpsa, xlogp, rotatable_bonds, mean_dose_rate_uGy_h, days_in_space",-6.5923,-9.492350452152118,2.9000504521521187,-2.9000504521521187,,"{""n_components"": 1}"
DS01_16,Diazepam,PLS,FS-H_MeanRate_Duration,"tpsa, xlogp, rotatable_bonds, mean_dose_rate_uGy_h, days_in_space",-0.4246,-3.3625982230303384,2.9379982230303385,-2.9379982230303385,,"{""n_components"": 1}"
DS01_25,Diazepam,PLS,FS-H_MeanRate_Duration,"tpsa, xlogp, rotatable_bonds, mean_dose_rate_uGy_h, days_in_space",-1.7112,-3.346741499394354,1.635541499394354,-1.635541499394354,,"{""n_components"": 1}"
DS01_02,Diphenhydramine,PLS,FS-H_MeanRate_Duration,"tpsa, xlogp, rotatable_bonds, mean_dose_rate_uGy_h, days_in_space",-1.4463,-1.5887540944013585,0.1424540944013586,-0.1424540944013586,,"{""n_components"": 1}"
DS01_03,Diphenhydramine,PLS,FS-H_MeanRate_Duration,"tpsa, xlogp, rotatable_bonds, mean_dose_rate_uGy_h, days_in_space",7.2511,-1.5887540944013585,8.839854094401359,-8.839854094401359,,"{""n_components"": 1}"
DS01_12,Diphenhydramine,PLS,FS-H_MeanRate_Duration,"tpsa, xlogp, rotatable_bonds, mean_dose_rate_uGy_h, days_in_space",8.2707,-1.6641420926370545,9.934842092637055,-9.934842092637055,,"{""n_components"": 1}"
DS01_17,Diphenhydramine,PLS,FS-H_MeanRate_Duration,"tpsa, xlogp, rotatable_bonds, mean_dose_rate_uGy_h, days_in_space",-1.1555,-1.649624682470051,0.4941246824700509,-0.4941246824700509,,"{""n_components"": 1}"
DS01_18,Diphenhydramine,PLS,FS-H_MeanRate_Duration,"tpsa, xlogp, rotatable_bonds, mean_dose_rate_uGy_h, days_in_space",8.2789,-1.649624682470051,9.928524682470051,-9.928524682470051,,"{""n_components"": 1}"
DS01_26,Diphenhydramine,PLS,FS-H_MeanRate_Duration,"tpsa, xlogp, rotatable_bonds, mean_dose_rate_uGy_h, days_in_space",-0.8448,-1.5336916201757615,0.6888916201757616,-0.6888916201757616,,"{""n_components"": 1}"
DS01_27,Diphenhydramine,PLS,FS-H_MeanRate_Duration,"tpsa, xlogp, rotatable_bonds, mean_dose_rate_uGy_h, days_in_space",6.2433,-1.5336916201757615,7.776991620175761,-7.776991620175761,,"{""n_components"": 1}"
DS01_04,Epinephrine,PLS,FS-H_MeanRate_Duration,"tpsa, xlogp, rotatable_bonds, mean_dose_rate_uGy_h, days_in_space",-12.2931,-6.228241100068881,6.06485889993112,6.06485889993112,,"{""n_components"": 1}"
DS01_11,Epinephrine,PLS,FS-H_MeanRate_Duration,"tpsa, xlogp, rotatable_bonds, mean_dose_rate_uGy_h, days_in_space",-11.1498,-5.466218967816062,5.683581032183938,5.683581032183938,,"{""n_components"": 1}"
DS01_19,Ketamine,PLS,FS-H_MeanRate_Duration,"tpsa, xlogp, rotatable_bonds, mean_dose_rate_uGy_h, days_in_space",-1.845,-2.8493418126039813,1.0043418126039814,-1.0043418126039814,,"{""n_components"": 1}"
DS01_28,Ketamine,PLS,FS-H_MeanRate_Duration,"tpsa, xlogp, rotatable_bonds, mean_dose_rate_uGy_h, days_in_space",-2.9666,-2.9344696453777157,0.03213035462228442,0.03213035462228442,,"{""n_components"": 1}"
DS01_05,Lidocaine,PLS,FS-H_MeanRate_Duration,"tpsa, xlogp, rotatable_bonds, mean_dose_rate_uGy_h, days_in_space",-3.4518,-0.8453946887498249,2.606405311250175,2.606405311250175,,"{""n_components"": 1}"
DS01_13,Lidocaine,PLS,FS-H_MeanRate_Duration,"tpsa, xlogp, rotatable_bonds, mean_dose_rate_uGy_h, days_in_space",-2.8226,-0.5118975295020423,2.310702470497958,2.310702470497958,,"{""n_components"": 1}"
DS01_20,Lidocaine,PLS,FS-H_MeanRate_Duration,"tpsa, xlogp, rotatable_bonds, mean_dose_rate_uGy_h, days_in_space",-3.1665,-0.7025486118298114,2.4639513881701887,2.4639513881701887,,"{""n_components"": 1}"
DS01_29,Lidocaine,PLS,FS-H_MeanRate_Duration,"tpsa, xlogp, rotatable_bonds, mean_dose_rate_uGy_h, days_in_space",-2.8542,-0.8182224956925468,2.0359775043074535,2.0359775043074535,,"{""n_components"": 1}"
DS01_06,Naloxone,PLS,FS-H_MeanRate_Duration,"tpsa, xlogp, rotatable_bonds, mean_dose_rate_uGy_h, days_in_space",-3.4232,-7.40095134067721,3.97775134067721,-3.97775134067721,,"{""n_components"": 1}"
DS01_21,Naloxone,PLS,FS-H_MeanRate_Duration,"tpsa, xlogp, rotatable_bonds, mean_dose_rate_uGy_h, days_in_space",-3.4447,-7.298969460561288,3.854269460561288,-3.854269460561288,,"{""n_components"": 1}"
DS01_30,Naloxone,PLS,FS-H_MeanRate_Duration,"tpsa, xlogp, rotatable_bonds, mean_dose_rate_uGy_h, days_in_space",-3.47,-7.274438251169297,3.8044382511692967,-3.8044382511692967,,"{""n_components"": 1}"
DS01_07,Promethazine,PLS,FS-H_MeanRate_Duration,"tpsa, xlogp, rotatable_bonds, mean_dose_rate_uGy_h, days_in_space",-2.8931,1.4771969863624288,4.370296986362429,4.370296986362429,,"{""n_components"": 1}"
DS01_08,Promethazine,PLS,FS-H_MeanRate_Duration,"tpsa, xlogp, rotatable_bonds, mean_dose_rate_uGy_h, days_in_space",-3.5853,1.2330285867625341,4.818328586762535,4.818328586762535,,"{""n_components"": 1}"
DS01_10,Promethazine,PLS,FS-H_MeanRate_Duration,"tpsa, xlogp, rotatable_bonds, mean_dose_rate_uGy_h, days_in_space",-3.7938,1.5910163683889063,5.384816368388906,5.384816368388906,,"{""n_components"": 1}"
DS01_14,Promethazine,PLS,FS-H_MeanRate_Duration,"tpsa, xlogp, rotatable_bonds, mean_dose_rate_uGy_h, days_in_space",-2.6185,1.7545931173303746,4.373093117330375,4.373093117330375,,"{""n_components"": 1}"
DS01_22,Promethazine,PLS,FS-H_MeanRate_Duration,"tpsa, xlogp, rotatable_bonds, mean_dose_rate_uGy_h, days_in_space",-3.1686,1.60044014178637,4.76904014178637,4.76904014178637,,"{""n_components"": 1}"
DS01_23,Promethazine,PLS,FS-H_MeanRate_Duration,"tpsa, xlogp, rotatable_bonds, mean_dose_rate_uGy_h, days_in_space",-3.668,1.60044014178637,5.26844014178637,5.26844014178637,,"{""n_components"": 1}"
DS01_31,Promethazine,PLS,FS-H_MeanRate_Duration,"tpsa, xlogp, rotatable_bonds, mean_dose_rate_uGy_h, days_in_space",-4.1719,1.490318298302725,5.662218298302725,5.662218298302725,,"{""n_components"": 1}"
DS01_32,Promethazine,PLS,FS-H_MeanRate_Duration,"tpsa, xlogp, rotatable_bonds, mean_dose_rate_uGy_h, days_in_space",-4.1992,1.1997947798514428,5.398994779851443,5.398994779851443,,"{""n_components"": 1}"
DS01_01,Caffeine,RandomForest,FS-H_MeanRate_Duration,"tpsa, xlogp, rotatable_bonds, mean_dose_rate_uGy_h, days_in_space",-5.2217,-3.8974123682650252,1.324287631734975,1.324287631734975,,"{""max_depth"": 1, ""max_features"": ""sqrt"", ""min_samples_leaf"": 5, ""n_estimators"": 50}"
DS01_09,Caffeine,RandomForest,FS-H_MeanRate_Duration,"tpsa, xlogp, rotatable_bonds, mean_dose_rate_uGy_h, days_in_space",-6.4128,-3.8264937106298498,2.58630628937015,2.58630628937015,,"{""max_depth"": 1, ""max_features"": ""sqrt"", ""min_samples_leaf"": 5, ""n_estimators"": 50}"
DS01_15,Caffeine,RandomForest,FS-H_MeanRate_Duration,"tpsa, xlogp, rotatable_bonds, mean_dose_rate_uGy_h, days_in_space",-6.1704,-3.79939511062985,2.37100488937015,2.37100488937015,,"{""max_depth"": 1, ""max_features"": ""sqrt"", ""min_samples_leaf"": 5, ""n_estimators"": 50}"
DS01_24,Caffeine,RandomForest,FS-H_MeanRate_Duration,"tpsa, xlogp, rotatable_bonds, mean_dose_rate_uGy_h, days_in_space",-6.5923,-3.924510968265025,2.6677890317349746,2.6677890317349746,,"{""max_depth"": 1, ""max_features"": ""sqrt"", ""min_samples_leaf"": 5, ""n_estimators"": 50}"
DS01_16,Diazepam,RandomForest,FS-H_MeanRate_Duration,"tpsa, xlogp, rotatable_bonds, mean_dose_rate_uGy_h, days_in_space",-0.4246,-3.171302440828332,2.746702440828332,-2.746702440828332,,"{""max_depth"": 2, ""max_features"": ""sqrt"", ""min_samples_leaf"": 5, ""n_estimators"": 50}"
DS01_25,Diazepam,RandomForest,FS-H_MeanRate_Duration,"tpsa, xlogp, rotatable_bonds, mean_dose_rate_uGy_h, days_in_space",-1.7112,-2.9439103924933328,1.2327103924933327,-1.2327103924933327,,"{""max_depth"": 2, ""max_features"": ""sqrt"", ""min_samples_leaf"": 5, ""n_estimators"": 50}"
DS01_02,Diphenhydramine,RandomForest,FS-H_MeanRate_Duration,"tpsa, xlogp, rotatable_bonds, mean_dose_rate_uGy_h, days_in_space",-1.4463,-3.5196593826805724,2.0733593826805725,-2.0733593826805725,,"{""max_depth"": 2, ""max_features"": ""sqrt"", ""min_samples_leaf"": 5, ""n_estimators"": 50}"
DS01_03,Diphenhydramine,RandomForest,FS-H_MeanRate_Duration,"tpsa, xlogp, rotatable_bonds, mean_dose_rate_uGy_h, days_in_space",7.2511,-3.5196593826805724,10.770759382680573,-10.770759382680573,,"{""max_depth"": 2, ""max_features"": ""sqrt"", ""min_samples_leaf"": 5, ""n_estimators"": 50}"
DS01_12,Diphenhydramine,RandomForest,FS-H_MeanRate_Duration,"tpsa, xlogp, rotatable_bonds, mean_dose_rate_uGy_h, days_in_space",8.2707,-3.1896813278882887,11.460381327888289,-11.460381327888289,,"{""max_depth"": 2, ""max_features"": ""sqrt"", ""min_samples_leaf"": 5, ""n_estimators"": 50}"
DS01_17,Diphenhydramine,RandomForest,FS-H_MeanRate_Duration,"tpsa, xlogp, rotatable_bonds, mean_dose_rate_uGy_h, days_in_space",-1.1555,-3.1364256524496925,1.9809256524496925,-1.9809256524496925,,"{""max_depth"": 2, ""max_features"": ""sqrt"", ""min_samples_leaf"": 5, ""n_estimators"": 50}"
DS01_18,Diphenhydramine,RandomForest,FS-H_MeanRate_Duration,"tpsa, xlogp, rotatable_bonds, mean_dose_rate_uGy_h, days_in_space",8.2789,-3.1364256524496925,11.415325652449692,-11.415325652449692,,"{""max_depth"": 2, ""max_features"": ""sqrt"", ""min_samples_leaf"": 5, ""n_estimators"": 50}"
DS01_26,Diphenhydramine,RandomForest,FS-H_MeanRate_Duration,"tpsa, xlogp, rotatable_bonds, mean_dose_rate_uGy_h, days_in_space",-0.8448,-3.366149995451136,2.5213499954511356,-2.5213499954511356,,"{""max_depth"": 2, ""max_features"": ""sqrt"", ""min_samples_leaf"": 5, ""n_estimators"": 50}"
DS01_27,Diphenhydramine,RandomForest,FS-H_MeanRate_Duration,"tpsa, xlogp, rotatable_bonds, mean_dose_rate_uGy_h, days_in_space",6.2433,-3.366149995451136,9.609449995451136,-9.609449995451136,,"{""max_depth"": 2, ""max_features"": ""sqrt"", ""min_samples_leaf"": 5, ""n_estimators"": 50}"
DS01_04,Epinephrine,RandomForest,FS-H_MeanRate_Duration,"tpsa, xlogp, rotatable_bonds, mean_dose_rate_uGy_h, days_in_space",-12.2931,-3.4960964311013614,8.797003568898639,8.797003568898639,,"{""max_depth"": 1, ""max_features"": ""sqrt"", ""min_samples_leaf"": 5, ""n_estimators"": 50}"
DS01_11,Epinephrine,RandomForest,FS-H_MeanRate_Duration,"tpsa, xlogp, rotatable_bonds, mean_dose_rate_uGy_h, days_in_space",-11.1498,-3.5233355853542974,7.626464414645703,7.626464414645703,,"{""max_depth"": 1, ""max_features"": ""sqrt"", ""min_samples_leaf"": 5, ""n_estimators"": 50}"
DS01_19,Ketamine,RandomForest,FS-H_MeanRate_Duration,"tpsa, xlogp, rotatable_bonds, mean_dose_rate_uGy_h, days_in_space",-1.845,-3.3736205368570102,1.5286205368570103,-1.5286205368570103,,"{""max_depth"": 1, ""max_features"": ""sqrt"", ""min_samples_leaf"": 5, ""n_estimators"": 50}"
DS01_28,Ketamine,RandomForest,FS-H_MeanRate_Duration,"tpsa, xlogp, rotatable_bonds, mean_dose_rate_uGy_h, days_in_space",-2.9666,-3.3107433133057085,0.34414331330570835,-0.34414331330570835,,"{""max_depth"": 1, ""max_features"": ""sqrt"", ""min_samples_leaf"": 5, ""n_estimators"": 50}"
DS01_05,Lidocaine,RandomForest,FS-H_MeanRate_Duration,"tpsa, xlogp, rotatable_bonds, mean_dose_rate_uGy_h, days_in_space",-3.4518,-2.5929928989538245,0.8588071010461755,0.8588071010461755,,"{""max_depth"": 2, ""max_features"": ""sqrt"", ""min_samples_leaf"": 5, ""n_estimators"": 50}"
DS01_13,Lidocaine,RandomForest,FS-H_MeanRate_Duration,"tpsa, xlogp, rotatable_bonds, mean_dose_rate_uGy_h, days_in_space",-2.8226,-2.3526958520095405,0.46990414799045954,0.46990414799045954,,"{""max_depth"": 2, ""max_features"": ""sqrt"", ""min_samples_leaf"": 5, ""n_estimators"": 50}"
DS01_20,Lidocaine,RandomForest,FS-H_MeanRate_Duration,"tpsa, xlogp, rotatable_bonds, mean_dose_rate_uGy_h, days_in_space",-3.1665,-2.32494029156998,0.8415597084300201,0.8415597084300201,,"{""max_depth"": 2, ""max_features"": ""sqrt"", ""min_samples_leaf"": 5, ""n_estimators"": 50}"
DS01_29,Lidocaine,RandomForest,FS-H_MeanRate_Duration,"tpsa, xlogp, rotatable_bonds, mean_dose_rate_uGy_h, days_in_space",-2.8542,-2.3456491433982682,0.5085508566017318,0.5085508566017318,,"{""max_depth"": 2, ""max_features"": ""sqrt"", ""min_samples_leaf"": 5, ""n_estimators"": 50}"
DS01_06,Naloxone,RandomForest,FS-H_MeanRate_Duration,"tpsa, xlogp, rotatable_bonds, mean_dose_rate_uGy_h, days_in_space",-3.4232,-4.590355986649017,1.1671559866490173,-1.1671559866490173,,"{""max_depth"": 1, ""max_features"": ""sqrt"", ""min_samples_leaf"": 5, ""n_estimators"": 50}"
DS01_21,Naloxone,RandomForest,FS-H_MeanRate_Duration,"tpsa, xlogp, rotatable_bonds, mean_dose_rate_uGy_h, days_in_space",-3.4447,-4.258455019879151,0.8137550198791512,-0.8137550198791512,,"{""max_depth"": 1, ""max_features"": ""sqrt"", ""min_samples_leaf"": 5, ""n_estimators"": 50}"
DS01_30,Naloxone,RandomForest,FS-H_MeanRate_Duration,"tpsa, xlogp, rotatable_bonds, mean_dose_rate_uGy_h, days_in_space",-3.47,-4.258003869001958,0.7880038690019577,-0.7880038690019577,,"{""max_depth"": 1, ""max_features"": ""sqrt"", ""min_samples_leaf"": 5, ""n_estimators"": 50}"
DS01_07,Promethazine,RandomForest,FS-H_MeanRate_Duration,"tpsa, xlogp, rotatable_bonds, mean_dose_rate_uGy_h, days_in_space",-2.8931,-1.0241392555444557,1.8689607444555443,1.8689607444555443,,"{""max_depth"": 2, ""max_features"": ""sqrt"", ""min_samples_leaf"": 5, ""n_estimators"": 50}"
DS01_08,Promethazine,RandomForest,FS-H_MeanRate_Duration,"tpsa, xlogp, rotatable_bonds, mean_dose_rate_uGy_h, days_in_space",-3.5853,-1.1424455888777891,2.442854411122211,2.442854411122211,,"{""max_depth"": 2, ""max_features"": ""sqrt"", ""min_samples_leaf"": 5, ""n_estimators"": 50}"
DS01_10,Promethazine,RandomForest,FS-H_MeanRate_Duration,"tpsa, xlogp, rotatable_bonds, mean_dose_rate_uGy_h, days_in_space",-3.7938,-0.9441206102231101,2.84967938977689,2.84967938977689,,"{""max_depth"": 2, ""max_features"": ""sqrt"", ""min_samples_leaf"": 5, ""n_estimators"": 50}"
DS01_14,Promethazine,RandomForest,FS-H_MeanRate_Duration,"tpsa, xlogp, rotatable_bonds, mean_dose_rate_uGy_h, days_in_space",-2.6185,-0.8994430991119989,1.7190569008880012,1.7190569008880012,,"{""max_depth"": 2, ""max_features"": ""sqrt"", ""min_samples_leaf"": 5, ""n_estimators"": 50}"
DS01_22,Promethazine,RandomForest,FS-H_MeanRate_Duration,"tpsa, xlogp, rotatable_bonds, mean_dose_rate_uGy_h, days_in_space",-3.1686,-0.8994430991119989,2.2691569008880013,2.2691569008880013,,"{""max_depth"": 2, ""max_features"": ""sqrt"", ""min_samples_leaf"": 5, ""n_estimators"": 50}"
DS01_23,Promethazine,RandomForest,FS-H_MeanRate_Duration,"tpsa, xlogp, rotatable_bonds, mean_dose_rate_uGy_h, days_in_space",-3.668,-0.8994430991119989,2.7685569008880013,2.7685569008880013,,"{""max_depth"": 2, ""max_features"": ""sqrt"", ""min_samples_leaf"": 5, ""n_estimators"": 50}"
DS01_31,Promethazine,RandomForest,FS-H_MeanRate_Duration,"tpsa, xlogp, rotatable_bonds, mean_dose_rate_uGy_h, days_in_space",-4.1719,-0.849802588877789,3.322097411122211,3.322097411122211,,"{""max_depth"": 2, ""max_features"": ""sqrt"", ""min_samples_leaf"": 5, ""n_estimators"": 50}"
DS01_32,Promethazine,RandomForest,FS-H_MeanRate_Duration,"tpsa, xlogp, rotatable_bonds, mean_dose_rate_uGy_h, days_in_space",-4.1992,-1.1424455888777891,3.056754411122211,3.056754411122211,,"{""max_depth"": 2, ""max_features"": ""sqrt"", ""min_samples_leaf"": 5, ""n_estimators"": 50}"
DS01_01,Caffeine,GradientBoosting,FS-H_MeanRate_Duration,"tpsa, xlogp, rotatable_bonds, mean_dose_rate_uGy_h, days_in_space",-5.2217,-4.011285985889649,1.2104140141103512,1.2104140141103512,,"{""learning_rate"": 0.05, ""max_depth"": 1, ""min_samples_leaf"": 5, ""n_estimators"": 20}"
DS01_09,Caffeine,GradientBoosting,FS-H_MeanRate_Duration,"tpsa, xlogp, rotatable_bonds, mean_dose_rate_uGy_h, days_in_space",-6.4128,-4.011285985889649,2.401514014110351,2.401514014110351,,"{""learning_rate"": 0.05, ""max_depth"": 1, ""min_samples_leaf"": 5, ""n_estimators"": 20}"
DS01_15,Caffeine,GradientBoosting,FS-H_MeanRate_Duration,"tpsa, xlogp, rotatable_bonds, mean_dose_rate_uGy_h, days_in_space",-6.1704,-4.011285985889649,2.159114014110351,2.159114014110351,,"{""learning_rate"": 0.05, ""max_depth"": 1, ""min_samples_leaf"": 5, ""n_estimators"": 20}"
DS01_24,Caffeine,GradientBoosting,FS-H_MeanRate_Duration,"tpsa, xlogp, rotatable_bonds, mean_dose_rate_uGy_h, days_in_space",-6.5923,-4.011285985889649,2.581014014110351,2.581014014110351,,"{""learning_rate"": 0.05, ""max_depth"": 1, ""min_samples_leaf"": 5, ""n_estimators"": 20}"
DS01_16,Diazepam,GradientBoosting,FS-H_MeanRate_Duration,"tpsa, xlogp, rotatable_bonds, mean_dose_rate_uGy_h, days_in_space",-0.4246,-3.416978093886527,2.992378093886527,-2.992378093886527,,"{""learning_rate"": 0.05, ""max_depth"": 1, ""min_samples_leaf"": 5, ""n_estimators"": 20}"
DS01_25,Diazepam,GradientBoosting,FS-H_MeanRate_Duration,"tpsa, xlogp, rotatable_bonds, mean_dose_rate_uGy_h, days_in_space",-1.7112,-3.416978093886527,1.7057780938865268,-1.7057780938865268,,"{""learning_rate"": 0.05, ""max_depth"": 1, ""min_samples_leaf"": 5, ""n_estimators"": 20}"
DS01_02,Diphenhydramine,GradientBoosting,FS-H_MeanRate_Duration,"tpsa, xlogp, rotatable_bonds, mean_dose_rate_uGy_h, days_in_space",-1.4463,-3.2526202384350125,1.8063202384350125,-1.8063202384350125,,"{""learning_rate"": 0.05, ""max_depth"": 1, ""min_samples_leaf"": 5, ""n_estimators"": 40}"
DS01_03,Diphenhydramine,GradientBoosting,FS-H_MeanRate_Duration,"tpsa, xlogp, rotatable_bonds, mean_dose_rate_uGy_h, days_in_space",7.2511,-3.2526202384350125,10.503720238435012,-10.503720238435012,,"{""learning_rate"": 0.05, ""max_depth"": 1, ""min_samples_leaf"": 5, ""n_estimators"": 40}"
DS01_12,Diphenhydramine,GradientBoosting,FS-H_MeanRate_Duration,"tpsa, xlogp, rotatable_bonds, mean_dose_rate_uGy_h, days_in_space",8.2707,-3.2526202384350125,11.523320238435012,-11.523320238435012,,"{""learning_rate"": 0.05, ""max_depth"": 1, ""min_samples_leaf"": 5, ""n_estimators"": 40}"
DS01_17,Diphenhydramine,GradientBoosting,FS-H_MeanRate_Duration,"tpsa, xlogp, rotatable_bonds, mean_dose_rate_uGy_h, days_in_space",-1.1555,-3.2526202384350125,2.0971202384350125,-2.0971202384350125,,"{""learning_rate"": 0.05, ""max_depth"": 1, ""min_samples_leaf"": 5, ""n_estimators"": 40}"
DS01_18,Diphenhydramine,GradientBoosting,FS-H_MeanRate_Duration,"tpsa, xlogp, rotatable_bonds, mean_dose_rate_uGy_h, days_in_space",8.2789,-3.2526202384350125,11.531520238435013,-11.531520238435013,,"{""learning_rate"": 0.05, ""max_depth"": 1, ""min_samples_leaf"": 5, ""n_estimators"": 40}"
DS01_26,Diphenhydramine,GradientBoosting,FS-H_MeanRate_Duration,"tpsa, xlogp, rotatable_bonds, mean_dose_rate_uGy_h, days_in_space",-0.8448,-3.2526202384350125,2.4078202384350123,-2.4078202384350123,,"{""learning_rate"": 0.05, ""max_depth"": 1, ""min_samples_leaf"": 5, ""n_estimators"": 40}"
DS01_27,Diphenhydramine,GradientBoosting,FS-H_MeanRate_Duration,"tpsa, xlogp, rotatable_bonds, mean_dose_rate_uGy_h, days_in_space",6.2433,-3.2526202384350125,9.495920238435012,-9.495920238435012,,"{""learning_rate"": 0.05, ""max_depth"": 1, ""min_samples_leaf"": 5, ""n_estimators"": 40}"
DS01_04,Epinephrine,GradientBoosting,FS-H_MeanRate_Duration,"tpsa, xlogp, rotatable_bonds, mean_dose_rate_uGy_h, days_in_space",-12.2931,-3.595135317251,8.697964682749001,8.697964682749001,,"{""learning_rate"": 0.05, ""max_depth"": 1, ""min_samples_leaf"": 5, ""n_estimators"": 20}"
DS01_11,Epinephrine,GradientBoosting,FS-H_MeanRate_Duration,"tpsa, xlogp, rotatable_bonds, mean_dose_rate_uGy_h, days_in_space",-11.1498,-3.595135317251,7.554664682749001,7.554664682749001,,"{""learning_rate"": 0.05, ""max_depth"": 1, ""min_samples_leaf"": 5, ""n_estimators"": 20}"
DS01_19,Ketamine,GradientBoosting,FS-H_MeanRate_Duration,"tpsa, xlogp, rotatable_bonds, mean_dose_rate_uGy_h, days_in_space",-1.845,-3.33215414555865,1.48715414555865,-1.48715414555865,,"{""learning_rate"": 0.05, ""max_depth"": 1, ""min_samples_leaf"": 5, ""n_estimators"": 20}"
DS01_28,Ketamine,GradientBoosting,FS-H_MeanRate_Duration,"tpsa, xlogp, rotatable_bonds, mean_dose_rate_uGy_h, days_in_space",-2.9666,-3.33215414555865,0.36555414555864996,-0.36555414555864996,,"{""learning_rate"": 0.05, ""max_depth"": 1, ""min_samples_leaf"": 5, ""n_estimators"": 20}"
DS01_05,Lidocaine,GradientBoosting,FS-H_MeanRate_Duration,"tpsa, xlogp, rotatable_bonds, mean_dose_rate_uGy_h, days_in_space",-3.4518,-1.5983764845573432,1.8534235154426568,1.8534235154426568,,"{""learning_rate"": 0.05, ""max_depth"": 1, ""min_samples_leaf"": 5, ""n_estimators"": 20}"
DS01_13,Lidocaine,GradientBoosting,FS-H_MeanRate_Duration,"tpsa, xlogp, rotatable_bonds, mean_dose_rate_uGy_h, days_in_space",-2.8226,-1.5983764845573432,1.2242235154426568,1.2242235154426568,,"{""learning_rate"": 0.05, ""max_depth"": 1, ""min_samples_leaf"": 5, ""n_estimators"": 20}"
DS01_20,Lidocaine,GradientBoosting,FS-H_MeanRate_Duration,"tpsa, xlogp, rotatable_bonds, mean_dose_rate_uGy_h, days_in_space",-3.1665,-1.5983764845573432,1.568123515442657,1.568123515442657,,"{""learning_rate"": 0.05, ""max_depth"": 1, ""min_samples_leaf"": 5, ""n_estimators"": 20}"
DS01_29,Lidocaine,GradientBoosting,FS-H_MeanRate_Duration,"tpsa, xlogp, rotatable_bonds, mean_dose_rate_uGy_h, days_in_space",-2.8542,-1.5983764845573432,1.255823515442657,1.255823515442657,,"{""learning_rate"": 0.05, ""max_depth"": 1, ""min_samples_leaf"": 5, ""n_estimators"": 20}"
DS01_06,Naloxone,GradientBoosting,FS-H_MeanRate_Duration,"tpsa, xlogp, rotatable_bonds, mean_dose_rate_uGy_h, days_in_space",-3.4232,-3.885756297932525,0.46255629793252506,-0.46255629793252506,,"{""learning_rate"": 0.05, ""max_depth"": 1, ""min_samples_leaf"": 5, ""n_estimators"": 20}"
DS01_21,Naloxone,GradientBoosting,FS-H_MeanRate_Duration,"tpsa, xlogp, rotatable_bonds, mean_dose_rate_uGy_h, days_in_space",-3.4447,-3.885756297932525,0.441056297932525,-0.441056297932525,,"{""learning_rate"": 0.05, ""max_depth"": 1, ""min_samples_leaf"": 5, ""n_estimators"": 20}"
DS01_30,Naloxone,GradientBoosting,FS-H_MeanRate_Duration,"tpsa, xlogp, rotatable_bonds, mean_dose_rate_uGy_h, days_in_space",-3.47,-3.885756297932525,0.4157562979325249,-0.4157562979325249,,"{""learning_rate"": 0.05, ""max_depth"": 1, ""min_samples_leaf"": 5, ""n_estimators"": 20}"
DS01_07,Promethazine,GradientBoosting,FS-H_MeanRate_Duration,"tpsa, xlogp, rotatable_bonds, mean_dose_rate_uGy_h, days_in_space",-2.8931,-0.3501834174546304,2.5429165825453697,2.5429165825453697,,"{""learning_rate"": 0.05, ""max_depth"": 1, ""min_samples_leaf"": 5, ""n_estimators"": 40}"
DS01_08,Promethazine,GradientBoosting,FS-H_MeanRate_Duration,"tpsa, xlogp, rotatable_bonds, mean_dose_rate_uGy_h, days_in_space",-3.5853,-0.3501834174546304,3.23511658254537,3.23511658254537,,"{""learning_rate"": 0.05, ""max_depth"": 1, ""min_samples_leaf"": 5, ""n_estimators"": 40}"
DS01_10,Promethazine,GradientBoosting,FS-H_MeanRate_Duration,"tpsa, xlogp, rotatable_bonds, mean_dose_rate_uGy_h, days_in_space",-3.7938,-0.3501834174546304,3.4436165825453697,3.4436165825453697,,"{""learning_rate"": 0.05, ""max_depth"": 1, ""min_samples_leaf"": 5, ""n_estimators"": 40}"
DS01_14,Promethazine,GradientBoosting,FS-H_MeanRate_Duration,"tpsa, xlogp, rotatable_bonds, mean_dose_rate_uGy_h, days_in_space",-2.6185,-0.3501834174546304,2.2683165825453697,2.2683165825453697,,"{""learning_rate"": 0.05, ""max_depth"": 1, ""min_samples_leaf"": 5, ""n_estimators"": 40}"
DS01_22,Promethazine,GradientBoosting,FS-H_MeanRate_Duration,"tpsa, xlogp, rotatable_bonds, mean_dose_rate_uGy_h, days_in_space",-3.1686,-0.3501834174546304,2.8184165825453698,2.8184165825453698,,"{""learning_rate"": 0.05, ""max_depth"": 1, ""min_samples_leaf"": 5, ""n_estimators"": 40}"
DS01_23,Promethazine,GradientBoosting,FS-H_MeanRate_Duration,"tpsa, xlogp, rotatable_bonds, mean_dose_rate_uGy_h, days_in_space",-3.668,-0.3501834174546304,3.31781658254537,3.31781658254537,,"{""learning_rate"": 0.05, ""max_depth"": 1, ""min_samples_leaf"": 5, ""n_estimators"": 40}"
DS01_31,Promethazine,GradientBoosting,FS-H_MeanRate_Duration,"tpsa, xlogp, rotatable_bonds, mean_dose_rate_uGy_h, days_in_space",-4.1719,-0.3501834174546304,3.8217165825453696,3.8217165825453696,,"{""learning_rate"": 0.05, ""max_depth"": 1, ""min_samples_leaf"": 5, ""n_estimators"": 40}"
DS01_32,Promethazine,GradientBoosting,FS-H_MeanRate_Duration,"tpsa, xlogp, rotatable_bonds, mean_dose_rate_uGy_h, days_in_space",-4.1992,-0.3501834174546304,3.84901658254537,3.84901658254537,,"{""learning_rate"": 0.05, ""max_depth"": 1, ""min_samples_leaf"": 5, ""n_estimators"": 40}"
DS01_01,Caffeine,GPR,FS-H_MeanRate_Duration,"tpsa, xlogp, rotatable_bonds, mean_dose_rate_uGy_h, days_in_space",-5.2217,-2.054005581923072,3.167694418076928,3.167694418076928,5.2417454223740165,"{""kernel"": ""Matern"", ""length_scale"": 0.75, ""noise"": 0.3}"
DS01_09,Caffeine,GPR,FS-H_MeanRate_Duration,"tpsa, xlogp, rotatable_bonds, mean_dose_rate_uGy_h, days_in_space",-6.4128,-2.3303579424609886,4.082442057539011,4.082442057539011,5.233232381069453,"{""kernel"": ""Matern"", ""length_scale"": 0.75, ""noise"": 0.3}"
DS01_15,Caffeine,GPR,FS-H_MeanRate_Duration,"tpsa, xlogp, rotatable_bonds, mean_dose_rate_uGy_h, days_in_space",-6.1704,-2.226307485767273,3.944092514232727,3.944092514232727,5.238480401399956,"{""kernel"": ""Matern"", ""length_scale"": 0.75, ""noise"": 0.3}"
DS01_24,Caffeine,GPR,FS-H_MeanRate_Duration,"tpsa, xlogp, rotatable_bonds, mean_dose_rate_uGy_h, days_in_space",-6.5923,-2.0609983723653604,4.531301627634639,4.531301627634639,5.241675217825191,"{""kernel"": ""Matern"", ""length_scale"": 0.75, ""noise"": 0.3}"
DS01_16,Diazepam,GPR,FS-H_MeanRate_Duration,"tpsa, xlogp, rotatable_bonds, mean_dose_rate_uGy_h, days_in_space",-0.4246,-2.6900185473338256,2.2654185473338257,-2.2654185473338257,5.25462487137478,"{""kernel"": ""Matern"", ""length_scale"": 0.75, ""noise"": 0.3}"
DS01_25,Diazepam,GPR,FS-H_MeanRate_Duration,"tpsa, xlogp, rotatable_bonds, mean_dose_rate_uGy_h, days_in_space",-1.7112,-2.5613626882118954,0.8501626882118953,-0.8501626882118953,5.3005201647294,"{""kernel"": ""Matern"", ""length_scale"": 0.75, ""noise"": 0.3}"
DS01_02,Diphenhydramine,GPR,FS-H_MeanRate_Duration,"tpsa, xlogp, rotatable_bonds, mean_dose_rate_uGy_h, days_in_space",-1.4463,-4.034617963565495,2.588317963565495,-2.588317963565495,2.9471134850302825,"{""kernel"": ""Matern"", ""length_scale"": 0.75, ""noise"": 0.3}"
DS01_03,Diphenhydramine,GPR,FS-H_MeanRate_Duration,"tpsa, xlogp, rotatable_bonds, mean_dose_rate_uGy_h, days_in_space",7.2511,-4.034617963565495,11.285717963565496,-11.285717963565496,2.9471134850302825,"{""kernel"": ""Matern"", ""length_scale"": 0.75, ""noise"": 0.3}"
DS01_12,Diphenhydramine,GPR,FS-H_MeanRate_Duration,"tpsa, xlogp, rotatable_bonds, mean_dose_rate_uGy_h, days_in_space",8.2707,-4.008086608818277,12.278786608818276,-12.278786608818276,2.950223991865118,"{""kernel"": ""Matern"", ""length_scale"": 0.75, ""noise"": 0.3}"
DS01_17,Diphenhydramine,GPR,FS-H_MeanRate_Duration,"tpsa, xlogp, rotatable_bonds, mean_dose_rate_uGy_h, days_in_space",-1.1555,-4.012281591539787,2.8567815915397867,-2.8567815915397867,2.948583674530242,"{""kernel"": ""Matern"", ""length_scale"": 0.75, ""noise"": 0.3}"
DS01_18,Diphenhydramine,GPR,FS-H_MeanRate_Duration,"tpsa, xlogp, rotatable_bonds, mean_dose_rate_uGy_h, days_in_space",8.2789,-4.012281591539787,12.291181591539786,-12.291181591539786,2.948583674530242,"{""kernel"": ""Matern"", ""length_scale"": 0.75, ""noise"": 0.3}"
DS01_26,Diphenhydramine,GPR,FS-H_MeanRate_Duration,"tpsa, xlogp, rotatable_bonds, mean_dose_rate_uGy_h, days_in_space",-0.8448,-4.03786375698997,3.19306375698997,-3.19306375698997,2.948240752237946,"{""kernel"": ""Matern"", ""length_scale"": 0.75, ""noise"": 0.3}"
DS01_27,Diphenhydramine,GPR,FS-H_MeanRate_Duration,"tpsa, xlogp, rotatable_bonds, mean_dose_rate_uGy_h, days_in_space",6.2433,-4.03786375698997,10.281163756989969,-10.281163756989969,2.948240752237946,"{""kernel"": ""Matern"", ""length_scale"": 0.75, ""noise"": 0.3}"
DS01_04,Epinephrine,GPR,FS-H_MeanRate_Duration,"tpsa, xlogp, rotatable_bonds, mean_dose_rate_uGy_h, days_in_space",-12.2931,-1.9114983949704987,10.381601605029502,10.381601605029502,4.51251151154214,"{""kernel"": ""RBF"", ""length_scale"": 0.75, ""noise"": 0.3}"
DS01_11,Epinephrine,GPR,FS-H_MeanRate_Duration,"tpsa, xlogp, rotatable_bonds, mean_dose_rate_uGy_h, days_in_space",-11.1498,-1.9911660143121352,9.158633985687866,9.158633985687866,4.511113360371154,"{""kernel"": ""RBF"", ""length_scale"": 0.75, ""noise"": 0.3}"
DS01_19,Ketamine,GPR,FS-H_MeanRate_Duration,"tpsa, xlogp, rotatable_bonds, mean_dose_rate_uGy_h, days_in_space",-1.845,-2.7525368907674133,0.9075368907674133,-0.9075368907674133,5.225522142337646,"{""kernel"": ""Matern"", ""length_scale"": 0.75, ""noise"": 0.3}"
DS01_28,Ketamine,GPR,FS-H_MeanRate_Duration,"tpsa, xlogp, rotatable_bonds, mean_dose_rate_uGy_h, days_in_space",-2.9666,-2.864547405876261,0.10205259412373913,0.10205259412373913,5.243834560324754,"{""kernel"": ""Matern"", ""length_scale"": 0.75, ""noise"": 0.3}"
DS01_05,Lidocaine,GPR,FS-H_MeanRate_Duration,"tpsa, xlogp, rotatable_bonds, mean_dose_rate_uGy_h, days_in_space",-3.4518,-1.247211680160845,2.204588319839155,2.204588319839155,5.337236516583219,"{""kernel"": ""Matern"", ""length_scale"": 0.75, ""noise"": 0.3}"
DS01_13,Lidocaine,GPR,FS-H_MeanRate_Duration,"tpsa, xlogp, rotatable_bonds, mean_dose_rate_uGy_h, days_in_space",-2.8226,-0.3250317223525645,2.4975682776474355,2.4975682776474355,5.376476196710155,"{""kernel"": ""Matern"", ""length_scale"": 0.75, ""noise"": 0.3}"
DS01_20,Lidocaine,GPR,FS-H_MeanRate_Duration,"tpsa, xlogp, rotatable_bonds, mean_dose_rate_uGy_h, days_in_space",-3.1665,-0.80411667370446,2.3623833262955403,2.3623833262955403,5.340725090182105,"{""kernel"": ""Matern"", ""length_scale"": 0.75, ""noise"": 0.3}"
DS01_29,Lidocaine,GPR,FS-H_MeanRate_Duration,"tpsa, xlogp, rotatable_bonds, mean_dose_rate_uGy_h, days_in_space",-2.8542,-1.3623577110266643,1.4918422889733358,1.4918422889733358,5.339247312572563,"{""kernel"": ""Matern"", ""length_scale"": 0.75, ""noise"": 0.3}"
DS01_06,Naloxone,GPR,FS-H_MeanRate_Duration,"tpsa, xlogp, rotatable_bonds, mean_dose_rate_uGy_h, days_in_space",-3.4232,-6.189264903835451,2.7660649038354506,-2.7660649038354506,4.964558213431144,"{""kernel"": ""Matern"", ""length_scale"": 1.5, ""noise"": 0.3}"
DS01_21,Naloxone,GPR,FS-H_MeanRate_Duration,"tpsa, xlogp, rotatable_bonds, mean_dose_rate_uGy_h, days_in_space",-3.4447,-6.137074656609348,2.6923746566093483,-2.6923746566093483,4.9054054283147766,"{""kernel"": ""Matern"", ""length_scale"": 1.5, ""noise"": 0.3}"
DS01_30,Naloxone,GPR,FS-H_MeanRate_Duration,"tpsa, xlogp, rotatable_bonds, mean_dose_rate_uGy_h, days_in_space",-3.47,-5.372518745068563,1.9025187450685626,-1.9025187450685626,5.111043138186742,"{""kernel"": ""Matern"", ""length_scale"": 1.5, ""noise"": 0.3}"
DS01_07,Promethazine,GPR,FS-H_MeanRate_Duration,"tpsa, xlogp, rotatable_bonds, mean_dose_rate_uGy_h, days_in_space",-2.8931,-0.6476451965578356,2.2454548034421644,2.2454548034421644,5.369458744525441,"{""kernel"": ""Matern"", ""length_scale"": 1.5, ""noise"": 0.3}"
DS01_08,Promethazine,GPR,FS-H_MeanRate_Duration,"tpsa, xlogp, rotatable_bonds, mean_dose_rate_uGy_h, days_in_space",-3.5853,-1.4732774953418417,2.1120225046581584,2.1120225046581584,5.7394301569642225,"{""kernel"": ""Matern"", ""length_scale"": 1.5, ""noise"": 0.3}"
DS01_10,Promethazine,GPR,FS-H_MeanRate_Duration,"tpsa, xlogp, rotatable_bonds, mean_dose_rate_uGy_h, days_in_space",-3.7938,-0.019655188797015555,3.7741448112029845,3.7741448112029845,5.340189891638644,"{""kernel"": ""Matern"", ""length_scale"": 1.5, ""noise"": 0.3}"
DS01_14,Promethazine,GPR,FS-H_MeanRate_Duration,"tpsa, xlogp, rotatable_bonds, mean_dose_rate_uGy_h, days_in_space",-2.6185,0.4476843227617211,3.066184322761721,3.066184322761721,5.272975915265463,"{""kernel"": ""Matern"", ""length_scale"": 1.5, ""noise"": 0.3}"
DS01_22,Promethazine,GPR,FS-H_MeanRate_Duration,"tpsa, xlogp, rotatable_bonds, mean_dose_rate_uGy_h, days_in_space",-3.1686,0.025621810604887774,3.194221810604888,3.194221810604888,5.336251201225495,"{""kernel"": ""Matern"", ""length_scale"": 1.5, ""noise"": 0.3}"
DS01_23,Promethazine,GPR,FS-H_MeanRate_Duration,"tpsa, xlogp, rotatable_bonds, mean_dose_rate_uGy_h, days_in_space",-3.668,0.025621810604887774,3.693621810604888,3.693621810604888,5.336251201225495,"{""kernel"": ""Matern"", ""length_scale"": 1.5, ""noise"": 0.3}"
DS01_31,Promethazine,GPR,FS-H_MeanRate_Duration,"tpsa, xlogp, rotatable_bonds, mean_dose_rate_uGy_h, days_in_space",-4.1719,-0.7401950163871032,3.4317049836128968,3.4317049836128968,5.372622144821373,"{""kernel"": ""Matern"", ""length_scale"": 1.5, ""noise"": 0.3}"
DS01_32,Promethazine,GPR,FS-H_MeanRate_Duration,"tpsa, xlogp, rotatable_bonds, mean_dose_rate_uGy_h, days_in_space",-4.1992,-1.5606656246330917,2.6385343753669086,2.6385343753669086,5.7322798869725835,"{""kernel"": ""Matern"", ""length_scale"": 1.5, ""noise"": 0.3}"
